logged_at,season,jornada,partido,fecha,home,away,mercado,ambito,linea,prob,seleccion
2026-09-02T23:29:13,2026-2027,3,toulouse vs lille,2026-09-03,toulouse,lille,1X2,Total,,0.346,2
2026-09-02T23:29:13,2026-2027,3,toulouse vs lille,2026-09-03,toulouse,lille,Goles,Total,2.5,0.3674,UNDER
2026-09-02T23:29:13,2026-2027,3,toulouse vs lille,2026-09-03,toulouse,lille,corners,Total,7.5,0.6784,OVER
2026-09-02T23:29:13,2026-2027,3,toulouse vs lille,2026-09-03,toulouse,lille,corners,Total,8.5,0.5589,OVER
2026-09-02T23:29:13,2026-2027,3,toulouse vs lille,2026-09-03,toulouse,lille,corners,Total,9.5,0.4417,UNDER
2026-09-02T23:29:13,2026-2027,3,toulouse vs lille,2026-09-03,toulouse,lille,corners,Total,10.5,0.3256,UNDER
2026-09-02T23:29:13,2026-2027,3,toulouse vs lille,2026-09-03,toulouse,lille,corners,Total,11.5,0.2268,UNDER
2026-09-02T23:29:13,2026-2027,3,toulouse vs lille,2026-09-03,toulouse,lille,corners,Local,3.5,0.5917,OVER
2026-09-02T23:29:13,2026-2027,3,toulouse vs lille,2026-09-03,toulouse,lille,corners,Local,4.5,0.4265,UNDER
2026-09-02T23:29:13,2026-2027,3,toulouse vs lille,2026-09-03,toulouse,lille,corners,Local,5.5,0.2907,UNDER
2026-09-02T23:29:13,2026-2027,3,toulouse vs lille,2026-09-03,toulouse,lille,corners,Visitante,3.5,0.6502,OVER
2026-09-02T23:29:13,2026-2027,3,toulouse vs lille,2026-09-03,toulouse,lille,corners,Visitante,4.5,0.488,UNDER
2026-09-02T23:29:13,2026-2027,3,toulouse vs lille,2026-09-03,toulouse,lille,corners,Visitante,5.5,0.3462,UNDER
2026-09-02T23:29:13,2026-2027,3,toulouse vs lille,2026-09-03,toulouse,lille,yellows,Total,2.5,0.7844,OVER
2026-09-02T23:29:13,2026-2027,3,toulouse vs lille,2026-09-03,toulouse,lille,yellows,Total,3.5,0.6077,OVER
2026-09-02T23:29:13,2026-2027,3,toulouse vs lille,2026-09-03,toulouse,lille,yellows,Total,4.5,0.4243,UNDER
2026-09-02T23:29:13,2026-2027,3,toulouse vs lille,2026-09-03,toulouse,lille,yellows,Total,5.5,0.2682,UNDER
2026-09-02T23:29:13,2026-2027,3,toulouse vs lille,2026-09-03,toulouse,lille,yellows,Total,6.5,0.1545,UNDER
2026-09-02T23:29:13,2026-2027,3,toulouse vs lille,2026-09-03,toulouse,lille,yellows,Local,1.5,0.6411,OVER
2026-09-02T23:29:13,2026-2027,3,toulouse vs lille,2026-09-03,toulouse,lille,yellows,Local,2.5,0.346,UNDER
2026-09-02T23:29:13,2026-2027,3,toulouse vs lille,2026-09-03,toulouse,lille,yellows,Visitante,1.5,0.6822,OVER
2026-09-02T23:29:13,2026-2027,3,toulouse vs lille,2026-09-03,toulouse,lille,yellows,Visitante,2.5,0.3897,UNDER
2026-09-02T23:29:13,2026-2027,3,toulouse vs lille,2026-09-03,toulouse,lille,fouls,Total,19.5,0.8522,OVER
2026-09-02T23:29:13,2026-2027,3,toulouse vs lille,2026-09-03,toulouse,lille,fouls,Total,21.5,0.7309,OVER
2026-09-02T23:29:13,2026-2027,3,toulouse vs lille,2026-09-03,toulouse,lille,fouls,Total,23.5,0.5708,OVER
2026-09-02T23:29:13,2026-2027,3,toulouse vs lille,2026-09-03,toulouse,lille,fouls,Total,25.5,0.4068,UNDER
2026-09-02T23:29:13,2026-2027,3,toulouse vs lille,2026-09-03,toulouse,lille,shots,Total,20.5,0.6515,OVER
2026-09-02T23:29:13,2026-2027,3,toulouse vs lille,2026-09-03,toulouse,lille,shots,Total,22.5,0.5026,OVER
2026-09-02T23:29:13,2026-2027,3,toulouse vs lille,2026-09-03,toulouse,lille,shots,Total,24.5,0.3614,UNDER
2026-09-02T23:29:13,2026-2027,3,toulouse vs lille,2026-09-03,toulouse,lille,shots,Total,26.5,0.2378,UNDER
2026-09-02T23:29:13,2026-2027,3,toulouse vs lille,2026-09-03,toulouse,lille,shots,Local,9.5,0.6203,OVER
2026-09-02T23:29:13,2026-2027,3,toulouse vs lille,2026-09-03,toulouse,lille,shots,Local,11.5,0.426,UNDER
2026-09-02T23:29:13,2026-2027,3,toulouse vs lille,2026-09-03,toulouse,lille,shots,Local,13.5,0.2638,UNDER
2026-09-02T23:29:13,2026-2027,3,toulouse vs lille,2026-09-03,toulouse,lille,shots,Visitante,9.5,0.6638,OVER
2026-09-02T23:29:13,2026-2027,3,toulouse vs lille,2026-09-03,toulouse,lille,shots,Visitante,11.5,0.4718,UNDER
2026-09-02T23:29:13,2026-2027,3,toulouse vs lille,2026-09-03,toulouse,lille,shots,Visitante,13.5,0.3026,UNDER
2026-09-02T23:29:13,2026-2027,3,toulouse vs lille,2026-09-03,toulouse,lille,sot,Total,6.5,0.6767,OVER
2026-09-02T23:29:13,2026-2027,3,toulouse vs lille,2026-09-03,toulouse,lille,sot,Total,7.5,0.542,OVER
2026-09-02T23:29:13,2026-2027,3,toulouse vs lille,2026-09-03,toulouse,lille,sot,Total,8.5,0.4087,UNDER
2026-09-02T23:29:13,2026-2027,3,toulouse vs lille,2026-09-03,toulouse,lille,sot,Total,9.5,0.2893,UNDER
2026-09-02T23:29:13,2026-2027,3,toulouse vs lille,2026-09-03,toulouse,lille,booking_pts,Total,30.5,0.6915,OVER
2026-09-02T23:29:13,2026-2027,3,toulouse vs lille,2026-09-03,toulouse,lille,booking_pts,Total,40.5,0.5359,OVER
2026-09-02T23:29:13,2026-2027,3,toulouse vs lille,2026-09-03,toulouse,lille,booking_pts,Total,50.5,0.3884,UNDER
2026-09-02T23:29:13,2026-2027,6,sociedad vs celta,2026-09-03,sociedad,celta,1X2,Total,,0.4707,1
2026-09-02T23:29:13,2026-2027,6,sociedad vs celta,2026-09-03,sociedad,celta,Goles,Total,2.5,0.5014,OVER
2026-09-02T23:29:13,2026-2027,6,sociedad vs celta,2026-09-03,sociedad,celta,corners,Total,7.5,0.6508,OVER
2026-09-02T23:29:13,2026-2027,6,sociedad vs celta,2026-09-03,sociedad,celta,corners,Total,8.5,0.5284,OVER
2026-09-02T23:29:13,2026-2027,6,sociedad vs celta,2026-09-03,sociedad,celta,corners,Total,9.5,0.4134,UNDER
2026-09-02T23:29:13,2026-2027,6,sociedad vs celta,2026-09-03,sociedad,celta,corners,Total,10.5,0.2998,UNDER
2026-09-02T23:29:13,2026-2027,6,sociedad vs celta,2026-09-03,sociedad,celta,corners,Total,11.5,0.2051,UNDER
2026-09-02T23:29:13,2026-2027,6,sociedad vs celta,2026-09-03,sociedad,celta,corners,Local,3.5,0.716,OVER
2026-09-02T23:29:13,2026-2027,6,sociedad vs celta,2026-09-03,sociedad,celta,corners,Local,4.5,0.5626,OVER
2026-09-02T23:29:13,2026-2027,6,sociedad vs celta,2026-09-03,sociedad,celta,corners,Local,5.5,0.418,UNDER
2026-09-02T23:29:13,2026-2027,6,sociedad vs celta,2026-09-03,sociedad,celta,corners,Visitante,3.5,0.4609,UNDER
2026-09-02T23:29:13,2026-2027,6,sociedad vs celta,2026-09-03,sociedad,celta,corners,Visitante,4.5,0.3026,UNDER
2026-09-02T23:29:13,2026-2027,6,sociedad vs celta,2026-09-03,sociedad,celta,corners,Visitante,5.5,0.1888,UNDER
2026-09-02T23:29:13,2026-2027,6,sociedad vs celta,2026-09-03,sociedad,celta,yellows,Total,2.5,0.8096,OVER
2026-09-02T23:29:13,2026-2027,6,sociedad vs celta,2026-09-03,sociedad,celta,yellows,Total,3.5,0.6428,OVER
2026-09-02T23:29:13,2026-2027,6,sociedad vs celta,2026-09-03,sociedad,celta,yellows,Total,4.5,0.4621,UNDER
2026-09-02T23:29:13,2026-2027,6,sociedad vs celta,2026-09-03,sociedad,celta,yellows,Total,5.5,0.3015,UNDER
2026-09-02T23:29:13,2026-2027,6,sociedad vs celta,2026-09-03,sociedad,celta,yellows,Total,6.5,0.1795,UNDER
2026-09-02T23:29:13,2026-2027,6,sociedad vs celta,2026-09-03,sociedad,celta,yellows,Local,1.5,0.6748,OVER
2026-09-02T23:29:13,2026-2027,6,sociedad vs celta,2026-09-03,sociedad,celta,yellows,Local,2.5,0.3815,UNDER
2026-09-02T23:29:13,2026-2027,6,sociedad vs celta,2026-09-03,sociedad,celta,yellows,Visitante,1.5,0.7045,OVER
2026-09-02T23:29:13,2026-2027,6,sociedad vs celta,2026-09-03,sociedad,celta,yellows,Visitante,2.5,0.4151,UNDER
2026-09-02T23:29:13,2026-2027,6,sociedad vs celta,2026-09-03,sociedad,celta,fouls,Total,19.5,0.931,OVER
2026-09-02T23:29:13,2026-2027,6,sociedad vs celta,2026-09-03,sociedad,celta,fouls,Total,21.5,0.8553,OVER
2026-09-02T23:29:13,2026-2027,6,sociedad vs celta,2026-09-03,sociedad,celta,fouls,Total,23.5,0.7319,OVER
2026-09-02T23:29:13,2026-2027,6,sociedad vs celta,2026-09-03,sociedad,celta,fouls,Total,25.5,0.5815,OVER
2026-09-02T23:29:13,2026-2027,6,sociedad vs celta,2026-09-03,sociedad,celta,shots,Total,20.5,0.7478,OVER
2026-09-02T23:29:13,2026-2027,6,sociedad vs celta,2026-09-03,sociedad,celta,shots,Total,22.5,0.6158,OVER
2026-09-02T23:29:13,2026-2027,6,sociedad vs celta,2026-09-03,sociedad,celta,shots,Total,24.5,0.4706,UNDER
2026-09-02T23:29:13,2026-2027,6,sociedad vs celta,2026-09-03,sociedad,celta,shots,Total,26.5,0.3294,UNDER
2026-09-02T23:29:13,2026-2027,6,sociedad vs celta,2026-09-03,sociedad,celta,shots,Local,9.5,0.7715,OVER
2026-09-02T23:29:13,2026-2027,6,sociedad vs celta,2026-09-03,sociedad,celta,shots,Local,11.5,0.5989,OVER
2026-09-02T23:29:13,2026-2027,6,sociedad vs celta,2026-09-03,sociedad,celta,shots,Local,13.5,0.4221,UNDER
2026-09-02T23:29:13,2026-2027,6,sociedad vs celta,2026-09-03,sociedad,celta,shots,Visitante,9.5,0.6453,OVER
2026-09-02T23:29:13,2026-2027,6,sociedad vs celta,2026-09-03,sociedad,celta,shots,Visitante,11.5,0.452,UNDER
2026-09-02T23:29:13,2026-2027,6,sociedad vs celta,2026-09-03,sociedad,celta,shots,Visitante,13.5,0.2855,UNDER
2026-09-02T23:29:13,2026-2027,6,sociedad vs celta,2026-09-03,sociedad,celta,sot,Total,6.5,0.7279,OVER
2026-09-02T23:29:13,2026-2027,6,sociedad vs celta,2026-09-03,sociedad,celta,sot,Total,7.5,0.5995,OVER
2026-09-02T23:29:13,2026-2027,6,sociedad vs celta,2026-09-03,sociedad,celta,sot,Total,8.5,0.4653,UNDER
2026-09-02T23:29:13,2026-2027,6,sociedad vs celta,2026-09-03,sociedad,celta,sot,Total,9.5,0.34,UNDER
2026-09-02T23:29:13,2026-2027,6,sociedad vs celta,2026-09-03,sociedad,celta,booking_pts,Total,30.5,0.717,OVER
2026-09-02T23:29:13,2026-2027,6,sociedad vs celta,2026-09-03,sociedad,celta,booking_pts,Total,40.5,0.5641,OVER
2026-09-02T23:29:13,2026-2027,6,sociedad vs celta,2026-09-03,sociedad,celta,booking_pts,Total,50.5,0.4152,UNDER
2026-09-02T23:29:13,2026-2027,3,lyon vs auxerre,2026-09-04,lyon,auxerre,1X2,Total,,0.5547,1
2026-09-02T23:29:13,2026-2027,3,lyon vs auxerre,2026-09-04,lyon,auxerre,Goles,Total,2.5,0.4793,UNDER
2026-09-02T23:29:13,2026-2027,3,lyon vs auxerre,2026-09-04,lyon,auxerre,corners,Total,7.5,0.7818,OVER
2026-09-02T23:29:13,2026-2027,3,lyon vs auxerre,2026-09-04,lyon,auxerre,corners,Total,8.5,0.6802,OVER
2026-09-02T23:29:13,2026-2027,3,lyon vs auxerre,2026-09-04,lyon,auxerre,corners,Total,9.5,0.5607,OVER
2026-09-02T23:29:13,2026-2027,3,lyon vs auxerre,2026-09-04,lyon,auxerre,corners,Total,10.5,0.44,UNDER
2026-09-02T23:29:13,2026-2027,3,lyon vs auxerre,2026-09-04,lyon,auxerre,corners,Total,11.5,0.3292,UNDER
2026-09-02T23:29:13,2026-2027,3,lyon vs auxerre,2026-09-04,lyon,auxerre,corners,Local,3.5,0.8069,OVER
2026-09-02T23:29:13,2026-2027,3,lyon vs auxerre,2026-09-04,lyon,auxerre,corners,Local,4.5,0.6765,OVER
2026-09-02T23:29:13,2026-2027,3,lyon vs auxerre,2026-09-04,lyon,auxerre,corners,Local,5.5,0.5383,OVER
2026-09-02T23:29:13,2026-2027,3,lyon vs auxerre,2026-09-04,lyon,auxerre,corners,Visitante,3.5,0.5672,OVER
2026-09-02T23:29:13,2026-2027,3,lyon vs auxerre,2026-09-04,lyon,auxerre,corners,Visitante,4.5,0.4018,UNDER
2026-09-02T23:29:13,2026-2027,3,lyon vs auxerre,2026-09-04,lyon,auxerre,corners,Visitante,5.5,0.2694,UNDER
2026-09-02T23:29:13,2026-2027,3,lyon vs auxerre,2026-09-04,lyon,auxerre,yellows,Total,2.5,0.7737,OVER
2026-09-02T23:29:13,2026-2027,3,lyon vs auxerre,2026-09-04,lyon,auxerre,yellows,Total,3.5,0.5932,OVER
2026-09-02T23:29:13,2026-2027,3,lyon vs auxerre,2026-09-04,lyon,auxerre,yellows,Total,4.5,0.4093,UNDER
2026-09-02T23:29:13,2026-2027,3,lyon vs auxerre,2026-09-04,lyon,auxerre,yellows,Total,5.5,0.2553,UNDER
2026-09-02T23:29:13,2026-2027,3,lyon vs auxerre,2026-09-04,lyon,auxerre,yellows,Total,6.5,0.1451,UNDER
2026-09-02T23:29:13,2026-2027,3,lyon vs auxerre,2026-09-04,lyon,auxerre,yellows,Local,1.5,0.58,OVER
2026-09-02T23:29:13,2026-2027,3,lyon vs auxerre,2026-09-04,lyon,auxerre,yellows,Local,2.5,0.2878,UNDER
2026-09-02T23:29:13,2026-2027,3,lyon vs auxerre,2026-09-04,lyon,auxerre,yellows,Visitante,1.5,0.7117,OVER
2026-09-02T23:29:13,2026-2027,3,lyon vs auxerre,2026-09-04,lyon,auxerre,yellows,Visitante,2.5,0.4235,UNDER
2026-09-02T23:29:13,2026-2027,3,lyon vs auxerre,2026-09-04,lyon,auxerre,fouls,Total,19.5,0.9236,OVER
2026-09-02T23:29:13,2026-2027,3,lyon vs auxerre,2026-09-04,lyon,auxerre,fouls,Total,21.5,0.8439,OVER
2026-09-02T23:29:13,2026-2027,3,lyon vs auxerre,2026-09-04,lyon,auxerre,fouls,Total,23.5,0.7175,OVER
2026-09-02T23:29:13,2026-2027,3,lyon vs auxerre,2026-09-04,lyon,auxerre,fouls,Total,25.5,0.5667,OVER
2026-09-02T23:29:13,2026-2027,3,lyon vs auxerre,2026-09-04,lyon,auxerre,shots,Total,20.5,0.7251,OVER
2026-09-02T23:29:13,2026-2027,3,lyon vs auxerre,2026-09-04,lyon,auxerre,shots,Total,22.5,0.5881,OVER
2026-09-02T23:29:13,2026-2027,3,lyon vs auxerre,2026-09-04,lyon,auxerre,shots,Total,24.5,0.4428,UNDER
2026-09-02T23:29:13,2026-2027,3,lyon vs auxerre,2026-09-04,lyon,auxerre,shots,Total,26.5,0.3052,UNDER
2026-09-02T23:29:13,2026-2027,3,lyon vs auxerre,2026-09-04,lyon,auxerre,shots,Local,9.5,0.8089,OVER
2026-09-02T23:29:13,2026-2027,3,lyon vs auxerre,2026-09-04,lyon,auxerre,shots,Local,11.5,0.6487,OVER
2026-09-02T23:29:13,2026-2027,3,lyon vs auxerre,2026-09-04,lyon,auxerre,shots,Local,13.5,0.4743,UNDER
2026-09-02T23:29:13,2026-2027,3,lyon vs auxerre,2026-09-04,lyon,auxerre,shots,Visitante,9.5,0.5475,OVER
2026-09-02T23:29:13,2026-2027,3,lyon vs auxerre,2026-09-04,lyon,auxerre,shots,Visitante,11.5,0.3553,UNDER
2026-09-02T23:29:13,2026-2027,3,lyon vs auxerre,2026-09-04,lyon,auxerre,shots,Visitante,13.5,0.208,UNDER
2026-09-02T23:29:13,2026-2027,3,lyon vs auxerre,2026-09-04,lyon,auxerre,sot,Total,6.5,0.7498,OVER
2026-09-02T23:29:13,2026-2027,3,lyon vs auxerre,2026-09-04,lyon,auxerre,sot,Total,7.5,0.6251,OVER
2026-09-02T23:29:13,2026-2027,3,lyon vs auxerre,2026-09-04,lyon,auxerre,sot,Total,8.5,0.4914,UNDER
2026-09-02T23:29:13,2026-2027,3,lyon vs auxerre,2026-09-04,lyon,auxerre,sot,Total,9.5,0.3642,UNDER
2026-09-02T23:29:13,2026-2027,3,lyon vs auxerre,2026-09-04,lyon,auxerre,booking_pts,Total,30.5,0.6803,OVER
2026-09-02T23:29:13,2026-2027,3,lyon vs auxerre,2026-09-04,lyon,auxerre,booking_pts,Total,40.5,0.5235,OVER
2026-09-02T23:29:13,2026-2027,3,lyon vs auxerre,2026-09-04,lyon,auxerre,booking_pts,Total,50.5,0.3766,UNDER
2026-09-02T23:29:13,2026-2027,2,stuttgart vs fc koln,2026-09-04,stuttgart,fc koln,1X2,Total,,0.5822,1
2026-09-02T23:29:13,2026-2027,2,stuttgart vs fc koln,2026-09-04,stuttgart,fc koln,Goles,Total,2.5,0.6544,OVER
2026-09-02T23:29:13,2026-2027,2,stuttgart vs fc koln,2026-09-04,stuttgart,fc koln,corners,Total,7.5,0.7809,OVER
2026-09-02T23:29:13,2026-2027,2,stuttgart vs fc koln,2026-09-04,stuttgart,fc koln,corners,Total,8.5,0.6791,OVER
2026-09-02T23:29:13,2026-2027,2,stuttgart vs fc koln,2026-09-04,stuttgart,fc koln,corners,Total,9.5,0.5595,OVER
2026-09-02T23:29:13,2026-2027,2,stuttgart vs fc koln,2026-09-04,stuttgart,fc koln,corners,Total,10.5,0.4388,UNDER
2026-09-02T23:29:13,2026-2027,2,stuttgart vs fc koln,2026-09-04,stuttgart,fc koln,corners,Total,11.5,0.3281,UNDER
2026-09-02T23:29:13,2026-2027,2,stuttgart vs fc koln,2026-09-04,stuttgart,fc koln,corners,Local,3.5,0.8405,OVER
2026-09-02T23:29:13,2026-2027,2,stuttgart vs fc koln,2026-09-04,stuttgart,fc koln,corners,Local,4.5,0.7227,OVER
2026-09-02T23:29:13,2026-2027,2,stuttgart vs fc koln,2026-09-04,stuttgart,fc koln,corners,Local,5.5,0.5911,OVER
2026-09-02T23:29:13,2026-2027,2,stuttgart vs fc koln,2026-09-04,stuttgart,fc koln,corners,Visitante,3.5,0.4969,UNDER
2026-09-02T23:29:13,2026-2027,2,stuttgart vs fc koln,2026-09-04,stuttgart,fc koln,corners,Visitante,4.5,0.3349,UNDER
2026-09-02T23:29:13,2026-2027,2,stuttgart vs fc koln,2026-09-04,stuttgart,fc koln,corners,Visitante,5.5,0.2141,UNDER
2026-09-02T23:29:13,2026-2027,2,stuttgart vs fc koln,2026-09-04,stuttgart,fc koln,yellows,Total,2.5,0.7064,OVER
2026-09-02T23:29:13,2026-2027,2,stuttgart vs fc koln,2026-09-04,stuttgart,fc koln,yellows,Total,3.5,0.5077,OVER
2026-09-02T23:29:13,2026-2027,2,stuttgart vs fc koln,2026-09-04,stuttgart,fc koln,yellows,Total,4.5,0.3253,UNDER
2026-09-02T23:29:13,2026-2027,2,stuttgart vs fc koln,2026-09-04,stuttgart,fc koln,yellows,Total,5.5,0.1875,UNDER
2026-09-02T23:29:13,2026-2027,2,stuttgart vs fc koln,2026-09-04,stuttgart,fc koln,yellows,Total,6.5,0.0982,UNDER
2026-09-02T23:29:13,2026-2027,2,stuttgart vs fc koln,2026-09-04,stuttgart,fc koln,yellows,Local,1.5,0.5495,OVER
2026-09-02T23:29:13,2026-2027,2,stuttgart vs fc koln,2026-09-04,stuttgart,fc koln,yellows,Local,2.5,0.2613,UNDER
2026-09-02T23:29:13,2026-2027,2,stuttgart vs fc koln,2026-09-04,stuttgart,fc koln,yellows,Visitante,1.5,0.6115,OVER
2026-09-02T23:29:13,2026-2027,2,stuttgart vs fc koln,2026-09-04,stuttgart,fc koln,yellows,Visitante,2.5,0.317,UNDER
2026-09-02T23:29:13,2026-2027,2,stuttgart vs fc koln,2026-09-04,stuttgart,fc koln,fouls,Total,19.5,0.3836,UNDER
2026-09-02T23:29:13,2026-2027,2,stuttgart vs fc koln,2026-09-04,stuttgart,fc koln,fouls,Total,21.5,0.2487,UNDER
2026-09-02T23:29:13,2026-2027,2,stuttgart vs fc koln,2026-09-04,stuttgart,fc koln,fouls,Total,23.5,0.1519,UNDER
2026-09-02T23:29:13,2026-2027,2,stuttgart vs fc koln,2026-09-04,stuttgart,fc koln,fouls,Total,25.5,0.0843,UNDER
2026-09-02T23:29:13,2026-2027,2,stuttgart vs fc koln,2026-09-04,stuttgart,fc koln,shots,Total,20.5,0.8867,OVER
2026-09-02T23:29:13,2026-2027,2,stuttgart vs fc koln,2026-09-04,stuttgart,fc koln,shots,Total,22.5,0.8034,OVER
2026-09-02T23:29:13,2026-2027,2,stuttgart vs fc koln,2026-09-04,stuttgart,fc koln,shots,Total,24.5,0.6819,OVER
2026-09-02T23:29:13,2026-2027,2,stuttgart vs fc koln,2026-09-04,stuttgart,fc koln,shots,Total,26.5,0.5351,OVER
2026-09-02T23:29:13,2026-2027,2,stuttgart vs fc koln,2026-09-04,stuttgart,fc koln,shots,Local,9.5,0.9331,OVER
2026-09-02T23:29:13,2026-2027,2,stuttgart vs fc koln,2026-09-04,stuttgart,fc koln,shots,Local,11.5,0.8453,OVER
2026-09-02T23:29:13,2026-2027,2,stuttgart vs fc koln,2026-09-04,stuttgart,fc koln,shots,Local,13.5,0.719,OVER
2026-09-02T23:29:13,2026-2027,2,stuttgart vs fc koln,2026-09-04,stuttgart,fc koln,shots,Visitante,9.5,0.6201,OVER
2026-09-02T23:29:13,2026-2027,2,stuttgart vs fc koln,2026-09-04,stuttgart,fc koln,shots,Visitante,11.5,0.4258,UNDER
2026-09-02T23:29:13,2026-2027,2,stuttgart vs fc koln,2026-09-04,stuttgart,fc koln,shots,Visitante,13.5,0.2636,UNDER
2026-09-02T23:29:13,2026-2027,2,stuttgart vs fc koln,2026-09-04,stuttgart,fc koln,sot,Total,6.5,0.8799,OVER
2026-09-02T23:29:13,2026-2027,2,stuttgart vs fc koln,2026-09-04,stuttgart,fc koln,sot,Total,7.5,0.793,OVER
2026-09-02T23:29:13,2026-2027,2,stuttgart vs fc koln,2026-09-04,stuttgart,fc koln,sot,Total,8.5,0.68,OVER
2026-09-02T23:29:13,2026-2027,2,stuttgart vs fc koln,2026-09-04,stuttgart,fc koln,sot,Total,9.5,0.5558,OVER
2026-09-02T23:29:13,2026-2027,2,stuttgart vs fc koln,2026-09-04,stuttgart,fc koln,booking_pts,Total,30.5,0.5728,OVER
2026-09-02T23:29:13,2026-2027,2,stuttgart vs fc koln,2026-09-04,stuttgart,fc koln,booking_pts,Total,40.5,0.4035,UNDER
2026-09-02T23:29:13,2026-2027,2,stuttgart vs fc koln,2026-09-04,stuttgart,fc koln,booking_pts,Total,50.5,0.263,UNDER
2026-09-02T23:29:13,2026-2027,3,genoa vs como,2026-09-04,genoa,como,1X2,Total,,0.4129,2
2026-09-02T23:29:13,2026-2027,3,genoa vs como,2026-09-04,genoa,como,Goles,Total,2.5,0.4106,UNDER
2026-09-02T23:29:13,2026-2027,3,genoa vs como,2026-09-04,genoa,como,corners,Total,7.5,0.5882,OVER
2026-09-02T23:29:13,2026-2027,3,genoa vs como,2026-09-04,genoa,como,corners,Total,8.5,0.4616,UNDER
2026-09-02T23:29:13,2026-2027,3,genoa vs como,2026-09-04,genoa,como,corners,Total,9.5,0.3534,UNDER
2026-09-02T23:29:13,2026-2027,3,genoa vs como,2026-09-04,genoa,como,corners,Total,10.5,0.2471,UNDER
2026-09-02T23:29:13,2026-2027,3,genoa vs como,2026-09-04,genoa,como,corners,Total,11.5,0.1621,UNDER
2026-09-02T23:29:13,2026-2027,3,genoa vs como,2026-09-04,genoa,como,corners,Local,3.5,0.444,UNDER
2026-09-02T23:29:13,2026-2027,3,genoa vs como,2026-09-04,genoa,como,corners,Local,4.5,0.2878,UNDER
2026-09-02T23:29:13,2026-2027,3,genoa vs como,2026-09-04,genoa,como,corners,Local,5.5,0.1775,UNDER
2026-09-02T23:29:13,2026-2027,3,genoa vs como,2026-09-04,genoa,como,corners,Visitante,3.5,0.6516,OVER
2026-09-02T23:29:13,2026-2027,3,genoa vs como,2026-09-04,genoa,como,corners,Visitante,4.5,0.4896,UNDER
2026-09-02T23:29:13,2026-2027,3,genoa vs como,2026-09-04,genoa,como,corners,Visitante,5.5,0.3477,UNDER
2026-09-02T23:29:13,2026-2027,3,genoa vs como,2026-09-04,genoa,como,yellows,Total,2.5,0.7952,OVER
2026-09-02T23:29:13,2026-2027,3,genoa vs como,2026-09-04,genoa,como,yellows,Total,3.5,0.6226,OVER
2026-09-02T23:29:13,2026-2027,3,genoa vs como,2026-09-04,genoa,como,yellows,Total,4.5,0.4402,UNDER
2026-09-02T23:29:13,2026-2027,3,genoa vs como,2026-09-04,genoa,como,yellows,Total,5.5,0.282,UNDER
2026-09-02T23:29:13,2026-2027,3,genoa vs como,2026-09-04,genoa,como,yellows,Total,6.5,0.1647,UNDER
2026-09-02T23:29:13,2026-2027,3,genoa vs como,2026-09-04,genoa,como,yellows,Local,1.5,0.6138,OVER
2026-09-02T23:29:13,2026-2027,3,genoa vs como,2026-09-04,genoa,como,yellows,Local,2.5,0.3191,UNDER
2026-09-02T23:29:13,2026-2027,3,genoa vs como,2026-09-04,genoa,como,yellows,Visitante,1.5,0.7264,OVER
2026-09-02T23:29:13,2026-2027,3,genoa vs como,2026-09-04,genoa,como,yellows,Visitante,2.5,0.4412,UNDER
2026-09-02T23:29:13,2026-2027,3,genoa vs como,2026-09-04,genoa,como,fouls,Total,19.5,0.9023,OVER
2026-09-02T23:29:13,2026-2027,3,genoa vs como,2026-09-04,genoa,como,fouls,Total,21.5,0.8142,OVER
2026-09-02T23:29:13,2026-2027,3,genoa vs como,2026-09-04,genoa,como,fouls,Total,23.5,0.684,OVER
2026-09-02T23:29:13,2026-2027,3,genoa vs como,2026-09-04,genoa,como,fouls,Total,25.5,0.5364,OVER
2026-09-02T23:29:13,2026-2027,3,genoa vs como,2026-09-04,genoa,como,shots,Total,20.5,0.6843,OVER
2026-09-02T23:29:13,2026-2027,3,genoa vs como,2026-09-04,genoa,como,shots,Total,22.5,0.5399,OVER
2026-09-02T23:29:13,2026-2027,3,genoa vs como,2026-09-04,genoa,como,shots,Total,24.5,0.3961,UNDER
2026-09-02T23:29:13,2026-2027,3,genoa vs como,2026-09-04,genoa,como,shots,Total,26.5,0.266,UNDER
2026-09-02T23:29:13,2026-2027,3,genoa vs como,2026-09-04,genoa,como,shots,Local,9.5,0.5196,OVER
2026-09-02T23:29:13,2026-2027,3,genoa vs como,2026-09-04,genoa,como,shots,Local,11.5,0.3299,UNDER
2026-09-02T23:29:13,2026-2027,3,genoa vs como,2026-09-04,genoa,como,shots,Local,13.5,0.189,UNDER
2026-09-02T23:29:13,2026-2027,3,genoa vs como,2026-09-04,genoa,como,shots,Visitante,9.5,0.782,OVER
2026-09-02T23:29:13,2026-2027,3,genoa vs como,2026-09-04,genoa,como,shots,Visitante,11.5,0.6126,OVER
2026-09-02T23:29:13,2026-2027,3,genoa vs como,2026-09-04,genoa,como,shots,Visitante,13.5,0.4361,UNDER
2026-09-02T23:29:13,2026-2027,3,genoa vs como,2026-09-04,genoa,como,sot,Total,6.5,0.6321,OVER
2026-09-02T23:29:13,2026-2027,3,genoa vs como,2026-09-04,genoa,como,sot,Total,7.5,0.4943,UNDER
2026-09-02T23:29:13,2026-2027,3,genoa vs como,2026-09-04,genoa,como,sot,Total,8.5,0.3638,UNDER
2026-09-02T23:29:13,2026-2027,3,genoa vs como,2026-09-04,genoa,como,sot,Total,9.5,0.2507,UNDER
2026-09-02T23:29:13,2026-2027,3,genoa vs como,2026-09-04,genoa,como,booking_pts,Total,30.5,0.6977,OVER
2026-09-02T23:29:13,2026-2027,3,genoa vs como,2026-09-04,genoa,como,booking_pts,Total,40.5,0.5414,OVER
2026-09-02T23:29:13,2026-2027,3,genoa vs como,2026-09-04,genoa,como,booking_pts,Total,50.5,0.3924,UNDER
2026-09-02T23:29:13,2026-2027,4,betis vs real madrid,2026-09-04,betis,real madrid,1X2,Total,,0.4302,2
2026-09-02T23:29:13,2026-2027,4,betis vs real madrid,2026-09-04,betis,real madrid,Goles,Total,2.5,0.4974,UNDER
2026-09-02T23:29:13,2026-2027,4,betis vs real madrid,2026-09-04,betis,real madrid,corners,Total,7.5,0.727,OVER
2026-09-02T23:29:13,2026-2027,4,betis vs real madrid,2026-09-04,betis,real madrid,corners,Total,8.5,0.6145,OVER
2026-09-02T23:29:13,2026-2027,4,betis vs real madrid,2026-09-04,betis,real madrid,corners,Total,9.5,0.4948,UNDER
2026-09-02T23:29:13,2026-2027,4,betis vs real madrid,2026-09-04,betis,real madrid,corners,Total,10.5,0.3754,UNDER
2026-09-02T23:29:13,2026-2027,4,betis vs real madrid,2026-09-04,betis,real madrid,corners,Total,11.5,0.2703,UNDER
2026-09-02T23:29:13,2026-2027,4,betis vs real madrid,2026-09-04,betis,real madrid,corners,Local,3.5,0.5775,OVER
2026-09-02T23:29:13,2026-2027,4,betis vs real madrid,2026-09-04,betis,real madrid,corners,Local,4.5,0.4121,UNDER
2026-09-02T23:29:13,2026-2027,4,betis vs real madrid,2026-09-04,betis,real madrid,corners,Local,5.5,0.2783,UNDER
2026-09-02T23:29:13,2026-2027,4,betis vs real madrid,2026-09-04,betis,real madrid,corners,Visitante,3.5,0.73,OVER
2026-09-02T23:29:13,2026-2027,4,betis vs real madrid,2026-09-04,betis,real madrid,corners,Visitante,4.5,0.5793,OVER
2026-09-02T23:29:13,2026-2027,4,betis vs real madrid,2026-09-04,betis,real madrid,corners,Visitante,5.5,0.4348,UNDER
2026-09-02T23:29:13,2026-2027,4,betis vs real madrid,2026-09-04,betis,real madrid,yellows,Total,2.5,0.792,OVER
2026-09-02T23:29:13,2026-2027,4,betis vs real madrid,2026-09-04,betis,real madrid,yellows,Total,3.5,0.618,OVER
2026-09-02T23:29:13,2026-2027,4,betis vs real madrid,2026-09-04,betis,real madrid,yellows,Total,4.5,0.4353,UNDER
2026-09-02T23:29:13,2026-2027,4,betis vs real madrid,2026-09-04,betis,real madrid,yellows,Total,5.5,0.2777,UNDER
2026-09-02T23:29:13,2026-2027,4,betis vs real madrid,2026-09-04,betis,real madrid,yellows,Total,6.5,0.1616,UNDER
2026-09-02T23:29:13,2026-2027,4,betis vs real madrid,2026-09-04,betis,real madrid,yellows,Local,1.5,0.675,OVER
2026-09-02T23:29:13,2026-2027,4,betis vs real madrid,2026-09-04,betis,real madrid,yellows,Local,2.5,0.3817,UNDER
2026-09-02T23:29:13,2026-2027,4,betis vs real madrid,2026-09-04,betis,real madrid,yellows,Visitante,1.5,0.6657,OVER
2026-09-02T23:29:13,2026-2027,4,betis vs real madrid,2026-09-04,betis,real madrid,yellows,Visitante,2.5,0.3717,UNDER
2026-09-02T23:29:13,2026-2027,4,betis vs real madrid,2026-09-04,betis,real madrid,fouls,Total,19.5,0.8854,OVER
2026-09-02T23:29:13,2026-2027,4,betis vs real madrid,2026-09-04,betis,real madrid,fouls,Total,21.5,0.7794,OVER
2026-09-02T23:29:13,2026-2027,4,betis vs real madrid,2026-09-04,betis,real madrid,fouls,Total,23.5,0.6281,OVER
2026-09-02T23:29:13,2026-2027,4,betis vs real madrid,2026-09-04,betis,real madrid,fouls,Total,25.5,0.4634,UNDER
2026-09-02T23:29:13,2026-2027,4,betis vs real madrid,2026-09-04,betis,real madrid,shots,Total,20.5,0.831,OVER
2026-09-02T23:29:13,2026-2027,4,betis vs real madrid,2026-09-04,betis,real madrid,shots,Total,22.5,0.724,OVER
2026-09-02T23:29:13,2026-2027,4,betis vs real madrid,2026-09-04,betis,real madrid,shots,Total,24.5,0.5869,OVER
2026-09-02T23:29:13,2026-2027,4,betis vs real madrid,2026-09-04,betis,real madrid,shots,Total,26.5,0.4374,UNDER
2026-09-02T23:29:13,2026-2027,4,betis vs real madrid,2026-09-04,betis,real madrid,shots,Local,9.5,0.7694,OVER
2026-09-02T23:29:13,2026-2027,4,betis vs real madrid,2026-09-04,betis,real madrid,shots,Local,11.5,0.5963,OVER
2026-09-02T23:29:13,2026-2027,4,betis vs real madrid,2026-09-04,betis,real madrid,shots,Local,13.5,0.4194,UNDER
2026-09-02T23:29:13,2026-2027,4,betis vs real madrid,2026-09-04,betis,real madrid,shots,Visitante,9.5,0.7875,OVER
2026-09-02T23:29:13,2026-2027,4,betis vs real madrid,2026-09-04,betis,real madrid,shots,Visitante,11.5,0.6198,OVER
2026-09-02T23:29:13,2026-2027,4,betis vs real madrid,2026-09-04,betis,real madrid,shots,Visitante,13.5,0.4435,UNDER
2026-09-02T23:29:13,2026-2027,4,betis vs real madrid,2026-09-04,betis,real madrid,sot,Total,6.5,0.8099,OVER
2026-09-02T23:29:13,2026-2027,4,betis vs real madrid,2026-09-04,betis,real madrid,sot,Total,7.5,0.6989,OVER
2026-09-02T23:29:13,2026-2027,4,betis vs real madrid,2026-09-04,betis,real madrid,sot,Total,8.5,0.5702,OVER
2026-09-02T23:29:13,2026-2027,4,betis vs real madrid,2026-09-04,betis,real madrid,sot,Total,9.5,0.4405,UNDER
2026-09-02T23:29:13,2026-2027,4,betis vs real madrid,2026-09-04,betis,real madrid,booking_pts,Total,30.5,0.6968,OVER
2026-09-02T23:29:13,2026-2027,4,betis vs real madrid,2026-09-04,betis,real madrid,booking_pts,Total,40.5,0.5412,OVER
2026-09-02T23:29:13,2026-2027,4,betis vs real madrid,2026-09-04,betis,real madrid,booking_pts,Total,50.5,0.3928,UNDER
2026-09-02T23:29:13,2026-2027,3,ipswich vs liverpool,2026-09-04,ipswich,liverpool,1X2,Total,,0.5126,2
2026-09-02T23:29:13,2026-2027,3,ipswich vs liverpool,2026-09-04,ipswich,liverpool,Goles,Total,2.5,0.5029,OVER
2026-09-02T23:29:13,2026-2027,3,ipswich vs liverpool,2026-09-04,ipswich,liverpool,corners,Total,7.5,0.7808,OVER
2026-09-02T23:29:13,2026-2027,3,ipswich vs liverpool,2026-09-04,ipswich,liverpool,corners,Total,8.5,0.679,OVER
2026-09-02T23:29:13,2026-2027,3,ipswich vs liverpool,2026-09-04,ipswich,liverpool,corners,Total,9.5,0.5594,OVER
2026-09-02T23:29:13,2026-2027,3,ipswich vs liverpool,2026-09-04,ipswich,liverpool,corners,Total,10.5,0.4387,UNDER
2026-09-02T23:29:13,2026-2027,3,ipswich vs liverpool,2026-09-04,ipswich,liverpool,corners,Total,11.5,0.328,UNDER
2026-09-02T23:29:13,2026-2027,3,ipswich vs liverpool,2026-09-04,ipswich,liverpool,corners,Local,3.5,0.4575,UNDER
2026-09-02T23:29:13,2026-2027,3,ipswich vs liverpool,2026-09-04,ipswich,liverpool,corners,Local,4.5,0.2996,UNDER
2026-09-02T23:29:13,2026-2027,3,ipswich vs liverpool,2026-09-04,ipswich,liverpool,corners,Local,5.5,0.1865,UNDER
2026-09-02T23:29:13,2026-2027,3,ipswich vs liverpool,2026-09-04,ipswich,liverpool,corners,Visitante,3.5,0.8567,OVER
2026-09-02T23:29:13,2026-2027,3,ipswich vs liverpool,2026-09-04,ipswich,liverpool,corners,Visitante,4.5,0.7457,OVER
2026-09-02T23:29:13,2026-2027,3,ipswich vs liverpool,2026-09-04,ipswich,liverpool,corners,Visitante,5.5,0.6185,OVER
2026-09-02T23:29:13,2026-2027,3,ipswich vs liverpool,2026-09-04,ipswich,liverpool,yellows,Total,2.5,0.7166,OVER
2026-09-02T23:29:13,2026-2027,3,ipswich vs liverpool,2026-09-04,ipswich,liverpool,yellows,Total,3.5,0.5201,OVER
2026-09-02T23:29:13,2026-2027,3,ipswich vs liverpool,2026-09-04,ipswich,liverpool,yellows,Total,4.5,0.337,UNDER
2026-09-02T23:29:13,2026-2027,3,ipswich vs liverpool,2026-09-04,ipswich,liverpool,yellows,Total,5.5,0.1965,UNDER
2026-09-02T23:29:13,2026-2027,3,ipswich vs liverpool,2026-09-04,ipswich,liverpool,yellows,Total,6.5,0.1042,UNDER
2026-09-02T23:29:13,2026-2027,3,ipswich vs liverpool,2026-09-04,ipswich,liverpool,yellows,Local,1.5,0.6447,OVER
2026-09-02T23:29:13,2026-2027,3,ipswich vs liverpool,2026-09-04,ipswich,liverpool,yellows,Local,2.5,0.3498,UNDER
2026-09-02T23:29:13,2026-2027,3,ipswich vs liverpool,2026-09-04,ipswich,liverpool,yellows,Visitante,1.5,0.5328,OVER
2026-09-02T23:29:13,2026-2027,3,ipswich vs liverpool,2026-09-04,ipswich,liverpool,yellows,Visitante,2.5,0.2475,UNDER
2026-09-02T23:29:13,2026-2027,3,ipswich vs liverpool,2026-09-04,ipswich,liverpool,fouls,Total,19.5,0.7332,OVER
2026-09-02T23:29:13,2026-2027,3,ipswich vs liverpool,2026-09-04,ipswich,liverpool,fouls,Total,21.5,0.5633,OVER
2026-09-02T23:29:13,2026-2027,3,ipswich vs liverpool,2026-09-04,ipswich,liverpool,fouls,Total,23.5,0.384,UNDER
2026-09-02T23:29:13,2026-2027,3,ipswich vs liverpool,2026-09-04,ipswich,liverpool,fouls,Total,25.5,0.2326,UNDER
2026-09-02T23:29:13,2026-2027,3,ipswich vs liverpool,2026-09-04,ipswich,liverpool,shots,Total,20.5,0.8869,OVER
2026-09-02T23:29:13,2026-2027,3,ipswich vs liverpool,2026-09-04,ipswich,liverpool,shots,Total,22.5,0.8037,OVER
2026-09-02T23:29:13,2026-2027,3,ipswich vs liverpool,2026-09-04,ipswich,liverpool,shots,Total,24.5,0.6822,OVER
2026-09-02T23:29:13,2026-2027,3,ipswich vs liverpool,2026-09-04,ipswich,liverpool,shots,Total,26.5,0.5355,OVER
2026-09-02T23:29:13,2026-2027,3,ipswich vs liverpool,2026-09-04,ipswich,liverpool,shots,Local,9.5,0.6361,OVER
2026-09-02T23:29:13,2026-2027,3,ipswich vs liverpool,2026-09-04,ipswich,liverpool,shots,Local,11.5,0.4424,UNDER
2026-09-02T23:29:13,2026-2027,3,ipswich vs liverpool,2026-09-04,ipswich,liverpool,shots,Local,13.5,0.2774,UNDER
2026-09-02T23:29:13,2026-2027,3,ipswich vs liverpool,2026-09-04,ipswich,liverpool,shots,Visitante,9.5,0.9289,OVER
2026-09-02T23:29:13,2026-2027,3,ipswich vs liverpool,2026-09-04,ipswich,liverpool,shots,Visitante,11.5,0.8375,OVER
2026-09-02T23:29:13,2026-2027,3,ipswich vs liverpool,2026-09-04,ipswich,liverpool,shots,Visitante,13.5,0.7078,OVER
2026-09-02T23:29:13,2026-2027,3,ipswich vs liverpool,2026-09-04,ipswich,liverpool,sot,Total,6.5,0.7808,OVER
2026-09-02T23:29:13,2026-2027,3,ipswich vs liverpool,2026-09-04,ipswich,liverpool,sot,Total,7.5,0.6625,OVER
2026-09-02T23:29:13,2026-2027,3,ipswich vs liverpool,2026-09-04,ipswich,liverpool,sot,Total,8.5,0.5306,OVER
2026-09-02T23:29:13,2026-2027,3,ipswich vs liverpool,2026-09-04,ipswich,liverpool,sot,Total,9.5,0.4016,UNDER
2026-09-02T23:29:13,2026-2027,3,ipswich vs liverpool,2026-09-04,ipswich,liverpool,booking_pts,Total,30.5,0.5743,OVER
2026-09-02T23:29:13,2026-2027,3,ipswich vs liverpool,2026-09-04,ipswich,liverpool,booking_pts,Total,40.5,0.4025,UNDER
2026-09-02T23:29:13,2026-2027,3,ipswich vs liverpool,2026-09-04,ipswich,liverpool,booking_pts,Total,50.5,0.2602,UNDER
2026-09-02T23:29:13,2026-2027,3,paris sg vs monaco,2026-09-04,paris sg,monaco,1X2,Total,,0.63,1
2026-09-02T23:29:13,2026-2027,3,paris sg vs monaco,2026-09-04,paris sg,monaco,Goles,Total,2.5,0.5661,OVER
2026-09-02T23:29:13,2026-2027,3,paris sg vs monaco,2026-09-04,paris sg,monaco,corners,Total,7.5,0.7215,OVER
2026-09-02T23:29:13,2026-2027,3,paris sg vs monaco,2026-09-04,paris sg,monaco,corners,Total,8.5,0.6081,OVER
2026-09-02T23:29:13,2026-2027,3,paris sg vs monaco,2026-09-04,paris sg,monaco,corners,Total,9.5,0.4885,UNDER
2026-09-02T23:29:13,2026-2027,3,paris sg vs monaco,2026-09-04,paris sg,monaco,corners,Total,10.5,0.3694,UNDER
2026-09-02T23:29:13,2026-2027,3,paris sg vs monaco,2026-09-04,paris sg,monaco,corners,Total,11.5,0.265,UNDER
2026-09-02T23:29:13,2026-2027,3,paris sg vs monaco,2026-09-04,paris sg,monaco,corners,Local,3.5,0.8082,OVER
2026-09-02T23:29:13,2026-2027,3,paris sg vs monaco,2026-09-04,paris sg,monaco,corners,Local,4.5,0.6783,OVER
2026-09-02T23:29:13,2026-2027,3,paris sg vs monaco,2026-09-04,paris sg,monaco,corners,Local,5.5,0.5402,OVER
2026-09-02T23:29:13,2026-2027,3,paris sg vs monaco,2026-09-04,paris sg,monaco,corners,Visitante,3.5,0.4365,UNDER
2026-09-02T23:29:13,2026-2027,3,paris sg vs monaco,2026-09-04,paris sg,monaco,corners,Visitante,4.5,0.2814,UNDER
2026-09-02T23:29:13,2026-2027,3,paris sg vs monaco,2026-09-04,paris sg,monaco,corners,Visitante,5.5,0.1726,UNDER
2026-09-02T23:29:13,2026-2027,3,paris sg vs monaco,2026-09-04,paris sg,monaco,yellows,Total,2.5,0.5887,OVER
2026-09-02T23:29:13,2026-2027,3,paris sg vs monaco,2026-09-04,paris sg,monaco,yellows,Total,3.5,0.3774,UNDER
2026-09-02T23:29:13,2026-2027,3,paris sg vs monaco,2026-09-04,paris sg,monaco,yellows,Total,4.5,0.2133,UNDER
2026-09-02T23:29:13,2026-2027,3,paris sg vs monaco,2026-09-04,paris sg,monaco,yellows,Total,5.5,0.1079,UNDER
2026-09-02T23:29:13,2026-2027,3,paris sg vs monaco,2026-09-04,paris sg,monaco,yellows,Total,6.5,0.0494,UNDER
2026-09-02T23:29:13,2026-2027,3,paris sg vs monaco,2026-09-04,paris sg,monaco,yellows,Local,1.5,0.4064,UNDER
2026-09-02T23:29:13,2026-2027,3,paris sg vs monaco,2026-09-04,paris sg,monaco,yellows,Local,2.5,0.1566,UNDER
2026-09-02T23:29:13,2026-2027,3,paris sg vs monaco,2026-09-04,paris sg,monaco,yellows,Visitante,1.5,0.5296,OVER
2026-09-02T23:29:13,2026-2027,3,paris sg vs monaco,2026-09-04,paris sg,monaco,yellows,Visitante,2.5,0.245,UNDER
2026-09-02T23:29:13,2026-2027,3,paris sg vs monaco,2026-09-04,paris sg,monaco,fouls,Total,19.5,0.5275,OVER
2026-09-02T23:29:13,2026-2027,3,paris sg vs monaco,2026-09-04,paris sg,monaco,fouls,Total,21.5,0.3533,UNDER
2026-09-02T23:29:13,2026-2027,3,paris sg vs monaco,2026-09-04,paris sg,monaco,fouls,Total,23.5,0.2137,UNDER
2026-09-02T23:29:13,2026-2027,3,paris sg vs monaco,2026-09-04,paris sg,monaco,fouls,Total,25.5,0.1149,UNDER
2026-09-02T23:29:13,2026-2027,3,paris sg vs monaco,2026-09-04,paris sg,monaco,shots,Total,20.5,0.894,OVER
2026-09-02T23:29:13,2026-2027,3,paris sg vs monaco,2026-09-04,paris sg,monaco,shots,Total,22.5,0.8144,OVER
2026-09-02T23:29:13,2026-2027,3,paris sg vs monaco,2026-09-04,paris sg,monaco,shots,Total,24.5,0.6958,OVER
2026-09-02T23:29:13,2026-2027,3,paris sg vs monaco,2026-09-04,paris sg,monaco,shots,Total,26.5,0.5503,OVER
2026-09-02T23:29:13,2026-2027,3,paris sg vs monaco,2026-09-04,paris sg,monaco,shots,Local,9.5,0.966,OVER
2026-09-02T23:29:13,2026-2027,3,paris sg vs monaco,2026-09-04,paris sg,monaco,shots,Local,11.5,0.911,OVER
2026-09-02T23:29:13,2026-2027,3,paris sg vs monaco,2026-09-04,paris sg,monaco,shots,Local,13.5,0.8207,OVER
2026-09-02T23:29:13,2026-2027,3,paris sg vs monaco,2026-09-04,paris sg,monaco,shots,Visitante,9.5,0.464,UNDER
2026-09-02T23:29:13,2026-2027,3,paris sg vs monaco,2026-09-04,paris sg,monaco,shots,Visitante,11.5,0.2821,UNDER
2026-09-02T23:29:13,2026-2027,3,paris sg vs monaco,2026-09-04,paris sg,monaco,shots,Visitante,13.5,0.155,UNDER
2026-09-02T23:29:13,2026-2027,3,paris sg vs monaco,2026-09-04,paris sg,monaco,sot,Total,6.5,0.8523,OVER
2026-09-02T23:29:13,2026-2027,3,paris sg vs monaco,2026-09-04,paris sg,monaco,sot,Total,7.5,0.7547,OVER
2026-09-02T23:29:13,2026-2027,3,paris sg vs monaco,2026-09-04,paris sg,monaco,sot,Total,8.5,0.6338,OVER
2026-09-02T23:29:13,2026-2027,3,paris sg vs monaco,2026-09-04,paris sg,monaco,sot,Total,9.5,0.506,OVER
2026-09-02T23:29:13,2026-2027,3,paris sg vs monaco,2026-09-04,paris sg,monaco,booking_pts,Total,30.5,0.506,OVER
2026-09-02T23:29:13,2026-2027,3,paris sg vs monaco,2026-09-04,paris sg,monaco,booking_pts,Total,40.5,0.3498,UNDER
2026-09-02T23:29:13,2026-2027,3,paris sg vs monaco,2026-09-04,paris sg,monaco,booking_pts,Total,50.5,0.225,UNDER
2026-09-02T23:29:13,2026-2027,3,newcastle vs bournemouth,2026-09-05,newcastle,bournemouth,1X2,Total,,0.4276,1
2026-09-02T23:29:13,2026-2027,3,newcastle vs bournemouth,2026-09-05,newcastle,bournemouth,Goles,Total,2.5,0.5571,OVER
2026-09-02T23:29:13,2026-2027,3,newcastle vs bournemouth,2026-09-05,newcastle,bournemouth,corners,Total,7.5,0.8203,OVER
2026-09-02T23:29:13,2026-2027,3,newcastle vs bournemouth,2026-09-05,newcastle,bournemouth,corners,Total,8.5,0.7285,OVER
2026-09-02T23:29:13,2026-2027,3,newcastle vs bournemouth,2026-09-05,newcastle,bournemouth,corners,Total,9.5,0.6116,OVER
2026-09-02T23:29:13,2026-2027,3,newcastle vs bournemouth,2026-09-05,newcastle,bournemouth,corners,Total,10.5,0.4922,UNDER
2026-09-02T23:29:13,2026-2027,3,newcastle vs bournemouth,2026-09-05,newcastle,bournemouth,corners,Total,11.5,0.3789,UNDER
2026-09-02T23:29:13,2026-2027,3,newcastle vs bournemouth,2026-09-05,newcastle,bournemouth,corners,Local,3.5,0.8048,OVER
2026-09-02T23:29:13,2026-2027,3,newcastle vs bournemouth,2026-09-05,newcastle,bournemouth,corners,Local,4.5,0.6738,OVER
2026-09-02T23:29:13,2026-2027,3,newcastle vs bournemouth,2026-09-05,newcastle,bournemouth,corners,Local,5.5,0.5353,OVER
2026-09-02T23:29:13,2026-2027,3,newcastle vs bournemouth,2026-09-05,newcastle,bournemouth,corners,Visitante,3.5,0.6546,OVER
2026-09-02T23:29:13,2026-2027,3,newcastle vs bournemouth,2026-09-05,newcastle,bournemouth,corners,Visitante,4.5,0.4929,UNDER
2026-09-02T23:29:13,2026-2027,3,newcastle vs bournemouth,2026-09-05,newcastle,bournemouth,corners,Visitante,5.5,0.3508,UNDER
2026-09-02T23:29:13,2026-2027,3,newcastle vs bournemouth,2026-09-05,newcastle,bournemouth,yellows,Total,2.5,0.8256,OVER
2026-09-02T23:29:13,2026-2027,3,newcastle vs bournemouth,2026-09-05,newcastle,bournemouth,yellows,Total,3.5,0.666,OVER
2026-09-02T23:29:13,2026-2027,3,newcastle vs bournemouth,2026-09-05,newcastle,bournemouth,yellows,Total,4.5,0.4879,UNDER
2026-09-02T23:29:13,2026-2027,3,newcastle vs bournemouth,2026-09-05,newcastle,bournemouth,yellows,Total,5.5,0.325,UNDER
2026-09-02T23:29:13,2026-2027,3,newcastle vs bournemouth,2026-09-05,newcastle,bournemouth,yellows,Total,6.5,0.1979,UNDER
2026-09-02T23:29:13,2026-2027,3,newcastle vs bournemouth,2026-09-05,newcastle,bournemouth,yellows,Local,1.5,0.5925,OVER
2026-09-02T23:29:13,2026-2027,3,newcastle vs bournemouth,2026-09-05,newcastle,bournemouth,yellows,Local,2.5,0.2992,UNDER
2026-09-02T23:29:13,2026-2027,3,newcastle vs bournemouth,2026-09-05,newcastle,bournemouth,yellows,Visitante,1.5,0.795,OVER
2026-09-02T23:29:13,2026-2027,3,newcastle vs bournemouth,2026-09-05,newcastle,bournemouth,yellows,Visitante,2.5,0.5326,OVER
2026-09-02T23:29:13,2026-2027,3,newcastle vs bournemouth,2026-09-05,newcastle,bournemouth,fouls,Total,19.5,0.8372,OVER
2026-09-02T23:29:13,2026-2027,3,newcastle vs bournemouth,2026-09-05,newcastle,bournemouth,fouls,Total,21.5,0.7018,OVER
2026-09-02T23:29:13,2026-2027,3,newcastle vs bournemouth,2026-09-05,newcastle,bournemouth,fouls,Total,23.5,0.5286,OVER
2026-09-02T23:29:13,2026-2027,3,newcastle vs bournemouth,2026-09-05,newcastle,bournemouth,fouls,Total,25.5,0.358,UNDER
2026-09-02T23:29:13,2026-2027,3,newcastle vs bournemouth,2026-09-05,newcastle,bournemouth,shots,Total,20.5,0.8688,OVER
2026-09-02T23:29:13,2026-2027,3,newcastle vs bournemouth,2026-09-05,newcastle,bournemouth,shots,Total,22.5,0.7772,OVER
2026-09-02T23:29:13,2026-2027,3,newcastle vs bournemouth,2026-09-05,newcastle,bournemouth,shots,Total,24.5,0.6494,OVER
2026-09-02T23:29:13,2026-2027,3,newcastle vs bournemouth,2026-09-05,newcastle,bournemouth,shots,Total,26.5,0.5006,OVER
2026-09-02T23:29:13,2026-2027,3,newcastle vs bournemouth,2026-09-05,newcastle,bournemouth,shots,Local,9.5,0.823,OVER
2026-09-02T23:29:13,2026-2027,3,newcastle vs bournemouth,2026-09-05,newcastle,bournemouth,shots,Local,11.5,0.6683,OVER
2026-09-02T23:29:13,2026-2027,3,newcastle vs bournemouth,2026-09-05,newcastle,bournemouth,shots,Local,13.5,0.4957,UNDER
2026-09-02T23:29:13,2026-2027,3,newcastle vs bournemouth,2026-09-05,newcastle,bournemouth,shots,Visitante,9.5,0.7984,OVER
2026-09-02T23:29:13,2026-2027,3,newcastle vs bournemouth,2026-09-05,newcastle,bournemouth,shots,Visitante,11.5,0.6344,OVER
2026-09-02T23:29:13,2026-2027,3,newcastle vs bournemouth,2026-09-05,newcastle,bournemouth,shots,Visitante,13.5,0.4589,UNDER
2026-09-02T23:29:13,2026-2027,3,newcastle vs bournemouth,2026-09-05,newcastle,bournemouth,sot,Total,6.5,0.7527,OVER
2026-09-02T23:29:13,2026-2027,3,newcastle vs bournemouth,2026-09-05,newcastle,bournemouth,sot,Total,7.5,0.6286,OVER
2026-09-02T23:29:13,2026-2027,3,newcastle vs bournemouth,2026-09-05,newcastle,bournemouth,sot,Total,8.5,0.495,UNDER
2026-09-02T23:29:13,2026-2027,3,newcastle vs bournemouth,2026-09-05,newcastle,bournemouth,sot,Total,9.5,0.3676,UNDER
2026-09-02T23:29:13,2026-2027,3,newcastle vs bournemouth,2026-09-05,newcastle,bournemouth,booking_pts,Total,30.5,0.7035,OVER
2026-09-02T23:29:13,2026-2027,3,newcastle vs bournemouth,2026-09-05,newcastle,bournemouth,booking_pts,Total,40.5,0.5405,OVER
2026-09-02T23:29:13,2026-2027,3,newcastle vs bournemouth,2026-09-05,newcastle,bournemouth,booking_pts,Total,50.5,0.3846,UNDER
2026-09-02T23:29:13,2026-2027,3,fiorentina vs torino,2026-09-05,fiorentina,torino,1X2,Total,,0.4493,1
2026-09-02T23:29:13,2026-2027,3,fiorentina vs torino,2026-09-05,fiorentina,torino,Goles,Total,2.5,0.4296,UNDER
2026-09-02T23:29:13,2026-2027,3,fiorentina vs torino,2026-09-05,fiorentina,torino,corners,Total,7.5,0.6266,OVER
2026-09-02T23:29:13,2026-2027,3,fiorentina vs torino,2026-09-05,fiorentina,torino,corners,Total,8.5,0.5022,OVER
2026-09-02T23:29:13,2026-2027,3,fiorentina vs torino,2026-09-05,fiorentina,torino,corners,Total,9.5,0.3895,UNDER
2026-09-02T23:29:13,2026-2027,3,fiorentina vs torino,2026-09-05,fiorentina,torino,corners,Total,10.5,0.2786,UNDER
2026-09-02T23:29:13,2026-2027,3,fiorentina vs torino,2026-09-05,fiorentina,torino,corners,Total,11.5,0.1875,UNDER
2026-09-02T23:29:13,2026-2027,3,fiorentina vs torino,2026-09-05,fiorentina,torino,corners,Local,3.5,0.6871,OVER
2026-09-02T23:29:13,2026-2027,3,fiorentina vs torino,2026-09-05,fiorentina,torino,corners,Local,4.5,0.5291,OVER
2026-09-02T23:29:13,2026-2027,3,fiorentina vs torino,2026-09-05,fiorentina,torino,corners,Local,5.5,0.3852,UNDER
2026-09-02T23:29:13,2026-2027,3,fiorentina vs torino,2026-09-05,fiorentina,torino,corners,Visitante,3.5,0.4603,UNDER
2026-09-02T23:29:13,2026-2027,3,fiorentina vs torino,2026-09-05,fiorentina,torino,corners,Visitante,4.5,0.3021,UNDER
2026-09-02T23:29:13,2026-2027,3,fiorentina vs torino,2026-09-05,fiorentina,torino,corners,Visitante,5.5,0.1884,UNDER
2026-09-02T23:29:13,2026-2027,3,fiorentina vs torino,2026-09-05,fiorentina,torino,yellows,Total,2.5,0.7361,OVER
2026-09-02T23:29:13,2026-2027,3,fiorentina vs torino,2026-09-05,fiorentina,torino,yellows,Total,3.5,0.5443,OVER
2026-09-02T23:29:13,2026-2027,3,fiorentina vs torino,2026-09-05,fiorentina,torino,yellows,Total,4.5,0.3602,UNDER
2026-09-02T23:29:13,2026-2027,3,fiorentina vs torino,2026-09-05,fiorentina,torino,yellows,Total,5.5,0.2149,UNDER
2026-09-02T23:29:13,2026-2027,3,fiorentina vs torino,2026-09-05,fiorentina,torino,yellows,Total,6.5,0.1166,UNDER
2026-09-02T23:29:13,2026-2027,3,fiorentina vs torino,2026-09-05,fiorentina,torino,yellows,Local,1.5,0.5445,OVER
2026-09-02T23:29:13,2026-2027,3,fiorentina vs torino,2026-09-05,fiorentina,torino,yellows,Local,2.5,0.2572,UNDER
2026-09-02T23:29:13,2026-2027,3,fiorentina vs torino,2026-09-05,fiorentina,torino,yellows,Visitante,1.5,0.6705,OVER
2026-09-02T23:29:13,2026-2027,3,fiorentina vs torino,2026-09-05,fiorentina,torino,yellows,Visitante,2.5,0.3769,UNDER
2026-09-02T23:29:13,2026-2027,3,fiorentina vs torino,2026-09-05,fiorentina,torino,fouls,Total,19.5,0.8822,OVER
2026-09-02T23:29:13,2026-2027,3,fiorentina vs torino,2026-09-05,fiorentina,torino,fouls,Total,21.5,0.7829,OVER
2026-09-02T23:29:13,2026-2027,3,fiorentina vs torino,2026-09-05,fiorentina,torino,fouls,Total,23.5,0.6432,OVER
2026-09-02T23:29:13,2026-2027,3,fiorentina vs torino,2026-09-05,fiorentina,torino,fouls,Total,25.5,0.4911,UNDER
2026-09-02T23:29:13,2026-2027,3,fiorentina vs torino,2026-09-05,fiorentina,torino,shots,Total,20.5,0.8363,OVER
2026-09-02T23:29:13,2026-2027,3,fiorentina vs torino,2026-09-05,fiorentina,torino,shots,Total,22.5,0.7314,OVER
2026-09-02T23:29:13,2026-2027,3,fiorentina vs torino,2026-09-05,fiorentina,torino,shots,Total,24.5,0.5953,OVER
2026-09-02T23:29:13,2026-2027,3,fiorentina vs torino,2026-09-05,fiorentina,torino,shots,Total,26.5,0.4457,UNDER
2026-09-02T23:29:13,2026-2027,3,fiorentina vs torino,2026-09-05,fiorentina,torino,shots,Local,9.5,0.8553,OVER
2026-09-02T23:29:13,2026-2027,3,fiorentina vs torino,2026-09-05,fiorentina,torino,shots,Local,11.5,0.7155,OVER
2026-09-02T23:29:13,2026-2027,3,fiorentina vs torino,2026-09-05,fiorentina,torino,shots,Local,13.5,0.5498,OVER
2026-09-02T23:29:13,2026-2027,3,fiorentina vs torino,2026-09-05,fiorentina,torino,shots,Visitante,9.5,0.6866,OVER
2026-09-02T23:29:13,2026-2027,3,fiorentina vs torino,2026-09-05,fiorentina,torino,shots,Visitante,11.5,0.497,UNDER
2026-09-02T23:29:13,2026-2027,3,fiorentina vs torino,2026-09-05,fiorentina,torino,shots,Visitante,13.5,0.3248,UNDER
2026-09-02T23:29:13,2026-2027,3,fiorentina vs torino,2026-09-05,fiorentina,torino,sot,Total,6.5,0.6809,OVER
2026-09-02T23:29:13,2026-2027,3,fiorentina vs torino,2026-09-05,fiorentina,torino,sot,Total,7.5,0.5466,OVER
2026-09-02T23:29:13,2026-2027,3,fiorentina vs torino,2026-09-05,fiorentina,torino,sot,Total,8.5,0.4132,UNDER
2026-09-02T23:29:13,2026-2027,3,fiorentina vs torino,2026-09-05,fiorentina,torino,sot,Total,9.5,0.2932,UNDER
2026-09-02T23:29:13,2026-2027,3,fiorentina vs torino,2026-09-05,fiorentina,torino,booking_pts,Total,30.5,0.6334,OVER
2026-09-02T23:29:13,2026-2027,3,fiorentina vs torino,2026-09-05,fiorentina,torino,booking_pts,Total,40.5,0.4716,UNDER
2026-09-02T23:29:13,2026-2027,3,fiorentina vs torino,2026-09-05,fiorentina,torino,booking_pts,Total,50.5,0.3275,UNDER
2026-09-02T23:29:13,2026-2027,2,werder bremen vs rb leipzig,2026-09-05,werder bremen,rb leipzig,1X2,Total,,0.5077,2
2026-09-02T23:29:13,2026-2027,2,werder bremen vs rb leipzig,2026-09-05,werder bremen,rb leipzig,Goles,Total,2.5,0.6244,OVER
2026-09-02T23:29:13,2026-2027,2,werder bremen vs rb leipzig,2026-09-05,werder bremen,rb leipzig,corners,Total,7.5,0.7002,OVER
2026-09-02T23:29:13,2026-2027,2,werder bremen vs rb leipzig,2026-09-05,werder bremen,rb leipzig,corners,Total,8.5,0.5836,OVER
2026-09-02T23:29:13,2026-2027,2,werder bremen vs rb leipzig,2026-09-05,werder bremen,rb leipzig,corners,Total,9.5,0.465,UNDER
2026-09-02T23:29:13,2026-2027,2,werder bremen vs rb leipzig,2026-09-05,werder bremen,rb leipzig,corners,Total,10.5,0.3472,UNDER
2026-09-02T23:29:13,2026-2027,2,werder bremen vs rb leipzig,2026-09-05,werder bremen,rb leipzig,corners,Total,11.5,0.2455,UNDER
2026-09-02T23:29:13,2026-2027,2,werder bremen vs rb leipzig,2026-09-05,werder bremen,rb leipzig,corners,Local,3.5,0.6103,OVER
2026-09-02T23:29:13,2026-2027,2,werder bremen vs rb leipzig,2026-09-05,werder bremen,rb leipzig,corners,Local,4.5,0.4456,UNDER
2026-09-02T23:29:13,2026-2027,2,werder bremen vs rb leipzig,2026-09-05,werder bremen,rb leipzig,corners,Local,5.5,0.3076,UNDER
2026-09-02T23:29:13,2026-2027,2,werder bremen vs rb leipzig,2026-09-05,werder bremen,rb leipzig,corners,Visitante,3.5,0.6654,OVER
2026-09-02T23:29:13,2026-2027,2,werder bremen vs rb leipzig,2026-09-05,werder bremen,rb leipzig,corners,Visitante,4.5,0.5048,OVER
2026-09-02T23:29:13,2026-2027,2,werder bremen vs rb leipzig,2026-09-05,werder bremen,rb leipzig,corners,Visitante,5.5,0.362,UNDER
2026-09-02T23:29:13,2026-2027,2,werder bremen vs rb leipzig,2026-09-05,werder bremen,rb leipzig,yellows,Total,2.5,0.6328,OVER
2026-09-02T23:29:13,2026-2027,2,werder bremen vs rb leipzig,2026-09-05,werder bremen,rb leipzig,yellows,Total,3.5,0.4236,UNDER
2026-09-02T23:29:13,2026-2027,2,werder bremen vs rb leipzig,2026-09-05,werder bremen,rb leipzig,yellows,Total,4.5,0.251,UNDER
2026-09-02T23:29:13,2026-2027,2,werder bremen vs rb leipzig,2026-09-05,werder bremen,rb leipzig,yellows,Total,5.5,0.1332,UNDER
2026-09-02T23:29:13,2026-2027,2,werder bremen vs rb leipzig,2026-09-05,werder bremen,rb leipzig,yellows,Total,6.5,0.0641,UNDER
2026-09-02T23:29:13,2026-2027,2,werder bremen vs rb leipzig,2026-09-05,werder bremen,rb leipzig,yellows,Local,1.5,0.5283,OVER
2026-09-02T23:29:13,2026-2027,2,werder bremen vs rb leipzig,2026-09-05,werder bremen,rb leipzig,yellows,Local,2.5,0.2439,UNDER
2026-09-02T23:29:13,2026-2027,2,werder bremen vs rb leipzig,2026-09-05,werder bremen,rb leipzig,yellows,Visitante,1.5,0.4922,UNDER
2026-09-02T23:29:13,2026-2027,2,werder bremen vs rb leipzig,2026-09-05,werder bremen,rb leipzig,yellows,Visitante,2.5,0.2158,UNDER
2026-09-02T23:29:13,2026-2027,2,werder bremen vs rb leipzig,2026-09-05,werder bremen,rb leipzig,fouls,Total,19.5,0.3481,UNDER
2026-09-02T23:29:13,2026-2027,2,werder bremen vs rb leipzig,2026-09-05,werder bremen,rb leipzig,fouls,Total,21.5,0.2204,UNDER
2026-09-02T23:29:13,2026-2027,2,werder bremen vs rb leipzig,2026-09-05,werder bremen,rb leipzig,fouls,Total,23.5,0.1321,UNDER
2026-09-02T23:29:13,2026-2027,2,werder bremen vs rb leipzig,2026-09-05,werder bremen,rb leipzig,fouls,Total,25.5,0.0717,UNDER
2026-09-02T23:29:13,2026-2027,2,werder bremen vs rb leipzig,2026-09-05,werder bremen,rb leipzig,shots,Total,20.5,0.8397,OVER
2026-09-02T23:29:13,2026-2027,2,werder bremen vs rb leipzig,2026-09-05,werder bremen,rb leipzig,shots,Total,22.5,0.736,OVER
2026-09-02T23:29:13,2026-2027,2,werder bremen vs rb leipzig,2026-09-05,werder bremen,rb leipzig,shots,Total,24.5,0.6006,OVER
2026-09-02T23:29:13,2026-2027,2,werder bremen vs rb leipzig,2026-09-05,werder bremen,rb leipzig,shots,Total,26.5,0.4509,UNDER
2026-09-02T23:29:13,2026-2027,2,werder bremen vs rb leipzig,2026-09-05,werder bremen,rb leipzig,shots,Local,9.5,0.7274,OVER
2026-09-02T23:29:13,2026-2027,2,werder bremen vs rb leipzig,2026-09-05,werder bremen,rb leipzig,shots,Local,11.5,0.5443,OVER
2026-09-02T23:29:13,2026-2027,2,werder bremen vs rb leipzig,2026-09-05,werder bremen,rb leipzig,shots,Local,13.5,0.3685,UNDER
2026-09-02T23:29:13,2026-2027,2,werder bremen vs rb leipzig,2026-09-05,werder bremen,rb leipzig,shots,Visitante,9.5,0.8343,OVER
2026-09-02T23:29:13,2026-2027,2,werder bremen vs rb leipzig,2026-09-05,werder bremen,rb leipzig,shots,Visitante,11.5,0.6844,OVER
2026-09-02T23:29:13,2026-2027,2,werder bremen vs rb leipzig,2026-09-05,werder bremen,rb leipzig,shots,Visitante,13.5,0.5138,OVER
2026-09-02T23:29:13,2026-2027,2,werder bremen vs rb leipzig,2026-09-05,werder bremen,rb leipzig,sot,Total,6.5,0.8022,OVER
2026-09-02T23:29:13,2026-2027,2,werder bremen vs rb leipzig,2026-09-05,werder bremen,rb leipzig,sot,Total,7.5,0.6891,OVER
2026-09-02T23:29:13,2026-2027,2,werder bremen vs rb leipzig,2026-09-05,werder bremen,rb leipzig,sot,Total,8.5,0.5594,OVER
2026-09-02T23:29:13,2026-2027,2,werder bremen vs rb leipzig,2026-09-05,werder bremen,rb leipzig,sot,Total,9.5,0.4298,UNDER
2026-09-02T23:29:13,2026-2027,2,werder bremen vs rb leipzig,2026-09-05,werder bremen,rb leipzig,booking_pts,Total,30.5,0.4995,UNDER
2026-09-02T23:29:13,2026-2027,2,werder bremen vs rb leipzig,2026-09-05,werder bremen,rb leipzig,booking_pts,Total,40.5,0.3345,UNDER
2026-09-02T23:29:13,2026-2027,2,werder bremen vs rb leipzig,2026-09-05,werder bremen,rb leipzig,booking_pts,Total,50.5,0.2072,UNDER
2026-09-02T23:29:13,2026-2027,2,leverkusen vs union berlin,2026-09-05,leverkusen,union berlin,1X2,Total,,0.6801,1
2026-09-02T23:29:13,2026-2027,2,leverkusen vs union berlin,2026-09-05,leverkusen,union berlin,Goles,Total,2.5,0.6693,OVER
2026-09-02T23:29:13,2026-2027,2,leverkusen vs union berlin,2026-09-05,leverkusen,union berlin,corners,Total,7.5,0.7512,OVER
2026-09-02T23:29:13,2026-2027,2,leverkusen vs union berlin,2026-09-05,leverkusen,union berlin,corners,Total,8.5,0.6431,OVER
2026-09-02T23:29:13,2026-2027,2,leverkusen vs union berlin,2026-09-05,leverkusen,union berlin,corners,Total,9.5,0.5231,OVER
2026-09-02T23:29:13,2026-2027,2,leverkusen vs union berlin,2026-09-05,leverkusen,union berlin,corners,Total,10.5,0.4027,UNDER
2026-09-02T23:29:13,2026-2027,2,leverkusen vs union berlin,2026-09-05,leverkusen,union berlin,corners,Total,11.5,0.2949,UNDER
2026-09-02T23:29:13,2026-2027,2,leverkusen vs union berlin,2026-09-05,leverkusen,union berlin,corners,Local,3.5,0.8382,OVER
2026-09-02T23:29:13,2026-2027,2,leverkusen vs union berlin,2026-09-05,leverkusen,union berlin,corners,Local,4.5,0.7195,OVER
2026-09-02T23:29:13,2026-2027,2,leverkusen vs union berlin,2026-09-05,leverkusen,union berlin,corners,Local,5.5,0.5873,OVER
2026-09-02T23:29:13,2026-2027,2,leverkusen vs union berlin,2026-09-05,leverkusen,union berlin,corners,Visitante,3.5,0.4344,UNDER
2026-09-02T23:29:13,2026-2027,2,leverkusen vs union berlin,2026-09-05,leverkusen,union berlin,corners,Visitante,4.5,0.2796,UNDER
2026-09-02T23:29:13,2026-2027,2,leverkusen vs union berlin,2026-09-05,leverkusen,union berlin,corners,Visitante,5.5,0.1713,UNDER
2026-09-02T23:29:13,2026-2027,2,leverkusen vs union berlin,2026-09-05,leverkusen,union berlin,yellows,Total,2.5,0.7099,OVER
2026-09-02T23:29:13,2026-2027,2,leverkusen vs union berlin,2026-09-05,leverkusen,union berlin,yellows,Total,3.5,0.5119,OVER
2026-09-02T23:29:13,2026-2027,2,leverkusen vs union berlin,2026-09-05,leverkusen,union berlin,yellows,Total,4.5,0.3293,UNDER
2026-09-02T23:29:13,2026-2027,2,leverkusen vs union berlin,2026-09-05,leverkusen,union berlin,yellows,Total,5.5,0.1906,UNDER
2026-09-02T23:29:13,2026-2027,2,leverkusen vs union berlin,2026-09-05,leverkusen,union berlin,yellows,Total,6.5,0.1002,UNDER
2026-09-02T23:29:13,2026-2027,2,leverkusen vs union berlin,2026-09-05,leverkusen,union berlin,yellows,Local,1.5,0.4701,UNDER
2026-09-02T23:29:13,2026-2027,2,leverkusen vs union berlin,2026-09-05,leverkusen,union berlin,yellows,Local,2.5,0.1996,UNDER
2026-09-02T23:29:13,2026-2027,2,leverkusen vs union berlin,2026-09-05,leverkusen,union berlin,yellows,Visitante,1.5,0.6808,OVER
2026-09-02T23:29:13,2026-2027,2,leverkusen vs union berlin,2026-09-05,leverkusen,union berlin,yellows,Visitante,2.5,0.3882,UNDER
2026-09-02T23:29:13,2026-2027,2,leverkusen vs union berlin,2026-09-05,leverkusen,union berlin,fouls,Total,19.5,0.3918,UNDER
2026-09-02T23:29:13,2026-2027,2,leverkusen vs union berlin,2026-09-05,leverkusen,union berlin,fouls,Total,21.5,0.2554,UNDER
2026-09-02T23:29:13,2026-2027,2,leverkusen vs union berlin,2026-09-05,leverkusen,union berlin,fouls,Total,23.5,0.1567,UNDER
2026-09-02T23:29:13,2026-2027,2,leverkusen vs union berlin,2026-09-05,leverkusen,union berlin,fouls,Total,25.5,0.0874,UNDER
2026-09-02T23:29:13,2026-2027,2,leverkusen vs union berlin,2026-09-05,leverkusen,union berlin,shots,Total,20.5,0.9114,OVER
2026-09-02T23:29:13,2026-2027,2,leverkusen vs union berlin,2026-09-05,leverkusen,union berlin,shots,Total,22.5,0.8409,OVER
2026-09-02T23:29:13,2026-2027,2,leverkusen vs union berlin,2026-09-05,leverkusen,union berlin,shots,Total,24.5,0.7306,OVER
2026-09-02T23:29:13,2026-2027,2,leverkusen vs union berlin,2026-09-05,leverkusen,union berlin,shots,Total,26.5,0.5892,OVER
2026-09-02T23:29:13,2026-2027,2,leverkusen vs union berlin,2026-09-05,leverkusen,union berlin,shots,Local,9.5,0.946,OVER
2026-09-02T23:29:13,2026-2027,2,leverkusen vs union berlin,2026-09-05,leverkusen,union berlin,shots,Local,11.5,0.87,OVER
2026-09-02T23:29:13,2026-2027,2,leverkusen vs union berlin,2026-09-05,leverkusen,union berlin,shots,Local,13.5,0.7556,OVER
2026-09-02T23:29:13,2026-2027,2,leverkusen vs union berlin,2026-09-05,leverkusen,union berlin,shots,Visitante,9.5,0.6516,OVER
2026-09-02T23:29:13,2026-2027,2,leverkusen vs union berlin,2026-09-05,leverkusen,union berlin,shots,Visitante,11.5,0.4587,UNDER
2026-09-02T23:29:13,2026-2027,2,leverkusen vs union berlin,2026-09-05,leverkusen,union berlin,shots,Visitante,13.5,0.2912,UNDER
2026-09-02T23:29:13,2026-2027,2,leverkusen vs union berlin,2026-09-05,leverkusen,union berlin,sot,Total,6.5,0.8468,OVER
2026-09-02T23:29:13,2026-2027,2,leverkusen vs union berlin,2026-09-05,leverkusen,union berlin,sot,Total,7.5,0.7472,OVER
2026-09-02T23:29:13,2026-2027,2,leverkusen vs union berlin,2026-09-05,leverkusen,union berlin,sot,Total,8.5,0.6251,OVER
2026-09-02T23:29:13,2026-2027,2,leverkusen vs union berlin,2026-09-05,leverkusen,union berlin,sot,Total,9.5,0.4968,UNDER
2026-09-02T23:29:13,2026-2027,2,leverkusen vs union berlin,2026-09-05,leverkusen,union berlin,booking_pts,Total,30.5,0.5763,OVER
2026-09-02T23:29:13,2026-2027,2,leverkusen vs union berlin,2026-09-05,leverkusen,union berlin,booking_pts,Total,40.5,0.4069,UNDER
2026-09-02T23:29:13,2026-2027,2,leverkusen vs union berlin,2026-09-05,leverkusen,union berlin,booking_pts,Total,50.5,0.2659,UNDER
2026-09-02T23:29:13,2026-2027,2,hoffenheim vs dortmund,2026-09-05,hoffenheim,dortmund,1X2,Total,,0.414,2
2026-09-02T23:29:13,2026-2027,2,hoffenheim vs dortmund,2026-09-05,hoffenheim,dortmund,Goles,Total,2.5,0.63,OVER
2026-09-02T23:29:13,2026-2027,2,hoffenheim vs dortmund,2026-09-05,hoffenheim,dortmund,corners,Total,7.5,0.7308,OVER
2026-09-02T23:29:13,2026-2027,2,hoffenheim vs dortmund,2026-09-05,hoffenheim,dortmund,corners,Total,8.5,0.619,OVER
2026-09-02T23:29:13,2026-2027,2,hoffenheim vs dortmund,2026-09-05,hoffenheim,dortmund,corners,Total,9.5,0.4992,UNDER
2026-09-02T23:29:13,2026-2027,2,hoffenheim vs dortmund,2026-09-05,hoffenheim,dortmund,corners,Total,10.5,0.3796,UNDER
2026-09-02T23:29:13,2026-2027,2,hoffenheim vs dortmund,2026-09-05,hoffenheim,dortmund,corners,Total,11.5,0.274,UNDER
2026-09-02T23:29:13,2026-2027,2,hoffenheim vs dortmund,2026-09-05,hoffenheim,dortmund,corners,Local,3.5,0.6624,OVER
2026-09-02T23:29:13,2026-2027,2,hoffenheim vs dortmund,2026-09-05,hoffenheim,dortmund,corners,Local,4.5,0.5015,OVER
2026-09-02T23:29:13,2026-2027,2,hoffenheim vs dortmund,2026-09-05,hoffenheim,dortmund,corners,Local,5.5,0.3588,UNDER
2026-09-02T23:29:13,2026-2027,2,hoffenheim vs dortmund,2026-09-05,hoffenheim,dortmund,corners,Visitante,3.5,0.6629,OVER
2026-09-02T23:29:13,2026-2027,2,hoffenheim vs dortmund,2026-09-05,hoffenheim,dortmund,corners,Visitante,4.5,0.502,OVER
2026-09-02T23:29:13,2026-2027,2,hoffenheim vs dortmund,2026-09-05,hoffenheim,dortmund,corners,Visitante,5.5,0.3593,UNDER
2026-09-02T23:29:13,2026-2027,2,hoffenheim vs dortmund,2026-09-05,hoffenheim,dortmund,yellows,Total,2.5,0.7066,OVER
2026-09-02T23:29:13,2026-2027,2,hoffenheim vs dortmund,2026-09-05,hoffenheim,dortmund,yellows,Total,3.5,0.5079,OVER
2026-09-02T23:29:13,2026-2027,2,hoffenheim vs dortmund,2026-09-05,hoffenheim,dortmund,yellows,Total,4.5,0.3256,UNDER
2026-09-02T23:29:13,2026-2027,2,hoffenheim vs dortmund,2026-09-05,hoffenheim,dortmund,yellows,Total,5.5,0.1877,UNDER
2026-09-02T23:29:13,2026-2027,2,hoffenheim vs dortmund,2026-09-05,hoffenheim,dortmund,yellows,Total,6.5,0.0983,UNDER
2026-09-02T23:29:13,2026-2027,2,hoffenheim vs dortmund,2026-09-05,hoffenheim,dortmund,yellows,Local,1.5,0.5703,OVER
2026-09-02T23:29:13,2026-2027,2,hoffenheim vs dortmund,2026-09-05,hoffenheim,dortmund,yellows,Local,2.5,0.2792,UNDER
2026-09-02T23:29:13,2026-2027,2,hoffenheim vs dortmund,2026-09-05,hoffenheim,dortmund,yellows,Visitante,1.5,0.5925,OVER
2026-09-02T23:29:13,2026-2027,2,hoffenheim vs dortmund,2026-09-05,hoffenheim,dortmund,yellows,Visitante,2.5,0.2991,UNDER
2026-09-02T23:29:13,2026-2027,2,hoffenheim vs dortmund,2026-09-05,hoffenheim,dortmund,fouls,Total,19.5,0.6344,OVER
2026-09-02T23:29:13,2026-2027,2,hoffenheim vs dortmund,2026-09-05,hoffenheim,dortmund,fouls,Total,21.5,0.4824,UNDER
2026-09-02T23:29:13,2026-2027,2,hoffenheim vs dortmund,2026-09-05,hoffenheim,dortmund,fouls,Total,23.5,0.3382,UNDER
2026-09-02T23:29:13,2026-2027,2,hoffenheim vs dortmund,2026-09-05,hoffenheim,dortmund,fouls,Total,25.5,0.2186,UNDER
2026-09-02T23:29:13,2026-2027,2,hoffenheim vs dortmund,2026-09-05,hoffenheim,dortmund,shots,Total,20.5,0.7652,OVER
2026-09-02T23:29:13,2026-2027,2,hoffenheim vs dortmund,2026-09-05,hoffenheim,dortmund,shots,Total,22.5,0.6376,OVER
2026-09-02T23:29:13,2026-2027,2,hoffenheim vs dortmund,2026-09-05,hoffenheim,dortmund,shots,Total,24.5,0.493,UNDER
2026-09-02T23:29:13,2026-2027,2,hoffenheim vs dortmund,2026-09-05,hoffenheim,dortmund,shots,Total,26.5,0.3493,UNDER
2026-09-02T23:29:13,2026-2027,2,hoffenheim vs dortmund,2026-09-05,hoffenheim,dortmund,shots,Local,9.5,0.7559,OVER
2026-09-02T23:29:13,2026-2027,2,hoffenheim vs dortmund,2026-09-05,hoffenheim,dortmund,shots,Local,11.5,0.5791,OVER
2026-09-02T23:29:13,2026-2027,2,hoffenheim vs dortmund,2026-09-05,hoffenheim,dortmund,shots,Local,13.5,0.4022,UNDER
2026-09-02T23:29:13,2026-2027,2,hoffenheim vs dortmund,2026-09-05,hoffenheim,dortmund,shots,Visitante,9.5,0.6943,OVER
2026-09-02T23:29:13,2026-2027,2,hoffenheim vs dortmund,2026-09-05,hoffenheim,dortmund,shots,Visitante,11.5,0.5057,OVER
2026-09-02T23:29:13,2026-2027,2,hoffenheim vs dortmund,2026-09-05,hoffenheim,dortmund,shots,Visitante,13.5,0.3327,UNDER
2026-09-02T23:29:13,2026-2027,2,hoffenheim vs dortmund,2026-09-05,hoffenheim,dortmund,sot,Total,6.5,0.7868,OVER
2026-09-02T23:29:13,2026-2027,2,hoffenheim vs dortmund,2026-09-05,hoffenheim,dortmund,sot,Total,7.5,0.6699,OVER
2026-09-02T23:29:13,2026-2027,2,hoffenheim vs dortmund,2026-09-05,hoffenheim,dortmund,sot,Total,8.5,0.5386,OVER
2026-09-02T23:29:13,2026-2027,2,hoffenheim vs dortmund,2026-09-05,hoffenheim,dortmund,sot,Total,9.5,0.4093,UNDER
2026-09-02T23:29:13,2026-2027,2,hoffenheim vs dortmund,2026-09-05,hoffenheim,dortmund,booking_pts,Total,30.5,0.5728,OVER
2026-09-02T23:29:13,2026-2027,2,hoffenheim vs dortmund,2026-09-05,hoffenheim,dortmund,booking_pts,Total,40.5,0.4035,UNDER
2026-09-02T23:29:13,2026-2027,2,hoffenheim vs dortmund,2026-09-05,hoffenheim,dortmund,booking_pts,Total,50.5,0.263,UNDER
2026-09-02T23:29:13,2026-2027,2,paderborn vs freiburg,2026-09-05,paderborn,freiburg,1X2,Total,,0.4169,2
2026-09-02T23:29:13,2026-2027,2,paderborn vs freiburg,2026-09-05,paderborn,freiburg,Goles,Total,2.5,0.5006,OVER
2026-09-02T23:29:13,2026-2027,2,paderborn vs freiburg,2026-09-05,paderborn,freiburg,corners,Total,7.5,0.7214,OVER
2026-09-02T23:29:13,2026-2027,2,paderborn vs freiburg,2026-09-05,paderborn,freiburg,corners,Total,8.5,0.608,OVER
2026-09-02T23:29:13,2026-2027,2,paderborn vs freiburg,2026-09-05,paderborn,freiburg,corners,Total,9.5,0.4884,UNDER
2026-09-02T23:29:13,2026-2027,2,paderborn vs freiburg,2026-09-05,paderborn,freiburg,corners,Total,10.5,0.3693,UNDER
2026-09-02T23:29:13,2026-2027,2,paderborn vs freiburg,2026-09-05,paderborn,freiburg,corners,Total,11.5,0.2649,UNDER
2026-09-02T23:29:13,2026-2027,2,paderborn vs freiburg,2026-09-05,paderborn,freiburg,corners,Local,3.5,0.6544,OVER
2026-09-02T23:29:13,2026-2027,2,paderborn vs freiburg,2026-09-05,paderborn,freiburg,corners,Local,4.5,0.4926,UNDER
2026-09-02T23:29:13,2026-2027,2,paderborn vs freiburg,2026-09-05,paderborn,freiburg,corners,Local,5.5,0.3505,UNDER
2026-09-02T23:29:13,2026-2027,2,paderborn vs freiburg,2026-09-05,paderborn,freiburg,corners,Visitante,3.5,0.656,OVER
2026-09-02T23:29:13,2026-2027,2,paderborn vs freiburg,2026-09-05,paderborn,freiburg,corners,Visitante,4.5,0.4944,UNDER
2026-09-02T23:29:13,2026-2027,2,paderborn vs freiburg,2026-09-05,paderborn,freiburg,corners,Visitante,5.5,0.3522,UNDER
2026-09-02T23:29:13,2026-2027,2,paderborn vs freiburg,2026-09-05,paderborn,freiburg,yellows,Total,2.5,0.7176,OVER
2026-09-02T23:29:13,2026-2027,2,paderborn vs freiburg,2026-09-05,paderborn,freiburg,yellows,Total,3.5,0.5213,OVER
2026-09-02T23:29:13,2026-2027,2,paderborn vs freiburg,2026-09-05,paderborn,freiburg,yellows,Total,4.5,0.3382,UNDER
2026-09-02T23:29:13,2026-2027,2,paderborn vs freiburg,2026-09-05,paderborn,freiburg,yellows,Total,5.5,0.1975,UNDER
2026-09-02T23:29:13,2026-2027,2,paderborn vs freiburg,2026-09-05,paderborn,freiburg,yellows,Total,6.5,0.1048,UNDER
2026-09-02T23:29:13,2026-2027,2,paderborn vs freiburg,2026-09-05,paderborn,freiburg,yellows,Local,1.5,0.67,OVER
2026-09-02T23:29:13,2026-2027,2,paderborn vs freiburg,2026-09-05,paderborn,freiburg,yellows,Local,2.5,0.3763,UNDER
2026-09-02T23:29:13,2026-2027,2,paderborn vs freiburg,2026-09-05,paderborn,freiburg,yellows,Visitante,1.5,0.5029,OVER
2026-09-02T23:29:13,2026-2027,2,paderborn vs freiburg,2026-09-05,paderborn,freiburg,yellows,Visitante,2.5,0.224,UNDER
2026-09-02T23:29:13,2026-2027,2,paderborn vs freiburg,2026-09-05,paderborn,freiburg,fouls,Total,19.5,0.6432,OVER
2026-09-02T23:29:13,2026-2027,2,paderborn vs freiburg,2026-09-05,paderborn,freiburg,fouls,Total,21.5,0.4917,UNDER
2026-09-02T23:29:13,2026-2027,2,paderborn vs freiburg,2026-09-05,paderborn,freiburg,fouls,Total,23.5,0.3466,UNDER
2026-09-02T23:29:13,2026-2027,2,paderborn vs freiburg,2026-09-05,paderborn,freiburg,fouls,Total,25.5,0.2253,UNDER
2026-09-02T23:29:13,2026-2027,2,paderborn vs freiburg,2026-09-05,paderborn,freiburg,shots,Total,20.5,0.8407,OVER
2026-09-02T23:29:13,2026-2027,2,paderborn vs freiburg,2026-09-05,paderborn,freiburg,shots,Total,22.5,0.7374,OVER
2026-09-02T23:29:13,2026-2027,2,paderborn vs freiburg,2026-09-05,paderborn,freiburg,shots,Total,24.5,0.6023,OVER
2026-09-02T23:29:13,2026-2027,2,paderborn vs freiburg,2026-09-05,paderborn,freiburg,shots,Total,26.5,0.4526,UNDER
2026-09-02T23:29:13,2026-2027,2,paderborn vs freiburg,2026-09-05,paderborn,freiburg,shots,Local,9.5,0.8409,OVER
2026-09-02T23:29:13,2026-2027,2,paderborn vs freiburg,2026-09-05,paderborn,freiburg,shots,Local,11.5,0.6942,OVER
2026-09-02T23:29:13,2026-2027,2,paderborn vs freiburg,2026-09-05,paderborn,freiburg,shots,Local,13.5,0.5248,OVER
2026-09-02T23:29:13,2026-2027,2,paderborn vs freiburg,2026-09-05,paderborn,freiburg,shots,Visitante,9.5,0.7196,OVER
2026-09-02T23:29:13,2026-2027,2,paderborn vs freiburg,2026-09-05,paderborn,freiburg,shots,Visitante,11.5,0.535,OVER
2026-09-02T23:29:13,2026-2027,2,paderborn vs freiburg,2026-09-05,paderborn,freiburg,shots,Visitante,13.5,0.3597,UNDER
2026-09-02T23:29:13,2026-2027,2,paderborn vs freiburg,2026-09-05,paderborn,freiburg,sot,Total,6.5,0.7672,OVER
2026-09-02T23:29:13,2026-2027,2,paderborn vs freiburg,2026-09-05,paderborn,freiburg,sot,Total,7.5,0.6459,OVER
2026-09-02T23:29:13,2026-2027,2,paderborn vs freiburg,2026-09-05,paderborn,freiburg,sot,Total,8.5,0.5131,OVER
2026-09-02T23:29:13,2026-2027,2,paderborn vs freiburg,2026-09-05,paderborn,freiburg,sot,Total,9.5,0.3847,UNDER
2026-09-02T23:29:13,2026-2027,2,paderborn vs freiburg,2026-09-05,paderborn,freiburg,booking_pts,Total,30.5,0.5848,OVER
2026-09-02T23:29:13,2026-2027,2,paderborn vs freiburg,2026-09-05,paderborn,freiburg,booking_pts,Total,40.5,0.4154,UNDER
2026-09-02T23:29:13,2026-2027,2,paderborn vs freiburg,2026-09-05,paderborn,freiburg,booking_pts,Total,50.5,0.273,UNDER
2026-09-02T23:29:13,2026-2027,3,fulham vs crystal palace,2026-09-05,fulham,crystal palace,1X2,Total,,0.4409,1
2026-09-02T23:29:13,2026-2027,3,fulham vs crystal palace,2026-09-05,fulham,crystal palace,Goles,Total,2.5,0.4781,UNDER
2026-09-02T23:29:13,2026-2027,3,fulham vs crystal palace,2026-09-05,fulham,crystal palace,corners,Total,7.5,0.7501,OVER
2026-09-02T23:29:13,2026-2027,3,fulham vs crystal palace,2026-09-05,fulham,crystal palace,corners,Total,8.5,0.6418,OVER
2026-09-02T23:29:13,2026-2027,3,fulham vs crystal palace,2026-09-05,fulham,crystal palace,corners,Total,9.5,0.5217,OVER
2026-09-02T23:29:13,2026-2027,3,fulham vs crystal palace,2026-09-05,fulham,crystal palace,corners,Total,10.5,0.4014,UNDER
2026-09-02T23:29:13,2026-2027,3,fulham vs crystal palace,2026-09-05,fulham,crystal palace,corners,Total,11.5,0.2937,UNDER
2026-09-02T23:29:13,2026-2027,3,fulham vs crystal palace,2026-09-05,fulham,crystal palace,corners,Local,3.5,0.7851,OVER
2026-09-02T23:29:13,2026-2027,3,fulham vs crystal palace,2026-09-05,fulham,crystal palace,corners,Local,4.5,0.6479,OVER
2026-09-02T23:29:13,2026-2027,3,fulham vs crystal palace,2026-09-05,fulham,crystal palace,corners,Local,5.5,0.5068,OVER
2026-09-02T23:29:13,2026-2027,3,fulham vs crystal palace,2026-09-05,fulham,crystal palace,corners,Visitante,3.5,0.5386,OVER
2026-09-02T23:29:13,2026-2027,3,fulham vs crystal palace,2026-09-05,fulham,crystal palace,corners,Visitante,4.5,0.374,UNDER
2026-09-02T23:29:13,2026-2027,3,fulham vs crystal palace,2026-09-05,fulham,crystal palace,corners,Visitante,5.5,0.246,UNDER
2026-09-02T23:29:13,2026-2027,3,fulham vs crystal palace,2026-09-05,fulham,crystal palace,yellows,Total,2.5,0.6873,OVER
2026-09-02T23:29:13,2026-2027,3,fulham vs crystal palace,2026-09-05,fulham,crystal palace,yellows,Total,3.5,0.485,UNDER
2026-09-02T23:29:13,2026-2027,3,fulham vs crystal palace,2026-09-05,fulham,crystal palace,yellows,Total,4.5,0.3045,UNDER
2026-09-02T23:29:13,2026-2027,3,fulham vs crystal palace,2026-09-05,fulham,crystal palace,yellows,Total,5.5,0.1718,UNDER
2026-09-02T23:29:13,2026-2027,3,fulham vs crystal palace,2026-09-05,fulham,crystal palace,yellows,Total,6.5,0.088,UNDER
2026-09-02T23:29:13,2026-2027,3,fulham vs crystal palace,2026-09-05,fulham,crystal palace,yellows,Local,1.5,0.4953,UNDER
2026-09-02T23:29:13,2026-2027,3,fulham vs crystal palace,2026-09-05,fulham,crystal palace,yellows,Local,2.5,0.2182,UNDER
2026-09-02T23:29:13,2026-2027,3,fulham vs crystal palace,2026-09-05,fulham,crystal palace,yellows,Visitante,1.5,0.6233,OVER
2026-09-02T23:29:13,2026-2027,3,fulham vs crystal palace,2026-09-05,fulham,crystal palace,yellows,Visitante,2.5,0.3283,UNDER
2026-09-02T23:29:13,2026-2027,3,fulham vs crystal palace,2026-09-05,fulham,crystal palace,fouls,Total,19.5,0.6646,OVER
2026-09-02T23:29:13,2026-2027,3,fulham vs crystal palace,2026-09-05,fulham,crystal palace,fouls,Total,21.5,0.4834,UNDER
2026-09-02T23:29:13,2026-2027,3,fulham vs crystal palace,2026-09-05,fulham,crystal palace,fouls,Total,23.5,0.3115,UNDER
2026-09-02T23:29:13,2026-2027,3,fulham vs crystal palace,2026-09-05,fulham,crystal palace,fouls,Total,25.5,0.1775,UNDER
2026-09-02T23:29:13,2026-2027,3,fulham vs crystal palace,2026-09-05,fulham,crystal palace,shots,Total,20.5,0.8017,OVER
2026-09-02T23:29:13,2026-2027,3,fulham vs crystal palace,2026-09-05,fulham,crystal palace,shots,Total,22.5,0.6846,OVER
2026-09-02T23:29:13,2026-2027,3,fulham vs crystal palace,2026-09-05,fulham,crystal palace,shots,Total,24.5,0.543,OVER
2026-09-02T23:29:13,2026-2027,3,fulham vs crystal palace,2026-09-05,fulham,crystal palace,shots,Total,26.5,0.3953,UNDER
2026-09-02T23:29:13,2026-2027,3,fulham vs crystal palace,2026-09-05,fulham,crystal palace,shots,Local,9.5,0.8817,OVER
2026-09-02T23:29:13,2026-2027,3,fulham vs crystal palace,2026-09-05,fulham,crystal palace,shots,Local,11.5,0.7567,OVER
2026-09-02T23:29:13,2026-2027,3,fulham vs crystal palace,2026-09-05,fulham,crystal palace,shots,Local,13.5,0.5998,OVER
2026-09-02T23:29:13,2026-2027,3,fulham vs crystal palace,2026-09-05,fulham,crystal palace,shots,Visitante,9.5,0.5524,OVER
2026-09-02T23:29:13,2026-2027,3,fulham vs crystal palace,2026-09-05,fulham,crystal palace,shots,Visitante,11.5,0.3599,UNDER
2026-09-02T23:29:13,2026-2027,3,fulham vs crystal palace,2026-09-05,fulham,crystal palace,shots,Visitante,13.5,0.2114,UNDER
2026-09-02T23:29:13,2026-2027,3,fulham vs crystal palace,2026-09-05,fulham,crystal palace,sot,Total,6.5,0.6778,OVER
2026-09-02T23:29:13,2026-2027,3,fulham vs crystal palace,2026-09-05,fulham,crystal palace,sot,Total,7.5,0.5432,OVER
2026-09-02T23:29:13,2026-2027,3,fulham vs crystal palace,2026-09-05,fulham,crystal palace,sot,Total,8.5,0.4098,UNDER
2026-09-02T23:29:13,2026-2027,3,fulham vs crystal palace,2026-09-05,fulham,crystal palace,sot,Total,9.5,0.2903,UNDER
2026-09-02T23:29:13,2026-2027,3,fulham vs crystal palace,2026-09-05,fulham,crystal palace,booking_pts,Total,30.5,0.5424,OVER
2026-09-02T23:29:13,2026-2027,3,fulham vs crystal palace,2026-09-05,fulham,crystal palace,booking_pts,Total,40.5,0.3716,UNDER
2026-09-02T23:29:13,2026-2027,3,fulham vs crystal palace,2026-09-05,fulham,crystal palace,booking_pts,Total,50.5,0.2348,UNDER
2026-09-02T23:29:13,2026-2027,3,man city vs coventry,2026-09-05,man city,coventry,1X2,Total,,0.7111,1
2026-09-02T23:29:13,2026-2027,3,man city vs coventry,2026-09-05,man city,coventry,Goles,Total,2.5,0.5504,OVER
2026-09-02T23:29:13,2026-2027,3,brentford vs sunderland,2026-09-05,brentford,sunderland,1X2,Total,,0.5198,1
2026-09-02T23:29:13,2026-2027,3,brentford vs sunderland,2026-09-05,brentford,sunderland,Goles,Total,2.5,0.5042,OVER
2026-09-02T23:29:13,2026-2027,3,brentford vs sunderland,2026-09-05,brentford,sunderland,corners,Total,7.5,0.738,OVER
2026-09-02T23:29:13,2026-2027,3,brentford vs sunderland,2026-09-05,brentford,sunderland,corners,Total,8.5,0.6274,OVER
2026-09-02T23:29:13,2026-2027,3,brentford vs sunderland,2026-09-05,brentford,sunderland,corners,Total,9.5,0.5075,OVER
2026-09-02T23:29:13,2026-2027,3,brentford vs sunderland,2026-09-05,brentford,sunderland,corners,Total,10.5,0.3876,UNDER
2026-09-02T23:29:13,2026-2027,3,brentford vs sunderland,2026-09-05,brentford,sunderland,corners,Total,11.5,0.2812,UNDER
2026-09-02T23:29:13,2026-2027,3,brentford vs sunderland,2026-09-05,brentford,sunderland,corners,Local,3.5,0.7652,OVER
2026-09-02T23:29:13,2026-2027,3,brentford vs sunderland,2026-09-05,brentford,sunderland,corners,Local,4.5,0.6226,OVER
2026-09-02T23:29:13,2026-2027,3,brentford vs sunderland,2026-09-05,brentford,sunderland,corners,Local,5.5,0.4796,UNDER
2026-09-02T23:29:13,2026-2027,3,brentford vs sunderland,2026-09-05,brentford,sunderland,corners,Visitante,3.5,0.5469,OVER
2026-09-02T23:29:13,2026-2027,3,brentford vs sunderland,2026-09-05,brentford,sunderland,corners,Visitante,4.5,0.382,UNDER
2026-09-02T23:29:13,2026-2027,3,brentford vs sunderland,2026-09-05,brentford,sunderland,corners,Visitante,5.5,0.2527,UNDER
2026-09-02T23:29:13,2026-2027,3,brentford vs sunderland,2026-09-05,brentford,sunderland,yellows,Total,2.5,0.7567,OVER
2026-09-02T23:29:13,2026-2027,3,brentford vs sunderland,2026-09-05,brentford,sunderland,yellows,Total,3.5,0.5707,OVER
2026-09-02T23:29:13,2026-2027,3,brentford vs sunderland,2026-09-05,brentford,sunderland,yellows,Total,4.5,0.3864,UNDER
2026-09-02T23:29:13,2026-2027,3,brentford vs sunderland,2026-09-05,brentford,sunderland,yellows,Total,5.5,0.2361,UNDER
2026-09-02T23:29:13,2026-2027,3,brentford vs sunderland,2026-09-05,brentford,sunderland,yellows,Total,6.5,0.1314,UNDER
2026-09-02T23:29:13,2026-2027,3,brentford vs sunderland,2026-09-05,brentford,sunderland,yellows,Local,1.5,0.5276,OVER
2026-09-02T23:29:13,2026-2027,3,brentford vs sunderland,2026-09-05,brentford,sunderland,yellows,Local,2.5,0.2433,UNDER
2026-09-02T23:29:13,2026-2027,3,brentford vs sunderland,2026-09-05,brentford,sunderland,yellows,Visitante,1.5,0.7189,OVER
2026-09-02T23:29:13,2026-2027,3,brentford vs sunderland,2026-09-05,brentford,sunderland,yellows,Visitante,2.5,0.4321,UNDER
2026-09-02T23:29:13,2026-2027,3,brentford vs sunderland,2026-09-05,brentford,sunderland,fouls,Total,19.5,0.7775,OVER
2026-09-02T23:29:13,2026-2027,3,brentford vs sunderland,2026-09-05,brentford,sunderland,fouls,Total,21.5,0.6194,OVER
2026-09-02T23:29:13,2026-2027,3,brentford vs sunderland,2026-09-05,brentford,sunderland,fouls,Total,23.5,0.4395,UNDER
2026-09-02T23:29:13,2026-2027,3,brentford vs sunderland,2026-09-05,brentford,sunderland,fouls,Total,25.5,0.2781,UNDER
2026-09-02T23:29:13,2026-2027,3,brentford vs sunderland,2026-09-05,brentford,sunderland,shots,Total,20.5,0.8135,OVER
2026-09-02T23:29:13,2026-2027,3,brentford vs sunderland,2026-09-05,brentford,sunderland,shots,Total,22.5,0.7004,OVER
2026-09-02T23:29:13,2026-2027,3,brentford vs sunderland,2026-09-05,brentford,sunderland,shots,Total,24.5,0.5604,OVER
2026-09-02T23:29:13,2026-2027,3,brentford vs sunderland,2026-09-05,brentford,sunderland,shots,Total,26.5,0.4118,UNDER
2026-09-02T23:29:13,2026-2027,3,brentford vs sunderland,2026-09-05,brentford,sunderland,shots,Local,9.5,0.8568,OVER
2026-09-02T23:29:13,2026-2027,3,brentford vs sunderland,2026-09-05,brentford,sunderland,shots,Local,11.5,0.7178,OVER
2026-09-02T23:29:13,2026-2027,3,brentford vs sunderland,2026-09-05,brentford,sunderland,shots,Local,13.5,0.5524,OVER
2026-09-02T23:29:13,2026-2027,3,brentford vs sunderland,2026-09-05,brentford,sunderland,shots,Visitante,9.5,0.6346,OVER
2026-09-02T23:29:13,2026-2027,3,brentford vs sunderland,2026-09-05,brentford,sunderland,shots,Visitante,11.5,0.4408,UNDER
2026-09-02T23:29:13,2026-2027,3,brentford vs sunderland,2026-09-05,brentford,sunderland,shots,Visitante,13.5,0.2761,UNDER
2026-09-02T23:29:13,2026-2027,3,brentford vs sunderland,2026-09-05,brentford,sunderland,sot,Total,6.5,0.6883,OVER
2026-09-02T23:29:13,2026-2027,3,brentford vs sunderland,2026-09-05,brentford,sunderland,sot,Total,7.5,0.5548,OVER
2026-09-02T23:29:13,2026-2027,3,brentford vs sunderland,2026-09-05,brentford,sunderland,sot,Total,8.5,0.4211,UNDER
2026-09-02T23:29:13,2026-2027,3,brentford vs sunderland,2026-09-05,brentford,sunderland,sot,Total,9.5,0.3002,UNDER
2026-09-02T23:29:13,2026-2027,3,brentford vs sunderland,2026-09-05,brentford,sunderland,booking_pts,Total,30.5,0.6183,OVER
2026-09-02T23:29:13,2026-2027,3,brentford vs sunderland,2026-09-05,brentford,sunderland,booking_pts,Total,40.5,0.4471,UNDER
2026-09-02T23:29:13,2026-2027,3,brentford vs sunderland,2026-09-05,brentford,sunderland,booking_pts,Total,50.5,0.2985,UNDER
2026-09-02T23:29:13,2026-2027,3,brighton vs leeds,2026-09-05,brighton,leeds,1X2,Total,,0.4713,1
2026-09-02T23:29:13,2026-2027,3,brighton vs leeds,2026-09-05,brighton,leeds,Goles,Total,2.5,0.5027,OVER
2026-09-02T23:29:13,2026-2027,3,brighton vs leeds,2026-09-05,brighton,leeds,corners,Total,7.5,0.7274,OVER
2026-09-02T23:29:13,2026-2027,3,brighton vs leeds,2026-09-05,brighton,leeds,corners,Total,8.5,0.6151,OVER
2026-09-02T23:29:13,2026-2027,3,brighton vs leeds,2026-09-05,brighton,leeds,corners,Total,9.5,0.4953,UNDER
2026-09-02T23:29:13,2026-2027,3,brighton vs leeds,2026-09-05,brighton,leeds,corners,Total,10.5,0.3759,UNDER
2026-09-02T23:29:13,2026-2027,3,brighton vs leeds,2026-09-05,brighton,leeds,corners,Total,11.5,0.2707,UNDER
2026-09-02T23:29:13,2026-2027,3,brighton vs leeds,2026-09-05,brighton,leeds,corners,Local,3.5,0.7704,OVER
2026-09-02T23:29:13,2026-2027,3,brighton vs leeds,2026-09-05,brighton,leeds,corners,Local,4.5,0.6291,OVER
2026-09-02T23:29:13,2026-2027,3,brighton vs leeds,2026-09-05,brighton,leeds,corners,Local,5.5,0.4865,UNDER
2026-09-02T23:29:13,2026-2027,3,brighton vs leeds,2026-09-05,brighton,leeds,corners,Visitante,3.5,0.518,OVER
2026-09-02T23:29:13,2026-2027,3,brighton vs leeds,2026-09-05,brighton,leeds,corners,Visitante,4.5,0.3544,UNDER
2026-09-02T23:29:13,2026-2027,3,brighton vs leeds,2026-09-05,brighton,leeds,corners,Visitante,5.5,0.2299,UNDER
2026-09-02T23:29:13,2026-2027,3,brighton vs leeds,2026-09-05,brighton,leeds,yellows,Total,2.5,0.7496,OVER
2026-09-02T23:29:13,2026-2027,3,brighton vs leeds,2026-09-05,brighton,leeds,yellows,Total,3.5,0.5615,OVER
2026-09-02T23:29:13,2026-2027,3,brighton vs leeds,2026-09-05,brighton,leeds,yellows,Total,4.5,0.3771,UNDER
2026-09-02T23:29:13,2026-2027,3,brighton vs leeds,2026-09-05,brighton,leeds,yellows,Total,5.5,0.2285,UNDER
2026-09-02T23:29:13,2026-2027,3,brighton vs leeds,2026-09-05,brighton,leeds,yellows,Total,6.5,0.126,UNDER
2026-09-02T23:29:13,2026-2027,3,brighton vs leeds,2026-09-05,brighton,leeds,yellows,Local,1.5,0.5771,OVER
2026-09-02T23:29:13,2026-2027,3,brighton vs leeds,2026-09-05,brighton,leeds,yellows,Local,2.5,0.2853,UNDER
2026-09-02T23:29:13,2026-2027,3,brighton vs leeds,2026-09-05,brighton,leeds,yellows,Visitante,1.5,0.669,OVER
2026-09-02T23:29:13,2026-2027,3,brighton vs leeds,2026-09-05,brighton,leeds,yellows,Visitante,2.5,0.3752,UNDER
2026-09-02T23:29:13,2026-2027,3,brighton vs leeds,2026-09-05,brighton,leeds,fouls,Total,19.5,0.769,OVER
2026-09-02T23:29:13,2026-2027,3,brighton vs leeds,2026-09-05,brighton,leeds,fouls,Total,21.5,0.6083,OVER
2026-09-02T23:29:13,2026-2027,3,brighton vs leeds,2026-09-05,brighton,leeds,fouls,Total,23.5,0.4282,UNDER
2026-09-02T23:29:13,2026-2027,3,brighton vs leeds,2026-09-05,brighton,leeds,fouls,Total,25.5,0.2686,UNDER
2026-09-02T23:29:13,2026-2027,3,brighton vs leeds,2026-09-05,brighton,leeds,shots,Total,20.5,0.7769,OVER
2026-09-02T23:29:13,2026-2027,3,brighton vs leeds,2026-09-05,brighton,leeds,shots,Total,22.5,0.6524,OVER
2026-09-02T23:29:13,2026-2027,3,brighton vs leeds,2026-09-05,brighton,leeds,shots,Total,24.5,0.5085,OVER
2026-09-02T23:29:13,2026-2027,3,brighton vs leeds,2026-09-05,brighton,leeds,shots,Total,26.5,0.3634,UNDER
2026-09-02T23:29:13,2026-2027,3,brighton vs leeds,2026-09-05,brighton,leeds,shots,Local,9.5,0.8873,OVER
2026-09-02T23:29:13,2026-2027,3,brighton vs leeds,2026-09-05,brighton,leeds,shots,Local,11.5,0.7657,OVER
2026-09-02T23:29:13,2026-2027,3,brighton vs leeds,2026-09-05,brighton,leeds,shots,Local,13.5,0.6112,OVER
2026-09-02T23:29:13,2026-2027,3,brighton vs leeds,2026-09-05,brighton,leeds,shots,Visitante,9.5,0.4822,UNDER
2026-09-02T23:29:13,2026-2027,3,brighton vs leeds,2026-09-05,brighton,leeds,shots,Visitante,11.5,0.2974,UNDER
2026-09-02T23:29:13,2026-2027,3,brighton vs leeds,2026-09-05,brighton,leeds,shots,Visitante,13.5,0.1656,UNDER
2026-09-02T23:29:13,2026-2027,3,brighton vs leeds,2026-09-05,brighton,leeds,sot,Total,6.5,0.7322,OVER
2026-09-02T23:29:13,2026-2027,3,brighton vs leeds,2026-09-05,brighton,leeds,sot,Total,7.5,0.6045,OVER
2026-09-02T23:29:13,2026-2027,3,brighton vs leeds,2026-09-05,brighton,leeds,sot,Total,8.5,0.4703,UNDER
2026-09-02T23:29:13,2026-2027,3,brighton vs leeds,2026-09-05,brighton,leeds,sot,Total,9.5,0.3447,UNDER
2026-09-02T23:29:13,2026-2027,3,brighton vs leeds,2026-09-05,brighton,leeds,booking_pts,Total,30.5,0.61,OVER
2026-09-02T23:29:13,2026-2027,3,brighton vs leeds,2026-09-05,brighton,leeds,booking_pts,Total,40.5,0.4385,UNDER
2026-09-02T23:29:13,2026-2027,3,brighton vs leeds,2026-09-05,brighton,leeds,booking_pts,Total,50.5,0.291,UNDER
2026-09-02T23:29:13,2026-2027,3,nott m forest vs tottenham,2026-09-05,nott m forest,tottenham,1X2,Total,,0.3583,1
2026-09-02T23:29:13,2026-2027,3,nott m forest vs tottenham,2026-09-05,nott m forest,tottenham,Goles,Total,2.5,0.495,UNDER
2026-09-02T23:29:13,2026-2027,3,nott m forest vs tottenham,2026-09-05,nott m forest,tottenham,corners,Total,7.5,0.7545,OVER
2026-09-02T23:29:13,2026-2027,3,nott m forest vs tottenham,2026-09-05,nott m forest,tottenham,corners,Total,8.5,0.647,OVER
2026-09-02T23:29:13,2026-2027,3,nott m forest vs tottenham,2026-09-05,nott m forest,tottenham,corners,Total,9.5,0.5269,OVER
2026-09-02T23:29:13,2026-2027,3,nott m forest vs tottenham,2026-09-05,nott m forest,tottenham,corners,Total,10.5,0.4065,UNDER
2026-09-02T23:29:13,2026-2027,3,nott m forest vs tottenham,2026-09-05,nott m forest,tottenham,corners,Total,11.5,0.2983,UNDER
2026-09-02T23:29:13,2026-2027,3,nott m forest vs tottenham,2026-09-05,nott m forest,tottenham,corners,Local,3.5,0.711,OVER
2026-09-02T23:29:13,2026-2027,3,nott m forest vs tottenham,2026-09-05,nott m forest,tottenham,corners,Local,4.5,0.5567,OVER
2026-09-02T23:29:13,2026-2027,3,nott m forest vs tottenham,2026-09-05,nott m forest,tottenham,corners,Local,5.5,0.4122,UNDER
2026-09-02T23:29:13,2026-2027,3,nott m forest vs tottenham,2026-09-05,nott m forest,tottenham,corners,Visitante,3.5,0.6506,OVER
2026-09-02T23:29:13,2026-2027,3,nott m forest vs tottenham,2026-09-05,nott m forest,tottenham,corners,Visitante,4.5,0.4885,UNDER
2026-09-02T23:29:13,2026-2027,3,nott m forest vs tottenham,2026-09-05,nott m forest,tottenham,corners,Visitante,5.5,0.3467,UNDER
2026-09-02T23:29:13,2026-2027,3,nott m forest vs tottenham,2026-09-05,nott m forest,tottenham,yellows,Total,2.5,0.8037,OVER
2026-09-02T23:29:13,2026-2027,3,nott m forest vs tottenham,2026-09-05,nott m forest,tottenham,yellows,Total,3.5,0.6345,OVER
2026-09-02T23:29:13,2026-2027,3,nott m forest vs tottenham,2026-09-05,nott m forest,tottenham,yellows,Total,4.5,0.453,UNDER
2026-09-02T23:29:13,2026-2027,3,nott m forest vs tottenham,2026-09-05,nott m forest,tottenham,yellows,Total,5.5,0.2933,UNDER
2026-09-02T23:29:13,2026-2027,3,nott m forest vs tottenham,2026-09-05,nott m forest,tottenham,yellows,Total,6.5,0.1733,UNDER
2026-09-02T23:29:13,2026-2027,3,nott m forest vs tottenham,2026-09-05,nott m forest,tottenham,yellows,Local,1.5,0.5911,OVER
2026-09-02T23:29:13,2026-2027,3,nott m forest vs tottenham,2026-09-05,nott m forest,tottenham,yellows,Local,2.5,0.2979,UNDER
2026-09-02T23:29:13,2026-2027,3,nott m forest vs tottenham,2026-09-05,nott m forest,tottenham,yellows,Visitante,1.5,0.7579,OVER
2026-09-02T23:29:13,2026-2027,3,nott m forest vs tottenham,2026-09-05,nott m forest,tottenham,yellows,Visitante,2.5,0.4813,UNDER
2026-09-02T23:29:13,2026-2027,3,nott m forest vs tottenham,2026-09-05,nott m forest,tottenham,fouls,Total,19.5,0.9063,OVER
2026-09-02T23:29:13,2026-2027,3,nott m forest vs tottenham,2026-09-05,nott m forest,tottenham,fouls,Total,21.5,0.8095,OVER
2026-09-02T23:29:13,2026-2027,3,nott m forest vs tottenham,2026-09-05,nott m forest,tottenham,fouls,Total,23.5,0.6626,OVER
2026-09-02T23:29:13,2026-2027,3,nott m forest vs tottenham,2026-09-05,nott m forest,tottenham,fouls,Total,25.5,0.4954,UNDER
2026-09-02T23:29:13,2026-2027,3,nott m forest vs tottenham,2026-09-05,nott m forest,tottenham,shots,Total,20.5,0.8346,OVER
2026-09-02T23:29:13,2026-2027,3,nott m forest vs tottenham,2026-09-05,nott m forest,tottenham,shots,Total,22.5,0.729,OVER
2026-09-02T23:29:13,2026-2027,3,nott m forest vs tottenham,2026-09-05,nott m forest,tottenham,shots,Total,24.5,0.5926,OVER
2026-09-02T23:29:13,2026-2027,3,nott m forest vs tottenham,2026-09-05,nott m forest,tottenham,shots,Total,26.5,0.443,UNDER
2026-09-02T23:29:13,2026-2027,3,nott m forest vs tottenham,2026-09-05,nott m forest,tottenham,shots,Local,9.5,0.8428,OVER
2026-09-02T23:29:13,2026-2027,3,nott m forest vs tottenham,2026-09-05,nott m forest,tottenham,shots,Local,11.5,0.697,OVER
2026-09-02T23:29:13,2026-2027,3,nott m forest vs tottenham,2026-09-05,nott m forest,tottenham,shots,Local,13.5,0.5281,OVER
2026-09-02T23:29:13,2026-2027,3,nott m forest vs tottenham,2026-09-05,nott m forest,tottenham,shots,Visitante,9.5,0.7041,OVER
2026-09-02T23:29:13,2026-2027,3,nott m forest vs tottenham,2026-09-05,nott m forest,tottenham,shots,Visitante,11.5,0.5169,OVER
2026-09-02T23:29:13,2026-2027,3,nott m forest vs tottenham,2026-09-05,nott m forest,tottenham,shots,Visitante,13.5,0.3428,UNDER
2026-09-02T23:29:13,2026-2027,3,nott m forest vs tottenham,2026-09-05,nott m forest,tottenham,sot,Total,6.5,0.7075,OVER
2026-09-02T23:29:13,2026-2027,3,nott m forest vs tottenham,2026-09-05,nott m forest,tottenham,sot,Total,7.5,0.5763,OVER
2026-09-02T23:29:13,2026-2027,3,nott m forest vs tottenham,2026-09-05,nott m forest,tottenham,sot,Total,8.5,0.4421,UNDER
2026-09-02T23:29:13,2026-2027,3,nott m forest vs tottenham,2026-09-05,nott m forest,tottenham,sot,Total,9.5,0.3189,UNDER
2026-09-02T23:29:13,2026-2027,3,nott m forest vs tottenham,2026-09-05,nott m forest,tottenham,booking_pts,Total,30.5,0.6761,OVER
2026-09-02T23:29:13,2026-2027,3,nott m forest vs tottenham,2026-09-05,nott m forest,tottenham,booking_pts,Total,40.5,0.5094,OVER
2026-09-02T23:29:13,2026-2027,3,nott m forest vs tottenham,2026-09-05,nott m forest,tottenham,booking_pts,Total,50.5,0.355,UNDER
2026-09-02T23:29:13,2026-2027,4,ath bilbao vs ath madrid,2026-09-05,ath bilbao,ath madrid,1X2,Total,,0.3748,1
2026-09-02T23:29:13,2026-2027,4,ath bilbao vs ath madrid,2026-09-05,ath bilbao,ath madrid,Goles,Total,2.5,0.4709,UNDER
2026-09-02T23:29:13,2026-2027,4,ath bilbao vs ath madrid,2026-09-05,ath bilbao,ath madrid,corners,Total,7.5,0.7435,OVER
2026-09-02T23:29:13,2026-2027,4,ath bilbao vs ath madrid,2026-09-05,ath bilbao,ath madrid,corners,Total,8.5,0.6339,OVER
2026-09-02T23:29:13,2026-2027,4,ath bilbao vs ath madrid,2026-09-05,ath bilbao,ath madrid,corners,Total,9.5,0.5139,OVER
2026-09-02T23:29:13,2026-2027,4,ath bilbao vs ath madrid,2026-09-05,ath bilbao,ath madrid,corners,Total,10.5,0.3938,UNDER
2026-09-02T23:29:13,2026-2027,4,ath bilbao vs ath madrid,2026-09-05,ath bilbao,ath madrid,corners,Total,11.5,0.2868,UNDER
2026-09-02T23:29:13,2026-2027,4,ath bilbao vs ath madrid,2026-09-05,ath bilbao,ath madrid,corners,Local,3.5,0.7358,OVER
2026-09-02T23:29:13,2026-2027,4,ath bilbao vs ath madrid,2026-09-05,ath bilbao,ath madrid,corners,Local,4.5,0.5863,OVER
2026-09-02T23:29:13,2026-2027,4,ath bilbao vs ath madrid,2026-09-05,ath bilbao,ath madrid,corners,Local,5.5,0.4419,UNDER
2026-09-02T23:29:13,2026-2027,4,ath bilbao vs ath madrid,2026-09-05,ath bilbao,ath madrid,corners,Visitante,3.5,0.6001,OVER
2026-09-02T23:29:13,2026-2027,4,ath bilbao vs ath madrid,2026-09-05,ath bilbao,ath madrid,corners,Visitante,4.5,0.435,UNDER
2026-09-02T23:29:13,2026-2027,4,ath bilbao vs ath madrid,2026-09-05,ath bilbao,ath madrid,corners,Visitante,5.5,0.2983,UNDER
2026-09-02T23:29:13,2026-2027,4,ath bilbao vs ath madrid,2026-09-05,ath bilbao,ath madrid,yellows,Total,2.5,0.7611,OVER
2026-09-02T23:29:13,2026-2027,4,ath bilbao vs ath madrid,2026-09-05,ath bilbao,ath madrid,yellows,Total,3.5,0.5765,OVER
2026-09-02T23:29:13,2026-2027,4,ath bilbao vs ath madrid,2026-09-05,ath bilbao,ath madrid,yellows,Total,4.5,0.3921,UNDER
2026-09-02T23:29:13,2026-2027,4,ath bilbao vs ath madrid,2026-09-05,ath bilbao,ath madrid,yellows,Total,5.5,0.2409,UNDER
2026-09-02T23:29:13,2026-2027,4,ath bilbao vs ath madrid,2026-09-05,ath bilbao,ath madrid,yellows,Total,6.5,0.1348,UNDER
2026-09-02T23:29:13,2026-2027,4,ath bilbao vs ath madrid,2026-09-05,ath bilbao,ath madrid,yellows,Local,1.5,0.5665,OVER
2026-09-02T23:29:13,2026-2027,4,ath bilbao vs ath madrid,2026-09-05,ath bilbao,ath madrid,yellows,Local,2.5,0.2759,UNDER
2026-09-02T23:29:13,2026-2027,4,ath bilbao vs ath madrid,2026-09-05,ath bilbao,ath madrid,yellows,Visitante,1.5,0.6988,OVER
2026-09-02T23:29:13,2026-2027,4,ath bilbao vs ath madrid,2026-09-05,ath bilbao,ath madrid,yellows,Visitante,2.5,0.4084,UNDER
2026-09-02T23:29:13,2026-2027,4,ath bilbao vs ath madrid,2026-09-05,ath bilbao,ath madrid,fouls,Total,19.5,0.7785,OVER
2026-09-02T23:29:13,2026-2027,4,ath bilbao vs ath madrid,2026-09-05,ath bilbao,ath madrid,fouls,Total,21.5,0.6263,OVER
2026-09-02T23:29:13,2026-2027,4,ath bilbao vs ath madrid,2026-09-05,ath bilbao,ath madrid,fouls,Total,23.5,0.4524,UNDER
2026-09-02T23:29:13,2026-2027,4,ath bilbao vs ath madrid,2026-09-05,ath bilbao,ath madrid,fouls,Total,25.5,0.2941,UNDER
2026-09-02T23:29:13,2026-2027,4,ath bilbao vs ath madrid,2026-09-05,ath bilbao,ath madrid,shots,Total,20.5,0.7394,OVER
2026-09-02T23:29:13,2026-2027,4,ath bilbao vs ath madrid,2026-09-05,ath bilbao,ath madrid,shots,Total,22.5,0.6055,OVER
2026-09-02T23:29:13,2026-2027,4,ath bilbao vs ath madrid,2026-09-05,ath bilbao,ath madrid,shots,Total,24.5,0.4602,UNDER
2026-09-02T23:29:13,2026-2027,4,ath bilbao vs ath madrid,2026-09-05,ath bilbao,ath madrid,shots,Total,26.5,0.3203,UNDER
2026-09-02T23:29:13,2026-2027,4,ath bilbao vs ath madrid,2026-09-05,ath bilbao,ath madrid,shots,Local,9.5,0.8303,OVER
2026-09-02T23:29:13,2026-2027,4,ath bilbao vs ath madrid,2026-09-05,ath bilbao,ath madrid,shots,Local,11.5,0.6787,OVER
2026-09-02T23:29:13,2026-2027,4,ath bilbao vs ath madrid,2026-09-05,ath bilbao,ath madrid,shots,Local,13.5,0.5073,OVER
2026-09-02T23:29:13,2026-2027,4,ath bilbao vs ath madrid,2026-09-05,ath bilbao,ath madrid,shots,Visitante,9.5,0.5357,OVER
2026-09-02T23:29:13,2026-2027,4,ath bilbao vs ath madrid,2026-09-05,ath bilbao,ath madrid,shots,Visitante,11.5,0.3444,UNDER
2026-09-02T23:29:13,2026-2027,4,ath bilbao vs ath madrid,2026-09-05,ath bilbao,ath madrid,shots,Visitante,13.5,0.1998,UNDER
2026-09-02T23:29:13,2026-2027,4,ath bilbao vs ath madrid,2026-09-05,ath bilbao,ath madrid,sot,Total,6.5,0.7612,OVER
2026-09-02T23:29:13,2026-2027,4,ath bilbao vs ath madrid,2026-09-05,ath bilbao,ath madrid,sot,Total,7.5,0.6387,OVER
2026-09-02T23:29:13,2026-2027,4,ath bilbao vs ath madrid,2026-09-05,ath bilbao,ath madrid,sot,Total,8.5,0.5055,OVER
2026-09-02T23:29:13,2026-2027,4,ath bilbao vs ath madrid,2026-09-05,ath bilbao,ath madrid,sot,Total,9.5,0.3775,UNDER
2026-09-02T23:29:13,2026-2027,4,ath bilbao vs ath madrid,2026-09-05,ath bilbao,ath madrid,booking_pts,Total,30.5,0.6642,OVER
2026-09-02T23:29:13,2026-2027,4,ath bilbao vs ath madrid,2026-09-05,ath bilbao,ath madrid,booking_pts,Total,40.5,0.5052,OVER
2026-09-02T23:29:13,2026-2027,4,ath bilbao vs ath madrid,2026-09-05,ath bilbao,ath madrid,booking_pts,Total,50.5,0.3588,UNDER
2026-09-02T23:29:13,2026-2027,3,lens vs lorient,2026-09-05,lens,lorient,1X2,Total,,0.6311,1
2026-09-02T23:29:13,2026-2027,3,lens vs lorient,2026-09-05,lens,lorient,Goles,Total,2.5,0.5462,OVER
2026-09-02T23:29:13,2026-2027,3,lens vs lorient,2026-09-05,lens,lorient,corners,Total,7.5,0.7817,OVER
2026-09-02T23:29:13,2026-2027,3,lens vs lorient,2026-09-05,lens,lorient,corners,Total,8.5,0.68,OVER
2026-09-02T23:29:13,2026-2027,3,lens vs lorient,2026-09-05,lens,lorient,corners,Total,9.5,0.5605,OVER
2026-09-02T23:29:13,2026-2027,3,lens vs lorient,2026-09-05,lens,lorient,corners,Total,10.5,0.4398,UNDER
2026-09-02T23:29:13,2026-2027,3,lens vs lorient,2026-09-05,lens,lorient,corners,Total,11.5,0.329,UNDER
2026-09-02T23:29:13,2026-2027,3,lens vs lorient,2026-09-05,lens,lorient,corners,Local,3.5,0.8745,OVER
2026-09-02T23:29:13,2026-2027,3,lens vs lorient,2026-09-05,lens,lorient,corners,Local,4.5,0.7719,OVER
2026-09-02T23:29:13,2026-2027,3,lens vs lorient,2026-09-05,lens,lorient,corners,Local,5.5,0.6505,OVER
2026-09-02T23:29:13,2026-2027,3,lens vs lorient,2026-09-05,lens,lorient,corners,Visitante,3.5,0.4105,UNDER
2026-09-02T23:29:13,2026-2027,3,lens vs lorient,2026-09-05,lens,lorient,corners,Visitante,4.5,0.2595,UNDER
2026-09-02T23:29:13,2026-2027,3,lens vs lorient,2026-09-05,lens,lorient,corners,Visitante,5.5,0.1563,UNDER
2026-09-02T23:29:13,2026-2027,3,lens vs lorient,2026-09-05,lens,lorient,yellows,Total,2.5,0.7025,OVER
2026-09-02T23:29:13,2026-2027,3,lens vs lorient,2026-09-05,lens,lorient,yellows,Total,3.5,0.5029,OVER
2026-09-02T23:29:13,2026-2027,3,lens vs lorient,2026-09-05,lens,lorient,yellows,Total,4.5,0.321,UNDER
2026-09-02T23:29:13,2026-2027,3,lens vs lorient,2026-09-05,lens,lorient,yellows,Total,5.5,0.1842,UNDER
2026-09-02T23:29:13,2026-2027,3,lens vs lorient,2026-09-05,lens,lorient,yellows,Total,6.5,0.096,UNDER
2026-09-02T23:29:13,2026-2027,3,lens vs lorient,2026-09-05,lens,lorient,yellows,Local,1.5,0.6,OVER
2026-09-02T23:29:13,2026-2027,3,lens vs lorient,2026-09-05,lens,lorient,yellows,Local,2.5,0.3061,UNDER
2026-09-02T23:29:13,2026-2027,3,lens vs lorient,2026-09-05,lens,lorient,yellows,Visitante,1.5,0.554,OVER
2026-09-02T23:29:13,2026-2027,3,lens vs lorient,2026-09-05,lens,lorient,yellows,Visitante,2.5,0.2651,UNDER
2026-09-02T23:29:13,2026-2027,3,lens vs lorient,2026-09-05,lens,lorient,fouls,Total,19.5,0.7097,OVER
2026-09-02T23:29:13,2026-2027,3,lens vs lorient,2026-09-05,lens,lorient,fouls,Total,21.5,0.5439,OVER
2026-09-02T23:29:13,2026-2027,3,lens vs lorient,2026-09-05,lens,lorient,fouls,Total,23.5,0.374,UNDER
2026-09-02T23:29:13,2026-2027,3,lens vs lorient,2026-09-05,lens,lorient,fouls,Total,25.5,0.2311,UNDER
2026-09-02T23:29:13,2026-2027,3,lens vs lorient,2026-09-05,lens,lorient,shots,Total,20.5,0.8587,OVER
2026-09-02T23:29:13,2026-2027,3,lens vs lorient,2026-09-05,lens,lorient,shots,Total,22.5,0.7627,OVER
2026-09-02T23:29:13,2026-2027,3,lens vs lorient,2026-09-05,lens,lorient,shots,Total,24.5,0.6319,OVER
2026-09-02T23:29:13,2026-2027,3,lens vs lorient,2026-09-05,lens,lorient,shots,Total,26.5,0.4825,UNDER
2026-09-02T23:29:13,2026-2027,3,lens vs lorient,2026-09-05,lens,lorient,shots,Local,9.5,0.9594,OVER
2026-09-02T23:29:13,2026-2027,3,lens vs lorient,2026-09-05,lens,lorient,shots,Local,11.5,0.897,OVER
2026-09-02T23:29:13,2026-2027,3,lens vs lorient,2026-09-05,lens,lorient,shots,Local,13.5,0.7978,OVER
2026-09-02T23:29:13,2026-2027,3,lens vs lorient,2026-09-05,lens,lorient,shots,Visitante,9.5,0.3917,UNDER
2026-09-02T23:29:13,2026-2027,3,lens vs lorient,2026-09-05,lens,lorient,shots,Visitante,11.5,0.2248,UNDER
2026-09-02T23:29:13,2026-2027,3,lens vs lorient,2026-09-05,lens,lorient,shots,Visitante,13.5,0.1168,UNDER
2026-09-02T23:29:13,2026-2027,3,lens vs lorient,2026-09-05,lens,lorient,sot,Total,6.5,0.7819,OVER
2026-09-02T23:29:13,2026-2027,3,lens vs lorient,2026-09-05,lens,lorient,sot,Total,7.5,0.6638,OVER
2026-09-02T23:29:13,2026-2027,3,lens vs lorient,2026-09-05,lens,lorient,sot,Total,8.5,0.532,OVER
2026-09-02T23:29:13,2026-2027,3,lens vs lorient,2026-09-05,lens,lorient,sot,Total,9.5,0.4029,UNDER
2026-09-02T23:29:13,2026-2027,3,lens vs lorient,2026-09-05,lens,lorient,booking_pts,Total,30.5,0.6081,OVER
2026-09-02T23:29:13,2026-2027,3,lens vs lorient,2026-09-05,lens,lorient,booking_pts,Total,40.5,0.4473,UNDER
2026-09-02T23:29:13,2026-2027,3,lens vs lorient,2026-09-05,lens,lorient,booking_pts,Total,50.5,0.3071,UNDER
2026-09-02T23:29:13,2026-2027,3,inter vs napoli,2026-09-05,inter,napoli,1X2,Total,,0.5158,1
2026-09-02T23:29:13,2026-2027,3,inter vs napoli,2026-09-05,inter,napoli,Goles,Total,2.5,0.4832,UNDER
2026-09-02T23:29:13,2026-2027,3,inter vs napoli,2026-09-05,inter,napoli,corners,Total,7.5,0.6253,OVER
2026-09-02T23:29:13,2026-2027,3,inter vs napoli,2026-09-05,inter,napoli,corners,Total,8.5,0.5007,OVER
2026-09-02T23:29:13,2026-2027,3,inter vs napoli,2026-09-05,inter,napoli,corners,Total,9.5,0.3882,UNDER
2026-09-02T23:29:13,2026-2027,3,inter vs napoli,2026-09-05,inter,napoli,corners,Total,10.5,0.2774,UNDER
2026-09-02T23:29:13,2026-2027,3,inter vs napoli,2026-09-05,inter,napoli,corners,Total,11.5,0.1865,UNDER
2026-09-02T23:29:13,2026-2027,3,inter vs napoli,2026-09-05,inter,napoli,corners,Local,3.5,0.6751,OVER
2026-09-02T23:29:13,2026-2027,3,inter vs napoli,2026-09-05,inter,napoli,corners,Local,4.5,0.5156,OVER
2026-09-02T23:29:13,2026-2027,3,inter vs napoli,2026-09-05,inter,napoli,corners,Local,5.5,0.3722,UNDER
2026-09-02T23:29:13,2026-2027,3,inter vs napoli,2026-09-05,inter,napoli,corners,Visitante,3.5,0.4741,UNDER
2026-09-02T23:29:13,2026-2027,3,inter vs napoli,2026-09-05,inter,napoli,corners,Visitante,4.5,0.3142,UNDER
2026-09-02T23:29:13,2026-2027,3,inter vs napoli,2026-09-05,inter,napoli,corners,Visitante,5.5,0.1978,UNDER
2026-09-02T23:29:13,2026-2027,3,inter vs napoli,2026-09-05,inter,napoli,yellows,Total,2.5,0.6397,OVER
2026-09-02T23:29:13,2026-2027,3,inter vs napoli,2026-09-05,inter,napoli,yellows,Total,3.5,0.4311,UNDER
2026-09-02T23:29:13,2026-2027,3,inter vs napoli,2026-09-05,inter,napoli,yellows,Total,4.5,0.2573,UNDER
2026-09-02T23:29:13,2026-2027,3,inter vs napoli,2026-09-05,inter,napoli,yellows,Total,5.5,0.1377,UNDER
2026-09-02T23:29:13,2026-2027,3,inter vs napoli,2026-09-05,inter,napoli,yellows,Total,6.5,0.0668,UNDER
2026-09-02T23:29:13,2026-2027,3,inter vs napoli,2026-09-05,inter,napoli,yellows,Local,1.5,0.5304,OVER
2026-09-02T23:29:13,2026-2027,3,inter vs napoli,2026-09-05,inter,napoli,yellows,Local,2.5,0.2455,UNDER
2026-09-02T23:29:13,2026-2027,3,inter vs napoli,2026-09-05,inter,napoli,yellows,Visitante,1.5,0.5033,OVER
2026-09-02T23:29:13,2026-2027,3,inter vs napoli,2026-09-05,inter,napoli,yellows,Visitante,2.5,0.2242,UNDER
2026-09-02T23:29:13,2026-2027,3,inter vs napoli,2026-09-05,inter,napoli,fouls,Total,19.5,0.6871,OVER
2026-09-02T23:29:13,2026-2027,3,inter vs napoli,2026-09-05,inter,napoli,fouls,Total,21.5,0.5276,OVER
2026-09-02T23:29:13,2026-2027,3,inter vs napoli,2026-09-05,inter,napoli,fouls,Total,23.5,0.3678,UNDER
2026-09-02T23:29:13,2026-2027,3,inter vs napoli,2026-09-05,inter,napoli,fouls,Total,25.5,0.2333,UNDER
2026-09-02T23:29:13,2026-2027,3,inter vs napoli,2026-09-05,inter,napoli,shots,Total,20.5,0.7266,OVER
2026-09-02T23:29:13,2026-2027,3,inter vs napoli,2026-09-05,inter,napoli,shots,Total,22.5,0.5899,OVER
2026-09-02T23:29:13,2026-2027,3,inter vs napoli,2026-09-05,inter,napoli,shots,Total,24.5,0.4446,UNDER
2026-09-02T23:29:13,2026-2027,3,inter vs napoli,2026-09-05,inter,napoli,shots,Total,26.5,0.3068,UNDER
2026-09-02T23:29:13,2026-2027,3,inter vs napoli,2026-09-05,inter,napoli,shots,Local,9.5,0.8265,OVER
2026-09-02T23:29:13,2026-2027,3,inter vs napoli,2026-09-05,inter,napoli,shots,Local,11.5,0.6733,OVER
2026-09-02T23:29:13,2026-2027,3,inter vs napoli,2026-09-05,inter,napoli,shots,Local,13.5,0.5012,OVER
2026-09-02T23:29:13,2026-2027,3,inter vs napoli,2026-09-05,inter,napoli,shots,Visitante,9.5,0.5186,OVER
2026-09-02T23:29:13,2026-2027,3,inter vs napoli,2026-09-05,inter,napoli,shots,Visitante,11.5,0.3291,UNDER
2026-09-02T23:29:13,2026-2027,3,inter vs napoli,2026-09-05,inter,napoli,shots,Visitante,13.5,0.1884,UNDER
2026-09-02T23:29:13,2026-2027,3,inter vs napoli,2026-09-05,inter,napoli,sot,Total,6.5,0.7475,OVER
2026-09-02T23:29:13,2026-2027,3,inter vs napoli,2026-09-05,inter,napoli,sot,Total,7.5,0.6224,OVER
2026-09-02T23:29:13,2026-2027,3,inter vs napoli,2026-09-05,inter,napoli,sot,Total,8.5,0.4885,UNDER
2026-09-02T23:29:13,2026-2027,3,inter vs napoli,2026-09-05,inter,napoli,sot,Total,9.5,0.3616,UNDER
2026-09-02T23:29:13,2026-2027,3,inter vs napoli,2026-09-05,inter,napoli,booking_pts,Total,30.5,0.54,OVER
2026-09-02T23:29:13,2026-2027,3,inter vs napoli,2026-09-05,inter,napoli,booking_pts,Total,40.5,0.3792,UNDER
2026-09-02T23:29:13,2026-2027,3,inter vs napoli,2026-09-05,inter,napoli,booking_pts,Total,50.5,0.2479,UNDER
2026-09-02T23:29:13,2026-2027,2,schalke 04 vs bayern munich,2026-09-05,schalke 04,bayern munich,1X2,Total,,0.6795,2
2026-09-02T23:29:13,2026-2027,2,schalke 04 vs bayern munich,2026-09-05,schalke 04,bayern munich,Goles,Total,2.5,0.7018,OVER
2026-09-02T23:29:13,2026-2027,2,schalke 04 vs bayern munich,2026-09-05,schalke 04,bayern munich,corners,Total,7.5,0.7823,OVER
2026-09-02T23:29:13,2026-2027,2,schalke 04 vs bayern munich,2026-09-05,schalke 04,bayern munich,corners,Total,8.5,0.6808,OVER
2026-09-02T23:29:13,2026-2027,2,schalke 04 vs bayern munich,2026-09-05,schalke 04,bayern munich,corners,Total,9.5,0.5612,OVER
2026-09-02T23:29:13,2026-2027,2,schalke 04 vs bayern munich,2026-09-05,schalke 04,bayern munich,corners,Total,10.5,0.4406,UNDER
2026-09-02T23:29:13,2026-2027,2,schalke 04 vs bayern munich,2026-09-05,schalke 04,bayern munich,corners,Total,11.5,0.3297,UNDER
2026-09-02T23:29:13,2026-2027,2,schalke 04 vs bayern munich,2026-09-05,schalke 04,bayern munich,corners,Local,3.5,0.461,UNDER
2026-09-02T23:29:13,2026-2027,2,schalke 04 vs bayern munich,2026-09-05,schalke 04,bayern munich,corners,Local,4.5,0.3027,UNDER
2026-09-02T23:29:13,2026-2027,2,schalke 04 vs bayern munich,2026-09-05,schalke 04,bayern munich,corners,Local,5.5,0.1888,UNDER
2026-09-02T23:29:13,2026-2027,2,schalke 04 vs bayern munich,2026-09-05,schalke 04,bayern munich,corners,Visitante,3.5,0.8567,OVER
2026-09-02T23:29:13,2026-2027,2,schalke 04 vs bayern munich,2026-09-05,schalke 04,bayern munich,corners,Visitante,4.5,0.7457,OVER
2026-09-02T23:29:13,2026-2027,2,schalke 04 vs bayern munich,2026-09-05,schalke 04,bayern munich,corners,Visitante,5.5,0.6185,OVER
2026-09-02T23:29:13,2026-2027,2,schalke 04 vs bayern munich,2026-09-05,schalke 04,bayern munich,yellows,Total,2.5,0.619,OVER
2026-09-02T23:29:13,2026-2027,2,schalke 04 vs bayern munich,2026-09-05,schalke 04,bayern munich,yellows,Total,3.5,0.4088,UNDER
2026-09-02T23:29:13,2026-2027,2,schalke 04 vs bayern munich,2026-09-05,schalke 04,bayern munich,yellows,Total,4.5,0.2387,UNDER
2026-09-02T23:29:13,2026-2027,2,schalke 04 vs bayern munich,2026-09-05,schalke 04,bayern munich,yellows,Total,5.5,0.1248,UNDER
2026-09-02T23:29:13,2026-2027,2,schalke 04 vs bayern munich,2026-09-05,schalke 04,bayern munich,yellows,Total,6.5,0.0592,UNDER
2026-09-02T23:29:13,2026-2027,2,schalke 04 vs bayern munich,2026-09-05,schalke 04,bayern munich,yellows,Local,1.5,0.5145,OVER
2026-09-02T23:29:13,2026-2027,2,schalke 04 vs bayern munich,2026-09-05,schalke 04,bayern munich,yellows,Local,2.5,0.2329,UNDER
2026-09-02T23:29:13,2026-2027,2,schalke 04 vs bayern munich,2026-09-05,schalke 04,bayern munich,yellows,Visitante,1.5,0.4803,UNDER
2026-09-02T23:29:13,2026-2027,2,schalke 04 vs bayern munich,2026-09-05,schalke 04,bayern munich,yellows,Visitante,2.5,0.207,UNDER
2026-09-02T23:29:13,2026-2027,2,schalke 04 vs bayern munich,2026-09-05,schalke 04,bayern munich,fouls,Total,19.5,0.4368,UNDER
2026-09-02T23:29:13,2026-2027,2,schalke 04 vs bayern munich,2026-09-05,schalke 04,bayern munich,fouls,Total,21.5,0.2933,UNDER
2026-09-02T23:29:13,2026-2027,2,schalke 04 vs bayern munich,2026-09-05,schalke 04,bayern munich,fouls,Total,23.5,0.1843,UNDER
2026-09-02T23:29:13,2026-2027,2,schalke 04 vs bayern munich,2026-09-05,schalke 04,bayern munich,fouls,Total,25.5,0.1056,UNDER
2026-09-02T23:29:13,2026-2027,2,schalke 04 vs bayern munich,2026-09-05,schalke 04,bayern munich,shots,Total,20.5,0.9242,OVER
2026-09-02T23:29:13,2026-2027,2,schalke 04 vs bayern munich,2026-09-05,schalke 04,bayern munich,shots,Total,22.5,0.8611,OVER
2026-09-02T23:29:13,2026-2027,2,schalke 04 vs bayern munich,2026-09-05,schalke 04,bayern munich,shots,Total,24.5,0.758,OVER
2026-09-02T23:29:13,2026-2027,2,schalke 04 vs bayern munich,2026-09-05,schalke 04,bayern munich,shots,Total,26.5,0.6212,OVER
2026-09-02T23:29:13,2026-2027,2,schalke 04 vs bayern munich,2026-09-05,schalke 04,bayern munich,shots,Local,9.5,0.6005,OVER
2026-09-02T23:29:13,2026-2027,2,schalke 04 vs bayern munich,2026-09-05,schalke 04,bayern munich,shots,Local,11.5,0.4061,UNDER
2026-09-02T23:29:13,2026-2027,2,schalke 04 vs bayern munich,2026-09-05,schalke 04,bayern munich,shots,Local,13.5,0.2476,UNDER
2026-09-02T23:29:13,2026-2027,2,schalke 04 vs bayern munich,2026-09-05,schalke 04,bayern munich,shots,Visitante,9.5,0.9647,OVER
2026-09-02T23:29:13,2026-2027,2,schalke 04 vs bayern munich,2026-09-05,schalke 04,bayern munich,shots,Visitante,11.5,0.9083,OVER
2026-09-02T23:29:13,2026-2027,2,schalke 04 vs bayern munich,2026-09-05,schalke 04,bayern munich,shots,Visitante,13.5,0.8161,OVER
2026-09-02T23:29:13,2026-2027,2,schalke 04 vs bayern munich,2026-09-05,schalke 04,bayern munich,sot,Total,6.5,0.9465,OVER
2026-09-02T23:29:13,2026-2027,2,schalke 04 vs bayern munich,2026-09-05,schalke 04,bayern munich,sot,Total,7.5,0.8949,OVER
2026-09-02T23:29:13,2026-2027,2,schalke 04 vs bayern munich,2026-09-05,schalke 04,bayern munich,sot,Total,8.5,0.8155,OVER
2026-09-02T23:29:13,2026-2027,2,schalke 04 vs bayern munich,2026-09-05,schalke 04,bayern munich,sot,Total,9.5,0.7159,OVER
2026-09-02T23:29:13,2026-2027,2,schalke 04 vs bayern munich,2026-09-05,schalke 04,bayern munich,booking_pts,Total,30.5,0.4866,UNDER
2026-09-02T23:29:13,2026-2027,2,schalke 04 vs bayern munich,2026-09-05,schalke 04,bayern munich,booking_pts,Total,40.5,0.3229,UNDER
2026-09-02T23:29:13,2026-2027,2,schalke 04 vs bayern munich,2026-09-05,schalke 04,bayern munich,booking_pts,Total,50.5,0.1982,UNDER
2026-09-02T23:29:13,2026-2027,3,hull vs aston villa,2026-09-05,hull,aston villa,1X2,Total,,0.4588,2
2026-09-02T23:29:13,2026-2027,3,hull vs aston villa,2026-09-05,hull,aston villa,Goles,Total,2.5,0.4618,UNDER
2026-09-02T23:29:13,2026-2027,3,hull vs aston villa,2026-09-05,hull,aston villa,corners,Total,7.5,0.6988,OVER
2026-09-02T23:29:13,2026-2027,3,hull vs aston villa,2026-09-05,hull,aston villa,corners,Total,8.5,0.582,OVER
2026-09-02T23:29:13,2026-2027,3,hull vs aston villa,2026-09-05,hull,aston villa,corners,Total,9.5,0.4635,UNDER
2026-09-02T23:29:13,2026-2027,3,hull vs aston villa,2026-09-05,hull,aston villa,corners,Total,10.5,0.3458,UNDER
2026-09-02T23:29:13,2026-2027,3,hull vs aston villa,2026-09-05,hull,aston villa,corners,Total,11.5,0.2443,UNDER
2026-09-02T23:29:13,2026-2027,3,hull vs aston villa,2026-09-05,hull,aston villa,corners,Local,3.5,0.4838,UNDER
2026-09-02T23:29:13,2026-2027,3,hull vs aston villa,2026-09-05,hull,aston villa,corners,Local,4.5,0.323,UNDER
2026-09-02T23:29:13,2026-2027,3,hull vs aston villa,2026-09-05,hull,aston villa,corners,Local,5.5,0.2047,UNDER
2026-09-02T23:29:13,2026-2027,3,hull vs aston villa,2026-09-05,hull,aston villa,corners,Visitante,3.5,0.7576,OVER
2026-09-02T23:29:13,2026-2027,3,hull vs aston villa,2026-09-05,hull,aston villa,corners,Visitante,4.5,0.613,OVER
2026-09-02T23:29:13,2026-2027,3,hull vs aston villa,2026-09-05,hull,aston villa,corners,Visitante,5.5,0.4696,UNDER
2026-09-02T23:29:13,2026-2027,3,hull vs aston villa,2026-09-05,hull,aston villa,yellows,Total,2.5,0.6924,OVER
2026-09-02T23:29:13,2026-2027,3,hull vs aston villa,2026-09-05,hull,aston villa,yellows,Total,3.5,0.491,UNDER
2026-09-02T23:29:13,2026-2027,3,hull vs aston villa,2026-09-05,hull,aston villa,yellows,Total,4.5,0.31,UNDER
2026-09-02T23:29:13,2026-2027,3,hull vs aston villa,2026-09-05,hull,aston villa,yellows,Total,5.5,0.1759,UNDER
2026-09-02T23:29:13,2026-2027,3,hull vs aston villa,2026-09-05,hull,aston villa,yellows,Total,6.5,0.0906,UNDER
2026-09-02T23:29:13,2026-2027,3,hull vs aston villa,2026-09-05,hull,aston villa,yellows,Local,1.5,0.6891,OVER
2026-09-02T23:29:13,2026-2027,3,hull vs aston villa,2026-09-05,hull,aston villa,yellows,Local,2.5,0.3974,UNDER
2026-09-02T23:29:13,2026-2027,3,hull vs aston villa,2026-09-05,hull,aston villa,yellows,Visitante,1.5,0.4173,UNDER
2026-09-02T23:29:13,2026-2027,3,hull vs aston villa,2026-09-05,hull,aston villa,yellows,Visitante,2.5,0.1636,UNDER
2026-09-02T23:29:13,2026-2027,3,hull vs aston villa,2026-09-05,hull,aston villa,fouls,Total,19.5,0.6638,OVER
2026-09-02T23:29:13,2026-2027,3,hull vs aston villa,2026-09-05,hull,aston villa,fouls,Total,21.5,0.4825,UNDER
2026-09-02T23:29:13,2026-2027,3,hull vs aston villa,2026-09-05,hull,aston villa,fouls,Total,23.5,0.3108,UNDER
2026-09-02T23:29:13,2026-2027,3,hull vs aston villa,2026-09-05,hull,aston villa,fouls,Total,25.5,0.1769,UNDER
2026-09-02T23:29:13,2026-2027,3,hull vs aston villa,2026-09-05,hull,aston villa,shots,Total,20.5,0.8255,OVER
2026-09-02T23:29:13,2026-2027,3,hull vs aston villa,2026-09-05,hull,aston villa,shots,Total,22.5,0.7166,OVER
2026-09-02T23:29:13,2026-2027,3,hull vs aston villa,2026-09-05,hull,aston villa,shots,Total,24.5,0.5785,OVER
2026-09-02T23:29:13,2026-2027,3,hull vs aston villa,2026-09-05,hull,aston villa,shots,Total,26.5,0.4292,UNDER
2026-09-02T23:29:13,2026-2027,3,hull vs aston villa,2026-09-05,hull,aston villa,shots,Local,9.5,0.7385,OVER
2026-09-02T23:29:13,2026-2027,3,hull vs aston villa,2026-09-05,hull,aston villa,shots,Local,11.5,0.5577,OVER
2026-09-02T23:29:13,2026-2027,3,hull vs aston villa,2026-09-05,hull,aston villa,shots,Local,13.5,0.3813,UNDER
2026-09-02T23:29:13,2026-2027,3,hull vs aston villa,2026-09-05,hull,aston villa,shots,Visitante,9.5,0.8059,OVER
2026-09-02T23:29:13,2026-2027,3,hull vs aston villa,2026-09-05,hull,aston villa,shots,Visitante,11.5,0.6446,OVER
2026-09-02T23:29:13,2026-2027,3,hull vs aston villa,2026-09-05,hull,aston villa,shots,Visitante,13.5,0.4698,UNDER
2026-09-02T23:29:13,2026-2027,3,hull vs aston villa,2026-09-05,hull,aston villa,sot,Total,6.5,0.734,OVER
2026-09-02T23:29:13,2026-2027,3,hull vs aston villa,2026-09-05,hull,aston villa,sot,Total,7.5,0.6066,OVER
2026-09-02T23:29:13,2026-2027,3,hull vs aston villa,2026-09-05,hull,aston villa,sot,Total,8.5,0.4724,UNDER
2026-09-02T23:29:13,2026-2027,3,hull vs aston villa,2026-09-05,hull,aston villa,sot,Total,9.5,0.3466,UNDER
2026-09-02T23:29:13,2026-2027,3,hull vs aston villa,2026-09-05,hull,aston villa,booking_pts,Total,30.5,0.5478,OVER
2026-09-02T23:29:13,2026-2027,3,hull vs aston villa,2026-09-05,hull,aston villa,booking_pts,Total,40.5,0.3767,UNDER
2026-09-02T23:29:13,2026-2027,3,hull vs aston villa,2026-09-05,hull,aston villa,booking_pts,Total,50.5,0.2389,UNDER
2026-09-02T23:29:13,2026-2027,4,vallecano vs santander,2026-09-05,vallecano,santander,1X2,Total,,0.466,1
2026-09-02T23:29:13,2026-2027,4,vallecano vs santander,2026-09-05,vallecano,santander,Goles,Total,2.5,0.4456,UNDER
2026-09-02T23:29:13,2026-2027,3,le havre vs brest,2026-09-05,le havre,brest,1X2,Total,,0.4083,1
2026-09-02T23:29:13,2026-2027,3,le havre vs brest,2026-09-05,le havre,brest,Goles,Total,2.5,0.4527,UNDER
2026-09-02T23:29:13,2026-2027,3,le havre vs brest,2026-09-05,le havre,brest,corners,Total,7.5,0.6991,OVER
2026-09-02T23:29:13,2026-2027,3,le havre vs brest,2026-09-05,le havre,brest,corners,Total,8.5,0.5823,OVER
2026-09-02T23:29:13,2026-2027,3,le havre vs brest,2026-09-05,le havre,brest,corners,Total,9.5,0.4638,UNDER
2026-09-02T23:29:13,2026-2027,3,le havre vs brest,2026-09-05,le havre,brest,corners,Total,10.5,0.346,UNDER
2026-09-02T23:29:13,2026-2027,3,le havre vs brest,2026-09-05,le havre,brest,corners,Total,11.5,0.2445,UNDER
2026-09-02T23:29:13,2026-2027,3,le havre vs brest,2026-09-05,le havre,brest,corners,Local,3.5,0.728,OVER
2026-09-02T23:29:13,2026-2027,3,le havre vs brest,2026-09-05,le havre,brest,corners,Local,4.5,0.5769,OVER
2026-09-02T23:29:13,2026-2027,3,le havre vs brest,2026-09-05,le havre,brest,corners,Local,5.5,0.4324,UNDER
2026-09-02T23:29:13,2026-2027,3,le havre vs brest,2026-09-05,le havre,brest,corners,Visitante,3.5,0.5295,OVER
2026-09-02T23:29:13,2026-2027,3,le havre vs brest,2026-09-05,le havre,brest,corners,Visitante,4.5,0.3653,UNDER
2026-09-02T23:29:13,2026-2027,3,le havre vs brest,2026-09-05,le havre,brest,corners,Visitante,5.5,0.2388,UNDER
2026-09-02T23:29:13,2026-2027,3,le havre vs brest,2026-09-05,le havre,brest,yellows,Total,2.5,0.7206,OVER
2026-09-02T23:29:13,2026-2027,3,le havre vs brest,2026-09-05,le havre,brest,yellows,Total,3.5,0.5249,OVER
2026-09-02T23:29:13,2026-2027,3,le havre vs brest,2026-09-05,le havre,brest,yellows,Total,4.5,0.3416,UNDER
2026-09-02T23:29:13,2026-2027,3,le havre vs brest,2026-09-05,le havre,brest,yellows,Total,5.5,0.2001,UNDER
2026-09-02T23:29:13,2026-2027,3,le havre vs brest,2026-09-05,le havre,brest,yellows,Total,6.5,0.1066,UNDER
2026-09-02T23:29:13,2026-2027,3,le havre vs brest,2026-09-05,le havre,brest,yellows,Local,1.5,0.5699,OVER
2026-09-02T23:29:13,2026-2027,3,le havre vs brest,2026-09-05,le havre,brest,yellows,Local,2.5,0.2788,UNDER
2026-09-02T23:29:13,2026-2027,3,le havre vs brest,2026-09-05,le havre,brest,yellows,Visitante,1.5,0.6201,OVER
2026-09-02T23:29:13,2026-2027,3,le havre vs brest,2026-09-05,le havre,brest,yellows,Visitante,2.5,0.3252,UNDER
2026-09-02T23:29:13,2026-2027,3,le havre vs brest,2026-09-05,le havre,brest,fouls,Total,19.5,0.9332,OVER
2026-09-02T23:29:13,2026-2027,3,le havre vs brest,2026-09-05,le havre,brest,fouls,Total,21.5,0.8607,OVER
2026-09-02T23:29:13,2026-2027,3,le havre vs brest,2026-09-05,le havre,brest,fouls,Total,23.5,0.7418,OVER
2026-09-02T23:29:13,2026-2027,3,le havre vs brest,2026-09-05,le havre,brest,fouls,Total,25.5,0.596,OVER
2026-09-02T23:29:13,2026-2027,3,le havre vs brest,2026-09-05,le havre,brest,shots,Total,20.5,0.7953,OVER
2026-09-02T23:29:13,2026-2027,3,le havre vs brest,2026-09-05,le havre,brest,shots,Total,22.5,0.6763,OVER
2026-09-02T23:29:13,2026-2027,3,le havre vs brest,2026-09-05,le havre,brest,shots,Total,24.5,0.534,OVER
2026-09-02T23:29:13,2026-2027,3,le havre vs brest,2026-09-05,le havre,brest,shots,Total,26.5,0.3869,UNDER
2026-09-02T23:29:13,2026-2027,3,le havre vs brest,2026-09-05,le havre,brest,shots,Local,9.5,0.8167,OVER
2026-09-02T23:29:13,2026-2027,3,le havre vs brest,2026-09-05,le havre,brest,shots,Local,11.5,0.6595,OVER
2026-09-02T23:29:13,2026-2027,3,le havre vs brest,2026-09-05,le havre,brest,shots,Local,13.5,0.4859,UNDER
2026-09-02T23:29:13,2026-2027,3,le havre vs brest,2026-09-05,le havre,brest,shots,Visitante,9.5,0.667,OVER
2026-09-02T23:29:13,2026-2027,3,le havre vs brest,2026-09-05,le havre,brest,shots,Visitante,11.5,0.4753,UNDER
2026-09-02T23:29:13,2026-2027,3,le havre vs brest,2026-09-05,le havre,brest,shots,Visitante,13.5,0.3056,UNDER
2026-09-02T23:29:13,2026-2027,3,le havre vs brest,2026-09-05,le havre,brest,sot,Total,6.5,0.7034,OVER
2026-09-02T23:29:13,2026-2027,3,le havre vs brest,2026-09-05,le havre,brest,sot,Total,7.5,0.5716,OVER
2026-09-02T23:29:13,2026-2027,3,le havre vs brest,2026-09-05,le havre,brest,sot,Total,8.5,0.4375,UNDER
2026-09-02T23:29:13,2026-2027,3,le havre vs brest,2026-09-05,le havre,brest,sot,Total,9.5,0.3148,UNDER
2026-09-02T23:29:13,2026-2027,3,le havre vs brest,2026-09-05,le havre,brest,booking_pts,Total,30.5,0.6254,OVER
2026-09-02T23:29:13,2026-2027,3,le havre vs brest,2026-09-05,le havre,brest,booking_pts,Total,40.5,0.4649,UNDER
2026-09-02T23:29:13,2026-2027,3,le havre vs brest,2026-09-05,le havre,brest,booking_pts,Total,50.5,0.3227,UNDER
2026-09-02T23:29:13,2026-2027,3,nice vs le mans,2026-09-05,nice,le mans,1X2,Total,,0.4339,1
2026-09-02T23:29:13,2026-2027,3,nice vs le mans,2026-09-05,nice,le mans,Goles,Total,2.5,0.3992,UNDER
2026-09-02T23:29:13,2026-2027,3,roma vs atalanta,2026-09-05,roma,atalanta,1X2,Total,,0.5627,1
2026-09-02T23:29:13,2026-2027,3,roma vs atalanta,2026-09-05,roma,atalanta,Goles,Total,2.5,0.5221,OVER
2026-09-02T23:29:13,2026-2027,3,roma vs atalanta,2026-09-05,roma,atalanta,corners,Total,7.5,0.6593,OVER
2026-09-02T23:29:13,2026-2027,3,roma vs atalanta,2026-09-05,roma,atalanta,corners,Total,8.5,0.5377,OVER
2026-09-02T23:29:13,2026-2027,3,roma vs atalanta,2026-09-05,roma,atalanta,corners,Total,9.5,0.422,UNDER
2026-09-02T23:29:13,2026-2027,3,roma vs atalanta,2026-09-05,roma,atalanta,corners,Total,10.5,0.3076,UNDER
2026-09-02T23:29:13,2026-2027,3,roma vs atalanta,2026-09-05,roma,atalanta,corners,Total,11.5,0.2115,UNDER
2026-09-02T23:29:13,2026-2027,3,roma vs atalanta,2026-09-05,roma,atalanta,corners,Local,3.5,0.7003,OVER
2026-09-02T23:29:13,2026-2027,3,roma vs atalanta,2026-09-05,roma,atalanta,corners,Local,4.5,0.5443,OVER
2026-09-02T23:29:13,2026-2027,3,roma vs atalanta,2026-09-05,roma,atalanta,corners,Local,5.5,0.3999,UNDER
2026-09-02T23:29:13,2026-2027,3,roma vs atalanta,2026-09-05,roma,atalanta,corners,Visitante,3.5,0.4979,UNDER
2026-09-02T23:29:13,2026-2027,3,roma vs atalanta,2026-09-05,roma,atalanta,corners,Visitante,4.5,0.3358,UNDER
2026-09-02T23:29:13,2026-2027,3,roma vs atalanta,2026-09-05,roma,atalanta,corners,Visitante,5.5,0.2149,UNDER
2026-09-02T23:29:13,2026-2027,3,roma vs atalanta,2026-09-05,roma,atalanta,yellows,Total,2.5,0.6799,OVER
2026-09-02T23:29:13,2026-2027,3,roma vs atalanta,2026-09-05,roma,atalanta,yellows,Total,3.5,0.4764,UNDER
2026-09-02T23:29:13,2026-2027,3,roma vs atalanta,2026-09-05,roma,atalanta,yellows,Total,4.5,0.2967,UNDER
2026-09-02T23:29:13,2026-2027,3,roma vs atalanta,2026-09-05,roma,atalanta,yellows,Total,5.5,0.166,UNDER
2026-09-02T23:29:13,2026-2027,3,roma vs atalanta,2026-09-05,roma,atalanta,yellows,Total,6.5,0.0843,UNDER
2026-09-02T23:29:13,2026-2027,3,roma vs atalanta,2026-09-05,roma,atalanta,yellows,Local,1.5,0.4376,UNDER
2026-09-02T23:29:13,2026-2027,3,roma vs atalanta,2026-09-05,roma,atalanta,yellows,Local,2.5,0.177,UNDER
2026-09-02T23:29:13,2026-2027,3,roma vs atalanta,2026-09-05,roma,atalanta,yellows,Visitante,1.5,0.6554,OVER
2026-09-02T23:29:13,2026-2027,3,roma vs atalanta,2026-09-05,roma,atalanta,yellows,Visitante,2.5,0.3608,UNDER
2026-09-02T23:29:13,2026-2027,3,roma vs atalanta,2026-09-05,roma,atalanta,fouls,Total,19.5,0.8217,OVER
2026-09-02T23:29:13,2026-2027,3,roma vs atalanta,2026-09-05,roma,atalanta,fouls,Total,21.5,0.6954,OVER
2026-09-02T23:29:13,2026-2027,3,roma vs atalanta,2026-09-05,roma,atalanta,fouls,Total,23.5,0.5387,OVER
2026-09-02T23:29:13,2026-2027,3,roma vs atalanta,2026-09-05,roma,atalanta,fouls,Total,25.5,0.3841,UNDER
2026-09-02T23:29:13,2026-2027,3,roma vs atalanta,2026-09-05,roma,atalanta,shots,Total,20.5,0.7987,OVER
2026-09-02T23:29:13,2026-2027,3,roma vs atalanta,2026-09-05,roma,atalanta,shots,Total,22.5,0.6808,OVER
2026-09-02T23:29:13,2026-2027,3,roma vs atalanta,2026-09-05,roma,atalanta,shots,Total,24.5,0.5388,OVER
2026-09-02T23:29:13,2026-2027,3,roma vs atalanta,2026-09-05,roma,atalanta,shots,Total,26.5,0.3914,UNDER
2026-09-02T23:29:13,2026-2027,3,roma vs atalanta,2026-09-05,roma,atalanta,shots,Local,9.5,0.8946,OVER
2026-09-02T23:29:13,2026-2027,3,roma vs atalanta,2026-09-05,roma,atalanta,shots,Local,11.5,0.7776,OVER
2026-09-02T23:29:13,2026-2027,3,roma vs atalanta,2026-09-05,roma,atalanta,shots,Local,13.5,0.6265,OVER
2026-09-02T23:29:13,2026-2027,3,roma vs atalanta,2026-09-05,roma,atalanta,shots,Visitante,9.5,0.511,OVER
2026-09-02T23:29:13,2026-2027,3,roma vs atalanta,2026-09-05,roma,atalanta,shots,Visitante,11.5,0.3223,UNDER
2026-09-02T23:29:13,2026-2027,3,roma vs atalanta,2026-09-05,roma,atalanta,shots,Visitante,13.5,0.1834,UNDER
2026-09-02T23:29:13,2026-2027,3,roma vs atalanta,2026-09-05,roma,atalanta,sot,Total,6.5,0.7737,OVER
2026-09-02T23:29:13,2026-2027,3,roma vs atalanta,2026-09-05,roma,atalanta,sot,Total,7.5,0.6538,OVER
2026-09-02T23:29:13,2026-2027,3,roma vs atalanta,2026-09-05,roma,atalanta,sot,Total,8.5,0.5213,OVER
2026-09-02T23:29:13,2026-2027,3,roma vs atalanta,2026-09-05,roma,atalanta,sot,Total,9.5,0.3926,UNDER
2026-09-02T23:29:13,2026-2027,3,roma vs atalanta,2026-09-05,roma,atalanta,booking_pts,Total,30.5,0.5789,OVER
2026-09-02T23:29:13,2026-2027,3,roma vs atalanta,2026-09-05,roma,atalanta,booking_pts,Total,40.5,0.4165,UNDER
2026-09-02T23:29:13,2026-2027,3,roma vs atalanta,2026-09-05,roma,atalanta,booking_pts,Total,50.5,0.2791,UNDER
2026-09-02T23:29:13,2026-2027,4,villarreal vs la coruna,2026-09-05,villarreal,la coruna,1X2,Total,,0.5497,1
2026-09-02T23:29:13,2026-2027,4,villarreal vs la coruna,2026-09-05,villarreal,la coruna,Goles,Total,2.5,0.513,OVER
2026-09-02T23:29:13,2026-2027,4,villarreal vs la coruna,2026-09-05,villarreal,la coruna,corners,Total,7.5,0.8233,OVER
2026-09-02T23:29:13,2026-2027,4,villarreal vs la coruna,2026-09-05,villarreal,la coruna,corners,Total,8.5,0.7324,OVER
2026-09-02T23:29:13,2026-2027,4,villarreal vs la coruna,2026-09-05,villarreal,la coruna,corners,Total,9.5,0.6158,OVER
2026-09-02T23:29:13,2026-2027,4,villarreal vs la coruna,2026-09-05,villarreal,la coruna,corners,Total,10.5,0.4966,UNDER
2026-09-02T23:29:13,2026-2027,4,villarreal vs la coruna,2026-09-05,villarreal,la coruna,corners,Total,11.5,0.3832,UNDER
2026-09-02T23:29:13,2026-2027,4,villarreal vs la coruna,2026-09-05,villarreal,la coruna,corners,Local,3.5,0.8799,OVER
2026-09-02T23:29:13,2026-2027,4,villarreal vs la coruna,2026-09-05,villarreal,la coruna,corners,Local,4.5,0.78,OVER
2026-09-02T23:29:13,2026-2027,4,villarreal vs la coruna,2026-09-05,villarreal,la coruna,corners,Local,5.5,0.6606,OVER
2026-09-02T23:29:13,2026-2027,4,villarreal vs la coruna,2026-09-05,villarreal,la coruna,corners,Visitante,3.5,0.5031,OVER
2026-09-02T23:29:13,2026-2027,4,villarreal vs la coruna,2026-09-05,villarreal,la coruna,corners,Visitante,4.5,0.3406,UNDER
2026-09-02T23:29:13,2026-2027,4,villarreal vs la coruna,2026-09-05,villarreal,la coruna,corners,Visitante,5.5,0.2187,UNDER
2026-09-02T23:29:13,2026-2027,4,villarreal vs la coruna,2026-09-05,villarreal,la coruna,yellows,Total,2.5,0.774,OVER
2026-09-02T23:29:13,2026-2027,4,villarreal vs la coruna,2026-09-05,villarreal,la coruna,yellows,Total,3.5,0.5936,OVER
2026-09-02T23:29:13,2026-2027,4,villarreal vs la coruna,2026-09-05,villarreal,la coruna,yellows,Total,4.5,0.4096,UNDER
2026-09-02T23:29:13,2026-2027,4,villarreal vs la coruna,2026-09-05,villarreal,la coruna,yellows,Total,5.5,0.2556,UNDER
2026-09-02T23:29:13,2026-2027,4,villarreal vs la coruna,2026-09-05,villarreal,la coruna,yellows,Total,6.5,0.1453,UNDER
2026-09-02T23:29:13,2026-2027,4,villarreal vs la coruna,2026-09-05,villarreal,la coruna,yellows,Local,1.5,0.4835,UNDER
2026-09-02T23:29:13,2026-2027,4,villarreal vs la coruna,2026-09-05,villarreal,la coruna,yellows,Local,2.5,0.2093,UNDER
2026-09-02T23:29:13,2026-2027,4,villarreal vs la coruna,2026-09-05,villarreal,la coruna,yellows,Visitante,1.5,0.7728,OVER
2026-09-02T23:29:13,2026-2027,4,villarreal vs la coruna,2026-09-05,villarreal,la coruna,yellows,Visitante,2.5,0.5014,OVER
2026-09-02T23:29:13,2026-2027,4,villarreal vs la coruna,2026-09-05,villarreal,la coruna,fouls,Total,19.5,0.8393,OVER
2026-09-02T23:29:13,2026-2027,4,villarreal vs la coruna,2026-09-05,villarreal,la coruna,fouls,Total,21.5,0.7097,OVER
2026-09-02T23:29:13,2026-2027,4,villarreal vs la coruna,2026-09-05,villarreal,la coruna,fouls,Total,23.5,0.5434,OVER
2026-09-02T23:29:13,2026-2027,4,villarreal vs la coruna,2026-09-05,villarreal,la coruna,fouls,Total,25.5,0.3775,UNDER
2026-09-02T23:29:13,2026-2027,4,villarreal vs la coruna,2026-09-05,villarreal,la coruna,shots,Total,20.5,0.8059,OVER
2026-09-02T23:29:13,2026-2027,4,villarreal vs la coruna,2026-09-05,villarreal,la coruna,shots,Total,22.5,0.6903,OVER
2026-09-02T23:29:13,2026-2027,4,villarreal vs la coruna,2026-09-05,villarreal,la coruna,shots,Total,24.5,0.5492,OVER
2026-09-02T23:29:13,2026-2027,4,villarreal vs la coruna,2026-09-05,villarreal,la coruna,shots,Total,26.5,0.4011,UNDER
2026-09-02T23:29:13,2026-2027,4,villarreal vs la coruna,2026-09-05,villarreal,la coruna,shots,Local,9.5,0.8769,OVER
2026-09-02T23:29:13,2026-2027,4,villarreal vs la coruna,2026-09-05,villarreal,la coruna,shots,Local,11.5,0.749,OVER
2026-09-02T23:29:13,2026-2027,4,villarreal vs la coruna,2026-09-05,villarreal,la coruna,shots,Local,13.5,0.5902,OVER
2026-09-02T23:29:13,2026-2027,4,villarreal vs la coruna,2026-09-05,villarreal,la coruna,shots,Visitante,9.5,0.574,OVER
2026-09-02T23:29:13,2026-2027,4,villarreal vs la coruna,2026-09-05,villarreal,la coruna,shots,Visitante,11.5,0.3803,UNDER
2026-09-02T23:29:13,2026-2027,4,villarreal vs la coruna,2026-09-05,villarreal,la coruna,shots,Visitante,13.5,0.2271,UNDER
2026-09-02T23:29:13,2026-2027,4,villarreal vs la coruna,2026-09-05,villarreal,la coruna,sot,Total,6.5,0.7396,OVER
2026-09-02T23:29:13,2026-2027,4,villarreal vs la coruna,2026-09-05,villarreal,la coruna,sot,Total,7.5,0.6131,OVER
2026-09-02T23:29:13,2026-2027,4,villarreal vs la coruna,2026-09-05,villarreal,la coruna,sot,Total,8.5,0.4791,UNDER
2026-09-02T23:29:13,2026-2027,4,villarreal vs la coruna,2026-09-05,villarreal,la coruna,sot,Total,9.5,0.3527,UNDER
2026-09-02T23:29:13,2026-2027,4,villarreal vs la coruna,2026-09-05,villarreal,la coruna,booking_pts,Total,30.5,0.6772,OVER
2026-09-02T23:29:13,2026-2027,4,villarreal vs la coruna,2026-09-05,villarreal,la coruna,booking_pts,Total,40.5,0.5194,OVER
2026-09-02T23:29:13,2026-2027,4,villarreal vs la coruna,2026-09-05,villarreal,la coruna,booking_pts,Total,50.5,0.3721,UNDER
2026-09-02T23:29:13,2026-2027,3,everton vs man united,2026-09-06,everton,man united,1X2,Total,,0.4421,2
2026-09-02T23:29:13,2026-2027,3,everton vs man united,2026-09-06,everton,man united,Goles,Total,2.5,0.4843,UNDER
2026-09-02T23:29:13,2026-2027,3,everton vs man united,2026-09-06,everton,man united,corners,Total,7.5,0.7151,OVER
2026-09-02T23:29:13,2026-2027,3,everton vs man united,2026-09-06,everton,man united,corners,Total,8.5,0.6007,OVER
2026-09-02T23:29:13,2026-2027,3,everton vs man united,2026-09-06,everton,man united,corners,Total,9.5,0.4814,UNDER
2026-09-02T23:29:13,2026-2027,3,everton vs man united,2026-09-06,everton,man united,corners,Total,10.5,0.3626,UNDER
2026-09-02T23:29:13,2026-2027,3,everton vs man united,2026-09-06,everton,man united,corners,Total,11.5,0.259,UNDER
2026-09-02T23:29:13,2026-2027,3,everton vs man united,2026-09-06,everton,man united,corners,Local,3.5,0.6355,OVER
2026-09-02T23:29:13,2026-2027,3,everton vs man united,2026-09-06,everton,man united,corners,Local,4.5,0.4722,UNDER
2026-09-02T23:29:13,2026-2027,3,everton vs man united,2026-09-06,everton,man united,corners,Local,5.5,0.3317,UNDER
2026-09-02T23:29:13,2026-2027,3,everton vs man united,2026-09-06,everton,man united,corners,Visitante,3.5,0.6645,OVER
2026-09-02T23:29:13,2026-2027,3,everton vs man united,2026-09-06,everton,man united,corners,Visitante,4.5,0.5037,OVER
2026-09-02T23:29:13,2026-2027,3,everton vs man united,2026-09-06,everton,man united,corners,Visitante,5.5,0.3609,UNDER
2026-09-02T23:29:13,2026-2027,3,everton vs man united,2026-09-06,everton,man united,yellows,Total,2.5,0.6974,OVER
2026-09-02T23:29:13,2026-2027,3,everton vs man united,2026-09-06,everton,man united,yellows,Total,3.5,0.4969,UNDER
2026-09-02T23:29:13,2026-2027,3,everton vs man united,2026-09-06,everton,man united,yellows,Total,4.5,0.3154,UNDER
2026-09-02T23:29:13,2026-2027,3,everton vs man united,2026-09-06,everton,man united,yellows,Total,5.5,0.18,UNDER
2026-09-02T23:29:13,2026-2027,3,everton vs man united,2026-09-06,everton,man united,yellows,Total,6.5,0.0933,UNDER
2026-09-02T23:29:13,2026-2027,3,everton vs man united,2026-09-06,everton,man united,yellows,Local,1.5,0.5735,OVER
2026-09-02T23:29:13,2026-2027,3,everton vs man united,2026-09-06,everton,man united,yellows,Local,2.5,0.282,UNDER
2026-09-02T23:29:13,2026-2027,3,everton vs man united,2026-09-06,everton,man united,yellows,Visitante,1.5,0.5713,OVER
2026-09-02T23:29:13,2026-2027,3,everton vs man united,2026-09-06,everton,man united,yellows,Visitante,2.5,0.2801,UNDER
2026-09-02T23:29:13,2026-2027,3,everton vs man united,2026-09-06,everton,man united,fouls,Total,19.5,0.6722,OVER
2026-09-02T23:29:13,2026-2027,3,everton vs man united,2026-09-06,everton,man united,fouls,Total,21.5,0.4919,UNDER
2026-09-02T23:29:13,2026-2027,3,everton vs man united,2026-09-06,everton,man united,fouls,Total,23.5,0.3189,UNDER
2026-09-02T23:29:13,2026-2027,3,everton vs man united,2026-09-06,everton,man united,fouls,Total,25.5,0.1828,UNDER
2026-09-02T23:29:13,2026-2027,3,everton vs man united,2026-09-06,everton,man united,shots,Total,20.5,0.848,OVER
2026-09-02T23:29:13,2026-2027,3,everton vs man united,2026-09-06,everton,man united,shots,Total,22.5,0.7477,OVER
2026-09-02T23:29:13,2026-2027,3,everton vs man united,2026-09-06,everton,man united,shots,Total,24.5,0.6142,OVER
2026-09-02T23:29:13,2026-2027,3,everton vs man united,2026-09-06,everton,man united,shots,Total,26.5,0.4645,UNDER
2026-09-02T23:29:13,2026-2027,3,everton vs man united,2026-09-06,everton,man united,shots,Local,9.5,0.7113,OVER
2026-09-02T23:29:13,2026-2027,3,everton vs man united,2026-09-06,everton,man united,shots,Local,11.5,0.5252,OVER
2026-09-02T23:29:13,2026-2027,3,everton vs man united,2026-09-06,everton,man united,shots,Local,13.5,0.3506,UNDER
2026-09-02T23:29:13,2026-2027,3,everton vs man united,2026-09-06,everton,man united,shots,Visitante,9.5,0.8557,OVER
2026-09-02T23:29:13,2026-2027,3,everton vs man united,2026-09-06,everton,man united,shots,Visitante,11.5,0.7162,OVER
2026-09-02T23:29:13,2026-2027,3,everton vs man united,2026-09-06,everton,man united,shots,Visitante,13.5,0.5505,OVER
2026-09-02T23:29:13,2026-2027,3,everton vs man united,2026-09-06,everton,man united,sot,Total,6.5,0.784,OVER
2026-09-02T23:29:13,2026-2027,3,everton vs man united,2026-09-06,everton,man united,sot,Total,7.5,0.6665,OVER
2026-09-02T23:29:13,2026-2027,3,everton vs man united,2026-09-06,everton,man united,sot,Total,8.5,0.5349,OVER
2026-09-02T23:29:13,2026-2027,3,everton vs man united,2026-09-06,everton,man united,sot,Total,9.5,0.4057,UNDER
2026-09-02T23:29:13,2026-2027,3,everton vs man united,2026-09-06,everton,man united,booking_pts,Total,30.5,0.5531,OVER
2026-09-02T23:29:13,2026-2027,3,everton vs man united,2026-09-06,everton,man united,booking_pts,Total,40.5,0.3818,UNDER
2026-09-02T23:29:13,2026-2027,3,everton vs man united,2026-09-06,everton,man united,booking_pts,Total,50.5,0.2431,UNDER
2026-09-02T23:29:13,2026-2027,3,parma vs monza,2026-09-06,parma,monza,1X2,Total,,0.4561,1
2026-09-02T23:29:13,2026-2027,3,parma vs monza,2026-09-06,parma,monza,Goles,Total,2.5,0.3929,UNDER
2026-09-02T23:29:13,2026-2027,3,parma vs monza,2026-09-06,parma,monza,corners,Total,7.5,0.6587,OVER
2026-09-02T23:29:13,2026-2027,3,parma vs monza,2026-09-06,parma,monza,corners,Total,8.5,0.5371,OVER
2026-09-02T23:29:13,2026-2027,3,parma vs monza,2026-09-06,parma,monza,corners,Total,9.5,0.4214,UNDER
2026-09-02T23:29:13,2026-2027,3,parma vs monza,2026-09-06,parma,monza,corners,Total,10.5,0.3071,UNDER
2026-09-02T23:29:13,2026-2027,3,parma vs monza,2026-09-06,parma,monza,corners,Total,11.5,0.2111,UNDER
2026-09-02T23:29:13,2026-2027,3,parma vs monza,2026-09-06,parma,monza,corners,Local,3.5,0.7013,OVER
2026-09-02T23:29:13,2026-2027,3,parma vs monza,2026-09-06,parma,monza,corners,Local,4.5,0.5455,OVER
2026-09-02T23:29:13,2026-2027,3,parma vs monza,2026-09-06,parma,monza,corners,Local,5.5,0.4011,UNDER
2026-09-02T23:29:13,2026-2027,3,parma vs monza,2026-09-06,parma,monza,corners,Visitante,3.5,0.4955,UNDER
2026-09-02T23:29:13,2026-2027,3,parma vs monza,2026-09-06,parma,monza,corners,Visitante,4.5,0.3337,UNDER
2026-09-02T23:29:13,2026-2027,3,parma vs monza,2026-09-06,parma,monza,corners,Visitante,5.5,0.2131,UNDER
2026-09-02T23:29:13,2026-2027,3,parma vs monza,2026-09-06,parma,monza,yellows,Total,2.5,0.7132,OVER
2026-09-02T23:29:13,2026-2027,3,parma vs monza,2026-09-06,parma,monza,yellows,Total,3.5,0.516,OVER
2026-09-02T23:29:13,2026-2027,3,parma vs monza,2026-09-06,parma,monza,yellows,Total,4.5,0.3331,UNDER
2026-09-02T23:29:13,2026-2027,3,parma vs monza,2026-09-06,parma,monza,yellows,Total,5.5,0.1935,UNDER
2026-09-02T23:29:13,2026-2027,3,parma vs monza,2026-09-06,parma,monza,yellows,Total,6.5,0.1022,UNDER
2026-09-02T23:29:13,2026-2027,3,parma vs monza,2026-09-06,parma,monza,yellows,Local,1.5,0.4862,UNDER
2026-09-02T23:29:13,2026-2027,3,parma vs monza,2026-09-06,parma,monza,yellows,Local,2.5,0.2113,UNDER
2026-09-02T23:29:13,2026-2027,3,parma vs monza,2026-09-06,parma,monza,yellows,Visitante,1.5,0.6749,OVER
2026-09-02T23:29:13,2026-2027,3,parma vs monza,2026-09-06,parma,monza,yellows,Visitante,2.5,0.3816,UNDER
2026-09-02T23:29:13,2026-2027,3,parma vs monza,2026-09-06,parma,monza,fouls,Total,19.5,0.8737,OVER
2026-09-02T23:29:13,2026-2027,3,parma vs monza,2026-09-06,parma,monza,fouls,Total,21.5,0.77,OVER
2026-09-02T23:29:13,2026-2027,3,parma vs monza,2026-09-06,parma,monza,fouls,Total,23.5,0.6271,OVER
2026-09-02T23:29:13,2026-2027,3,parma vs monza,2026-09-06,parma,monza,fouls,Total,25.5,0.4737,UNDER
2026-09-02T23:29:13,2026-2027,3,parma vs monza,2026-09-06,parma,monza,shots,Total,20.5,0.7467,OVER
2026-09-02T23:29:13,2026-2027,3,parma vs monza,2026-09-06,parma,monza,shots,Total,22.5,0.6145,OVER
2026-09-02T23:29:13,2026-2027,3,parma vs monza,2026-09-06,parma,monza,shots,Total,24.5,0.4692,UNDER
2026-09-02T23:29:13,2026-2027,3,parma vs monza,2026-09-06,parma,monza,shots,Total,26.5,0.3282,UNDER
2026-09-02T23:29:13,2026-2027,3,parma vs monza,2026-09-06,parma,monza,shots,Local,9.5,0.8669,OVER
2026-09-02T23:29:13,2026-2027,3,parma vs monza,2026-09-06,parma,monza,shots,Local,11.5,0.7332,OVER
2026-09-02T23:29:13,2026-2027,3,parma vs monza,2026-09-06,parma,monza,shots,Local,13.5,0.5709,OVER
2026-09-02T23:29:13,2026-2027,3,parma vs monza,2026-09-06,parma,monza,shots,Visitante,9.5,0.4715,UNDER
2026-09-02T23:29:13,2026-2027,3,parma vs monza,2026-09-06,parma,monza,shots,Visitante,11.5,0.2883,UNDER
2026-09-02T23:29:13,2026-2027,3,parma vs monza,2026-09-06,parma,monza,shots,Visitante,13.5,0.1593,UNDER
2026-09-02T23:29:13,2026-2027,3,parma vs monza,2026-09-06,parma,monza,sot,Total,6.5,0.6236,OVER
2026-09-02T23:29:13,2026-2027,3,parma vs monza,2026-09-06,parma,monza,sot,Total,7.5,0.4854,UNDER
2026-09-02T23:29:13,2026-2027,3,parma vs monza,2026-09-06,parma,monza,sot,Total,8.5,0.3557,UNDER
2026-09-02T23:29:13,2026-2027,3,parma vs monza,2026-09-06,parma,monza,sot,Total,9.5,0.2438,UNDER
2026-09-02T23:29:13,2026-2027,3,parma vs monza,2026-09-06,parma,monza,booking_pts,Total,30.5,0.6098,OVER
2026-09-02T23:29:13,2026-2027,3,parma vs monza,2026-09-06,parma,monza,booking_pts,Total,40.5,0.4474,UNDER
2026-09-02T23:29:13,2026-2027,3,parma vs monza,2026-09-06,parma,monza,booking_pts,Total,50.5,0.3059,UNDER
2026-09-02T23:29:13,2026-2027,3,frosinone vs venezia,2026-09-06,frosinone,venezia,1X2,Total,,0.4517,1
2026-09-02T23:29:13,2026-2027,3,frosinone vs venezia,2026-09-06,frosinone,venezia,Goles,Total,2.5,0.4266,UNDER
2026-09-02T23:29:13,2026-2027,3,frosinone vs venezia,2026-09-06,frosinone,venezia,corners,Total,7.5,0.7989,OVER
2026-09-02T23:29:13,2026-2027,3,frosinone vs venezia,2026-09-06,frosinone,venezia,corners,Total,8.5,0.7014,OVER
2026-09-02T23:29:13,2026-2027,3,frosinone vs venezia,2026-09-06,frosinone,venezia,corners,Total,9.5,0.5827,OVER
2026-09-02T23:29:13,2026-2027,3,frosinone vs venezia,2026-09-06,frosinone,venezia,corners,Total,10.5,0.4624,UNDER
2026-09-02T23:29:13,2026-2027,3,frosinone vs venezia,2026-09-06,frosinone,venezia,corners,Total,11.5,0.3503,UNDER
2026-09-02T23:29:13,2026-2027,3,frosinone vs venezia,2026-09-06,frosinone,venezia,corners,Local,3.5,0.8423,OVER
2026-09-02T23:29:13,2026-2027,3,frosinone vs venezia,2026-09-06,frosinone,venezia,corners,Local,4.5,0.7251,OVER
2026-09-02T23:29:13,2026-2027,3,frosinone vs venezia,2026-09-06,frosinone,venezia,corners,Local,5.5,0.594,OVER
2026-09-02T23:29:13,2026-2027,3,frosinone vs venezia,2026-09-06,frosinone,venezia,corners,Visitante,3.5,0.5356,OVER
2026-09-02T23:29:13,2026-2027,3,frosinone vs venezia,2026-09-06,frosinone,venezia,corners,Visitante,4.5,0.3711,UNDER
2026-09-02T23:29:13,2026-2027,3,frosinone vs venezia,2026-09-06,frosinone,venezia,corners,Visitante,5.5,0.2436,UNDER
2026-09-02T23:29:13,2026-2027,3,frosinone vs venezia,2026-09-06,frosinone,venezia,yellows,Total,2.5,0.7599,OVER
2026-09-02T23:29:13,2026-2027,3,frosinone vs venezia,2026-09-06,frosinone,venezia,yellows,Total,3.5,0.5748,OVER
2026-09-02T23:29:13,2026-2027,3,frosinone vs venezia,2026-09-06,frosinone,venezia,yellows,Total,4.5,0.3905,UNDER
2026-09-02T23:29:13,2026-2027,3,frosinone vs venezia,2026-09-06,frosinone,venezia,yellows,Total,5.5,0.2396,UNDER
2026-09-02T23:29:13,2026-2027,3,frosinone vs venezia,2026-09-06,frosinone,venezia,yellows,Total,6.5,0.1338,UNDER
2026-09-02T23:29:13,2026-2027,3,frosinone vs venezia,2026-09-06,frosinone,venezia,yellows,Local,1.5,0.5349,OVER
2026-09-02T23:29:13,2026-2027,3,frosinone vs venezia,2026-09-06,frosinone,venezia,yellows,Local,2.5,0.2492,UNDER
2026-09-02T23:29:13,2026-2027,3,frosinone vs venezia,2026-09-06,frosinone,venezia,yellows,Visitante,1.5,0.7193,OVER
2026-09-02T23:29:13,2026-2027,3,frosinone vs venezia,2026-09-06,frosinone,venezia,yellows,Visitante,2.5,0.4326,UNDER
2026-09-02T23:29:13,2026-2027,3,frosinone vs venezia,2026-09-06,frosinone,venezia,fouls,Total,19.5,0.9346,OVER
2026-09-02T23:29:13,2026-2027,3,frosinone vs venezia,2026-09-06,frosinone,venezia,fouls,Total,21.5,0.8677,OVER
2026-09-02T23:29:13,2026-2027,3,frosinone vs venezia,2026-09-06,frosinone,venezia,fouls,Total,23.5,0.7588,OVER
2026-09-02T23:29:13,2026-2027,3,frosinone vs venezia,2026-09-06,frosinone,venezia,fouls,Total,25.5,0.6252,OVER
2026-09-02T23:29:13,2026-2027,3,frosinone vs venezia,2026-09-06,frosinone,venezia,shots,Total,20.5,0.8589,OVER
2026-09-02T23:29:13,2026-2027,3,frosinone vs venezia,2026-09-06,frosinone,venezia,shots,Total,22.5,0.763,OVER
2026-09-02T23:29:13,2026-2027,3,frosinone vs venezia,2026-09-06,frosinone,venezia,shots,Total,24.5,0.6323,OVER
2026-09-02T23:29:13,2026-2027,3,frosinone vs venezia,2026-09-06,frosinone,venezia,shots,Total,26.5,0.4829,UNDER
2026-09-02T23:29:13,2026-2027,3,frosinone vs venezia,2026-09-06,frosinone,venezia,shots,Local,9.5,0.8996,OVER
2026-09-02T23:29:13,2026-2027,3,frosinone vs venezia,2026-09-06,frosinone,venezia,shots,Local,11.5,0.786,OVER
2026-09-02T23:29:13,2026-2027,3,frosinone vs venezia,2026-09-06,frosinone,venezia,shots,Local,13.5,0.6373,OVER
2026-09-02T23:29:13,2026-2027,3,frosinone vs venezia,2026-09-06,frosinone,venezia,shots,Visitante,9.5,0.6455,OVER
2026-09-02T23:29:13,2026-2027,3,frosinone vs venezia,2026-09-06,frosinone,venezia,shots,Visitante,11.5,0.4522,UNDER
2026-09-02T23:29:13,2026-2027,3,frosinone vs venezia,2026-09-06,frosinone,venezia,shots,Visitante,13.5,0.2857,UNDER
2026-09-02T23:29:13,2026-2027,3,frosinone vs venezia,2026-09-06,frosinone,venezia,sot,Total,6.5,0.7237,OVER
2026-09-02T23:29:13,2026-2027,3,frosinone vs venezia,2026-09-06,frosinone,venezia,sot,Total,7.5,0.5947,OVER
2026-09-02T23:29:13,2026-2027,3,frosinone vs venezia,2026-09-06,frosinone,venezia,sot,Total,8.5,0.4604,UNDER
2026-09-02T23:29:13,2026-2027,3,frosinone vs venezia,2026-09-06,frosinone,venezia,sot,Total,9.5,0.3356,UNDER
2026-09-02T23:29:13,2026-2027,3,frosinone vs venezia,2026-09-06,frosinone,venezia,booking_pts,Total,30.5,0.6592,OVER
2026-09-02T23:29:13,2026-2027,3,frosinone vs venezia,2026-09-06,frosinone,venezia,booking_pts,Total,40.5,0.4989,UNDER
2026-09-02T23:29:13,2026-2027,3,frosinone vs venezia,2026-09-06,frosinone,venezia,booking_pts,Total,50.5,0.3523,UNDER
2026-09-02T23:29:13,2026-2027,3,troyes vs strasbourg,2026-09-06,troyes,strasbourg,1X2,Total,,0.485,2
2026-09-02T23:29:13,2026-2027,3,troyes vs strasbourg,2026-09-06,troyes,strasbourg,Goles,Total,2.5,0.4893,UNDER
2026-09-02T23:29:13,2026-2027,3,troyes vs strasbourg,2026-09-06,troyes,strasbourg,corners,Total,7.5,0.7022,OVER
2026-09-02T23:29:13,2026-2027,3,troyes vs strasbourg,2026-09-06,troyes,strasbourg,corners,Total,8.5,0.5859,OVER
2026-09-02T23:29:13,2026-2027,3,troyes vs strasbourg,2026-09-06,troyes,strasbourg,corners,Total,9.5,0.4672,UNDER
2026-09-02T23:29:13,2026-2027,3,troyes vs strasbourg,2026-09-06,troyes,strasbourg,corners,Total,10.5,0.3492,UNDER
2026-09-02T23:29:13,2026-2027,3,troyes vs strasbourg,2026-09-06,troyes,strasbourg,corners,Total,11.5,0.2473,UNDER
2026-09-02T23:29:13,2026-2027,3,troyes vs strasbourg,2026-09-06,troyes,strasbourg,corners,Local,3.5,0.5863,OVER
2026-09-02T23:29:13,2026-2027,3,troyes vs strasbourg,2026-09-06,troyes,strasbourg,corners,Local,4.5,0.421,UNDER
2026-09-02T23:29:13,2026-2027,3,troyes vs strasbourg,2026-09-06,troyes,strasbourg,corners,Local,5.5,0.286,UNDER
2026-09-02T23:29:13,2026-2027,3,troyes vs strasbourg,2026-09-06,troyes,strasbourg,corners,Visitante,3.5,0.689,OVER
2026-09-02T23:29:13,2026-2027,3,troyes vs strasbourg,2026-09-06,troyes,strasbourg,corners,Visitante,4.5,0.5313,OVER
2026-09-02T23:29:13,2026-2027,3,troyes vs strasbourg,2026-09-06,troyes,strasbourg,corners,Visitante,5.5,0.3873,UNDER
2026-09-02T23:29:13,2026-2027,3,troyes vs strasbourg,2026-09-06,troyes,strasbourg,yellows,Total,2.5,0.623,OVER
2026-09-02T23:29:13,2026-2027,3,troyes vs strasbourg,2026-09-06,troyes,strasbourg,yellows,Total,3.5,0.4131,UNDER
2026-09-02T23:29:13,2026-2027,3,troyes vs strasbourg,2026-09-06,troyes,strasbourg,yellows,Total,4.5,0.2422,UNDER
2026-09-02T23:29:13,2026-2027,3,troyes vs strasbourg,2026-09-06,troyes,strasbourg,yellows,Total,5.5,0.1272,UNDER
2026-09-02T23:29:13,2026-2027,3,troyes vs strasbourg,2026-09-06,troyes,strasbourg,yellows,Total,6.5,0.0606,UNDER
2026-09-02T23:29:13,2026-2027,3,troyes vs strasbourg,2026-09-06,troyes,strasbourg,yellows,Local,1.5,0.5093,OVER
2026-09-02T23:29:13,2026-2027,3,troyes vs strasbourg,2026-09-06,troyes,strasbourg,yellows,Local,2.5,0.2289,UNDER
2026-09-02T23:29:13,2026-2027,3,troyes vs strasbourg,2026-09-06,troyes,strasbourg,yellows,Visitante,1.5,0.4932,UNDER
2026-09-02T23:29:13,2026-2027,3,troyes vs strasbourg,2026-09-06,troyes,strasbourg,yellows,Visitante,2.5,0.2165,UNDER
2026-09-02T23:29:13,2026-2027,3,troyes vs strasbourg,2026-09-06,troyes,strasbourg,fouls,Total,19.5,0.7292,OVER
2026-09-02T23:29:13,2026-2027,3,troyes vs strasbourg,2026-09-06,troyes,strasbourg,fouls,Total,21.5,0.5671,OVER
2026-09-02T23:29:13,2026-2027,3,troyes vs strasbourg,2026-09-06,troyes,strasbourg,fouls,Total,23.5,0.396,UNDER
2026-09-02T23:29:13,2026-2027,3,troyes vs strasbourg,2026-09-06,troyes,strasbourg,fouls,Total,25.5,0.2489,UNDER
2026-09-02T23:29:13,2026-2027,3,troyes vs strasbourg,2026-09-06,troyes,strasbourg,shots,Total,20.5,0.8401,OVER
2026-09-02T23:29:13,2026-2027,3,troyes vs strasbourg,2026-09-06,troyes,strasbourg,shots,Total,22.5,0.7366,OVER
2026-09-02T23:29:13,2026-2027,3,troyes vs strasbourg,2026-09-06,troyes,strasbourg,shots,Total,24.5,0.6013,OVER
2026-09-02T23:29:13,2026-2027,3,troyes vs strasbourg,2026-09-06,troyes,strasbourg,shots,Total,26.5,0.4516,UNDER
2026-09-02T23:29:13,2026-2027,3,troyes vs strasbourg,2026-09-06,troyes,strasbourg,shots,Local,9.5,0.705,OVER
2026-09-02T23:29:13,2026-2027,3,troyes vs strasbourg,2026-09-06,troyes,strasbourg,shots,Local,11.5,0.5179,OVER
2026-09-02T23:29:13,2026-2027,3,troyes vs strasbourg,2026-09-06,troyes,strasbourg,shots,Local,13.5,0.3438,UNDER
2026-09-02T23:29:13,2026-2027,3,troyes vs strasbourg,2026-09-06,troyes,strasbourg,shots,Visitante,9.5,0.8493,OVER
2026-09-02T23:29:13,2026-2027,3,troyes vs strasbourg,2026-09-06,troyes,strasbourg,shots,Visitante,11.5,0.7066,OVER
2026-09-02T23:29:13,2026-2027,3,troyes vs strasbourg,2026-09-06,troyes,strasbourg,shots,Visitante,13.5,0.5392,OVER
2026-09-02T23:29:13,2026-2027,3,troyes vs strasbourg,2026-09-06,troyes,strasbourg,sot,Total,6.5,0.827,OVER
2026-09-02T23:29:13,2026-2027,3,troyes vs strasbourg,2026-09-06,troyes,strasbourg,sot,Total,7.5,0.721,OVER
2026-09-02T23:29:13,2026-2027,3,troyes vs strasbourg,2026-09-06,troyes,strasbourg,sot,Total,8.5,0.5949,OVER
2026-09-02T23:29:13,2026-2027,3,troyes vs strasbourg,2026-09-06,troyes,strasbourg,sot,Total,9.5,0.4655,UNDER
2026-09-02T23:29:13,2026-2027,3,troyes vs strasbourg,2026-09-06,troyes,strasbourg,booking_pts,Total,30.5,0.5353,OVER
2026-09-02T23:29:13,2026-2027,3,troyes vs strasbourg,2026-09-06,troyes,strasbourg,booking_pts,Total,40.5,0.3767,UNDER
2026-09-02T23:29:13,2026-2027,3,troyes vs strasbourg,2026-09-06,troyes,strasbourg,booking_pts,Total,50.5,0.2469,UNDER
2026-09-02T23:29:13,2026-2027,2,hamburg vs mainz,2026-09-06,hamburg,mainz,1X2,Total,,0.4838,2
2026-09-02T23:29:13,2026-2027,2,hamburg vs mainz,2026-09-06,hamburg,mainz,Goles,Total,2.5,0.6174,OVER
2026-09-02T23:29:13,2026-2027,2,hamburg vs mainz,2026-09-06,hamburg,mainz,corners,Total,7.5,0.7289,OVER
2026-09-02T23:29:13,2026-2027,2,hamburg vs mainz,2026-09-06,hamburg,mainz,corners,Total,8.5,0.6168,OVER
2026-09-02T23:29:13,2026-2027,2,hamburg vs mainz,2026-09-06,hamburg,mainz,corners,Total,9.5,0.4971,UNDER
2026-09-02T23:29:13,2026-2027,2,hamburg vs mainz,2026-09-06,hamburg,mainz,corners,Total,10.5,0.3776,UNDER
2026-09-02T23:29:13,2026-2027,2,hamburg vs mainz,2026-09-06,hamburg,mainz,corners,Total,11.5,0.2722,UNDER
2026-09-02T23:29:13,2026-2027,2,hamburg vs mainz,2026-09-06,hamburg,mainz,corners,Local,3.5,0.5926,OVER
2026-09-02T23:29:13,2026-2027,2,hamburg vs mainz,2026-09-06,hamburg,mainz,corners,Local,4.5,0.4274,UNDER
2026-09-02T23:29:13,2026-2027,2,hamburg vs mainz,2026-09-06,hamburg,mainz,corners,Local,5.5,0.2916,UNDER
2026-09-02T23:29:13,2026-2027,2,hamburg vs mainz,2026-09-06,hamburg,mainz,corners,Visitante,3.5,0.7214,OVER
2026-09-02T23:29:13,2026-2027,2,hamburg vs mainz,2026-09-06,hamburg,mainz,corners,Visitante,4.5,0.569,OVER
2026-09-02T23:29:13,2026-2027,2,hamburg vs mainz,2026-09-06,hamburg,mainz,corners,Visitante,5.5,0.4244,UNDER
2026-09-02T23:29:13,2026-2027,2,hamburg vs mainz,2026-09-06,hamburg,mainz,yellows,Total,2.5,0.8261,OVER
2026-09-02T23:29:13,2026-2027,2,hamburg vs mainz,2026-09-06,hamburg,mainz,yellows,Total,3.5,0.6667,OVER
2026-09-02T23:29:13,2026-2027,2,hamburg vs mainz,2026-09-06,hamburg,mainz,yellows,Total,4.5,0.4887,UNDER
2026-09-02T23:29:13,2026-2027,2,hamburg vs mainz,2026-09-06,hamburg,mainz,yellows,Total,5.5,0.3258,UNDER
2026-09-02T23:29:13,2026-2027,2,hamburg vs mainz,2026-09-06,hamburg,mainz,yellows,Total,6.5,0.1985,UNDER
2026-09-02T23:29:13,2026-2027,2,hamburg vs mainz,2026-09-06,hamburg,mainz,yellows,Local,1.5,0.6834,OVER
2026-09-02T23:29:13,2026-2027,2,hamburg vs mainz,2026-09-06,hamburg,mainz,yellows,Local,2.5,0.391,UNDER
2026-09-02T23:29:13,2026-2027,2,hamburg vs mainz,2026-09-06,hamburg,mainz,yellows,Visitante,1.5,0.7322,OVER
2026-09-02T23:29:13,2026-2027,2,hamburg vs mainz,2026-09-06,hamburg,mainz,yellows,Visitante,2.5,0.4484,UNDER
2026-09-02T23:29:13,2026-2027,2,hamburg vs mainz,2026-09-06,hamburg,mainz,fouls,Total,19.5,0.6116,OVER
2026-09-02T23:29:13,2026-2027,2,hamburg vs mainz,2026-09-06,hamburg,mainz,fouls,Total,21.5,0.4584,UNDER
2026-09-02T23:29:13,2026-2027,2,hamburg vs mainz,2026-09-06,hamburg,mainz,fouls,Total,23.5,0.3171,UNDER
2026-09-02T23:29:13,2026-2027,2,hamburg vs mainz,2026-09-06,hamburg,mainz,fouls,Total,25.5,0.202,UNDER
2026-09-02T23:29:13,2026-2027,2,hamburg vs mainz,2026-09-06,hamburg,mainz,shots,Total,20.5,0.849,OVER
2026-09-02T23:29:13,2026-2027,2,hamburg vs mainz,2026-09-06,hamburg,mainz,shots,Total,22.5,0.749,OVER
2026-09-02T23:29:13,2026-2027,2,hamburg vs mainz,2026-09-06,hamburg,mainz,shots,Total,24.5,0.6158,OVER
2026-09-02T23:29:13,2026-2027,2,hamburg vs mainz,2026-09-06,hamburg,mainz,shots,Total,26.5,0.4661,UNDER
2026-09-02T23:29:13,2026-2027,2,hamburg vs mainz,2026-09-06,hamburg,mainz,shots,Local,9.5,0.7697,OVER
2026-09-02T23:29:13,2026-2027,2,hamburg vs mainz,2026-09-06,hamburg,mainz,shots,Local,11.5,0.5966,OVER
2026-09-02T23:29:13,2026-2027,2,hamburg vs mainz,2026-09-06,hamburg,mainz,shots,Local,13.5,0.4197,UNDER
2026-09-02T23:29:13,2026-2027,2,hamburg vs mainz,2026-09-06,hamburg,mainz,shots,Visitante,9.5,0.8159,OVER
2026-09-02T23:29:13,2026-2027,2,hamburg vs mainz,2026-09-06,hamburg,mainz,shots,Visitante,11.5,0.6584,OVER
2026-09-02T23:29:13,2026-2027,2,hamburg vs mainz,2026-09-06,hamburg,mainz,shots,Visitante,13.5,0.4847,UNDER
2026-09-02T23:29:13,2026-2027,2,hamburg vs mainz,2026-09-06,hamburg,mainz,sot,Total,6.5,0.8399,OVER
2026-09-02T23:29:13,2026-2027,2,hamburg vs mainz,2026-09-06,hamburg,mainz,sot,Total,7.5,0.738,OVER
2026-09-02T23:29:13,2026-2027,2,hamburg vs mainz,2026-09-06,hamburg,mainz,sot,Total,8.5,0.6144,OVER
2026-09-02T23:29:13,2026-2027,2,hamburg vs mainz,2026-09-06,hamburg,mainz,sot,Total,9.5,0.4856,UNDER
2026-09-02T23:29:13,2026-2027,2,hamburg vs mainz,2026-09-06,hamburg,mainz,booking_pts,Total,30.5,0.7123,OVER
2026-09-02T23:29:13,2026-2027,2,hamburg vs mainz,2026-09-06,hamburg,mainz,booking_pts,Total,40.5,0.5526,OVER
2026-09-02T23:29:13,2026-2027,2,hamburg vs mainz,2026-09-06,hamburg,mainz,booking_pts,Total,50.5,0.3982,UNDER
2026-09-02T23:29:13,2026-2027,4,valencia vs barcelona,2026-09-06,valencia,barcelona,1X2,Total,,0.4522,2
2026-09-02T23:29:13,2026-2027,4,valencia vs barcelona,2026-09-06,valencia,barcelona,Goles,Total,2.5,0.5204,OVER
2026-09-02T23:29:13,2026-2027,4,valencia vs barcelona,2026-09-06,valencia,barcelona,corners,Total,7.5,0.7608,OVER
2026-09-02T23:29:13,2026-2027,4,valencia vs barcelona,2026-09-06,valencia,barcelona,corners,Total,8.5,0.6547,OVER
2026-09-02T23:29:13,2026-2027,4,valencia vs barcelona,2026-09-06,valencia,barcelona,corners,Total,9.5,0.5346,OVER
2026-09-02T23:29:13,2026-2027,4,valencia vs barcelona,2026-09-06,valencia,barcelona,corners,Total,10.5,0.4141,UNDER
2026-09-02T23:29:13,2026-2027,4,valencia vs barcelona,2026-09-06,valencia,barcelona,corners,Total,11.5,0.3052,UNDER
2026-09-02T23:29:13,2026-2027,4,valencia vs barcelona,2026-09-06,valencia,barcelona,corners,Local,3.5,0.615,OVER
2026-09-02T23:29:13,2026-2027,4,valencia vs barcelona,2026-09-06,valencia,barcelona,corners,Local,4.5,0.4505,UNDER
2026-09-02T23:29:13,2026-2027,4,valencia vs barcelona,2026-09-06,valencia,barcelona,corners,Local,5.5,0.312,UNDER
2026-09-02T23:29:13,2026-2027,4,valencia vs barcelona,2026-09-06,valencia,barcelona,corners,Visitante,3.5,0.7489,OVER
2026-09-02T23:29:13,2026-2027,4,valencia vs barcelona,2026-09-06,valencia,barcelona,corners,Visitante,4.5,0.6023,OVER
2026-09-02T23:29:13,2026-2027,4,valencia vs barcelona,2026-09-06,valencia,barcelona,corners,Visitante,5.5,0.4583,UNDER
2026-09-02T23:29:13,2026-2027,4,valencia vs barcelona,2026-09-06,valencia,barcelona,yellows,Total,2.5,0.7573,OVER
2026-09-02T23:29:13,2026-2027,4,valencia vs barcelona,2026-09-06,valencia,barcelona,yellows,Total,3.5,0.5715,OVER
2026-09-02T23:29:13,2026-2027,4,valencia vs barcelona,2026-09-06,valencia,barcelona,yellows,Total,4.5,0.3871,UNDER
2026-09-02T23:29:13,2026-2027,4,valencia vs barcelona,2026-09-06,valencia,barcelona,yellows,Total,5.5,0.2367,UNDER
2026-09-02T23:29:13,2026-2027,4,valencia vs barcelona,2026-09-06,valencia,barcelona,yellows,Total,6.5,0.1318,UNDER
2026-09-02T23:29:13,2026-2027,4,valencia vs barcelona,2026-09-06,valencia,barcelona,yellows,Local,1.5,0.6237,OVER
2026-09-02T23:29:13,2026-2027,4,valencia vs barcelona,2026-09-06,valencia,barcelona,yellows,Local,2.5,0.3287,UNDER
2026-09-02T23:29:13,2026-2027,4,valencia vs barcelona,2026-09-06,valencia,barcelona,yellows,Visitante,1.5,0.6426,OVER
2026-09-02T23:29:13,2026-2027,4,valencia vs barcelona,2026-09-06,valencia,barcelona,yellows,Visitante,2.5,0.3476,UNDER
2026-09-02T23:29:13,2026-2027,4,valencia vs barcelona,2026-09-06,valencia,barcelona,fouls,Total,19.5,0.8478,OVER
2026-09-02T23:29:13,2026-2027,4,valencia vs barcelona,2026-09-06,valencia,barcelona,fouls,Total,21.5,0.7222,OVER
2026-09-02T23:29:13,2026-2027,4,valencia vs barcelona,2026-09-06,valencia,barcelona,fouls,Total,23.5,0.5579,OVER
2026-09-02T23:29:13,2026-2027,4,valencia vs barcelona,2026-09-06,valencia,barcelona,fouls,Total,25.5,0.3916,UNDER
2026-09-02T23:29:13,2026-2027,4,valencia vs barcelona,2026-09-06,valencia,barcelona,shots,Total,20.5,0.6631,OVER
2026-09-02T23:29:13,2026-2027,4,valencia vs barcelona,2026-09-06,valencia,barcelona,shots,Total,22.5,0.5157,OVER
2026-09-02T23:29:13,2026-2027,4,valencia vs barcelona,2026-09-06,valencia,barcelona,shots,Total,24.5,0.3735,UNDER
2026-09-02T23:29:13,2026-2027,4,valencia vs barcelona,2026-09-06,valencia,barcelona,shots,Total,26.5,0.2475,UNDER
2026-09-02T23:29:13,2026-2027,4,valencia vs barcelona,2026-09-06,valencia,barcelona,shots,Local,9.5,0.5799,OVER
2026-09-02T23:29:13,2026-2027,4,valencia vs barcelona,2026-09-06,valencia,barcelona,shots,Local,11.5,0.3859,UNDER
2026-09-02T23:29:13,2026-2027,4,valencia vs barcelona,2026-09-06,valencia,barcelona,shots,Local,13.5,0.2315,UNDER
2026-09-02T23:29:13,2026-2027,4,valencia vs barcelona,2026-09-06,valencia,barcelona,shots,Visitante,9.5,0.7142,OVER
2026-09-02T23:29:13,2026-2027,4,valencia vs barcelona,2026-09-06,valencia,barcelona,shots,Visitante,11.5,0.5287,OVER
2026-09-02T23:29:13,2026-2027,4,valencia vs barcelona,2026-09-06,valencia,barcelona,shots,Visitante,13.5,0.3538,UNDER
2026-09-02T23:29:13,2026-2027,4,valencia vs barcelona,2026-09-06,valencia,barcelona,sot,Total,6.5,0.6954,OVER
2026-09-02T23:29:13,2026-2027,4,valencia vs barcelona,2026-09-06,valencia,barcelona,sot,Total,7.5,0.5626,OVER
2026-09-02T23:29:13,2026-2027,4,valencia vs barcelona,2026-09-06,valencia,barcelona,sot,Total,8.5,0.4287,UNDER
2026-09-02T23:29:13,2026-2027,4,valencia vs barcelona,2026-09-06,valencia,barcelona,sot,Total,9.5,0.3069,UNDER
2026-09-02T23:29:13,2026-2027,4,valencia vs barcelona,2026-09-06,valencia,barcelona,booking_pts,Total,30.5,0.6598,OVER
2026-09-02T23:29:13,2026-2027,4,valencia vs barcelona,2026-09-06,valencia,barcelona,booking_pts,Total,40.5,0.5004,OVER
2026-09-02T23:29:13,2026-2027,4,valencia vs barcelona,2026-09-06,valencia,barcelona,booking_pts,Total,50.5,0.3544,UNDER
2026-09-02T23:29:13,2026-2027,3,angers vs rennes,2026-09-06,angers,rennes,1X2,Total,,0.3915,2
2026-09-02T23:29:13,2026-2027,3,angers vs rennes,2026-09-06,angers,rennes,Goles,Total,2.5,0.4802,UNDER
2026-09-02T23:29:13,2026-2027,3,angers vs rennes,2026-09-06,angers,rennes,corners,Total,7.5,0.6976,OVER
2026-09-02T23:29:13,2026-2027,3,angers vs rennes,2026-09-06,angers,rennes,corners,Total,8.5,0.5807,OVER
2026-09-02T23:29:13,2026-2027,3,angers vs rennes,2026-09-06,angers,rennes,corners,Total,9.5,0.4622,UNDER
2026-09-02T23:29:13,2026-2027,3,angers vs rennes,2026-09-06,angers,rennes,corners,Total,10.5,0.3446,UNDER
2026-09-02T23:29:13,2026-2027,3,angers vs rennes,2026-09-06,angers,rennes,corners,Total,11.5,0.2432,UNDER
2026-09-02T23:29:13,2026-2027,3,angers vs rennes,2026-09-06,angers,rennes,corners,Local,3.5,0.5729,OVER
2026-09-02T23:29:13,2026-2027,3,angers vs rennes,2026-09-06,angers,rennes,corners,Local,4.5,0.4075,UNDER
2026-09-02T23:29:13,2026-2027,3,angers vs rennes,2026-09-06,angers,rennes,corners,Local,5.5,0.2743,UNDER
2026-09-02T23:29:13,2026-2027,3,angers vs rennes,2026-09-06,angers,rennes,corners,Visitante,3.5,0.6936,OVER
2026-09-02T23:29:13,2026-2027,3,angers vs rennes,2026-09-06,angers,rennes,corners,Visitante,4.5,0.5365,OVER
2026-09-02T23:29:13,2026-2027,3,angers vs rennes,2026-09-06,angers,rennes,corners,Visitante,5.5,0.3924,UNDER
2026-09-02T23:29:13,2026-2027,3,angers vs rennes,2026-09-06,angers,rennes,yellows,Total,2.5,0.6769,OVER
2026-09-02T23:29:13,2026-2027,3,angers vs rennes,2026-09-06,angers,rennes,yellows,Total,3.5,0.4729,UNDER
2026-09-02T23:29:13,2026-2027,3,angers vs rennes,2026-09-06,angers,rennes,yellows,Total,4.5,0.2936,UNDER
2026-09-02T23:29:13,2026-2027,3,angers vs rennes,2026-09-06,angers,rennes,yellows,Total,5.5,0.1637,UNDER
2026-09-02T23:29:13,2026-2027,3,angers vs rennes,2026-09-06,angers,rennes,yellows,Total,6.5,0.0829,UNDER
2026-09-02T23:29:13,2026-2027,3,angers vs rennes,2026-09-06,angers,rennes,yellows,Local,1.5,0.566,OVER
2026-09-02T23:29:13,2026-2027,3,angers vs rennes,2026-09-06,angers,rennes,yellows,Local,2.5,0.2755,UNDER
2026-09-02T23:29:13,2026-2027,3,angers vs rennes,2026-09-06,angers,rennes,yellows,Visitante,1.5,0.5384,OVER
2026-09-02T23:29:13,2026-2027,3,angers vs rennes,2026-09-06,angers,rennes,yellows,Visitante,2.5,0.2521,UNDER
2026-09-02T23:29:13,2026-2027,3,angers vs rennes,2026-09-06,angers,rennes,fouls,Total,19.5,0.8009,OVER
2026-09-02T23:29:13,2026-2027,3,angers vs rennes,2026-09-06,angers,rennes,fouls,Total,21.5,0.6587,OVER
2026-09-02T23:29:13,2026-2027,3,angers vs rennes,2026-09-06,angers,rennes,fouls,Total,23.5,0.4891,UNDER
2026-09-02T23:29:13,2026-2027,3,angers vs rennes,2026-09-06,angers,rennes,fouls,Total,25.5,0.3291,UNDER
2026-09-02T23:29:13,2026-2027,3,angers vs rennes,2026-09-06,angers,rennes,shots,Total,20.5,0.864,OVER
2026-09-02T23:29:13,2026-2027,3,angers vs rennes,2026-09-06,angers,rennes,shots,Total,22.5,0.7702,OVER
2026-09-02T23:29:13,2026-2027,3,angers vs rennes,2026-09-06,angers,rennes,shots,Total,24.5,0.641,OVER
2026-09-02T23:29:13,2026-2027,3,angers vs rennes,2026-09-06,angers,rennes,shots,Total,26.5,0.4919,UNDER
2026-09-02T23:29:13,2026-2027,3,angers vs rennes,2026-09-06,angers,rennes,shots,Local,9.5,0.7559,OVER
2026-09-02T23:29:13,2026-2027,3,angers vs rennes,2026-09-06,angers,rennes,shots,Local,11.5,0.5791,OVER
2026-09-02T23:29:13,2026-2027,3,angers vs rennes,2026-09-06,angers,rennes,shots,Local,13.5,0.4022,UNDER
2026-09-02T23:29:13,2026-2027,3,angers vs rennes,2026-09-06,angers,rennes,shots,Visitante,9.5,0.849,OVER
2026-09-02T23:29:13,2026-2027,3,angers vs rennes,2026-09-06,angers,rennes,shots,Visitante,11.5,0.706,OVER
2026-09-02T23:29:13,2026-2027,3,angers vs rennes,2026-09-06,angers,rennes,shots,Visitante,13.5,0.5386,OVER
2026-09-02T23:29:13,2026-2027,3,angers vs rennes,2026-09-06,angers,rennes,sot,Total,6.5,0.7912,OVER
2026-09-02T23:29:13,2026-2027,3,angers vs rennes,2026-09-06,angers,rennes,sot,Total,7.5,0.6753,OVER
2026-09-02T23:29:13,2026-2027,3,angers vs rennes,2026-09-06,angers,rennes,sot,Total,8.5,0.5444,OVER
2026-09-02T23:29:13,2026-2027,3,angers vs rennes,2026-09-06,angers,rennes,sot,Total,9.5,0.415,UNDER
2026-09-02T23:29:13,2026-2027,3,angers vs rennes,2026-09-06,angers,rennes,booking_pts,Total,30.5,0.5839,OVER
2026-09-02T23:29:13,2026-2027,3,angers vs rennes,2026-09-06,angers,rennes,booking_pts,Total,40.5,0.4232,UNDER
2026-09-02T23:29:13,2026-2027,3,angers vs rennes,2026-09-06,angers,rennes,booking_pts,Total,50.5,0.2861,UNDER
2026-09-02T23:29:13,2026-2027,2,ein frankfurt vs augsburg,2026-09-06,ein frankfurt,augsburg,1X2,Total,,0.4378,1
2026-09-02T23:29:13,2026-2027,2,ein frankfurt vs augsburg,2026-09-06,ein frankfurt,augsburg,Goles,Total,2.5,0.5702,OVER
2026-09-02T23:29:13,2026-2027,2,ein frankfurt vs augsburg,2026-09-06,ein frankfurt,augsburg,corners,Total,7.5,0.7608,OVER
2026-09-02T23:29:13,2026-2027,2,ein frankfurt vs augsburg,2026-09-06,ein frankfurt,augsburg,corners,Total,8.5,0.6546,OVER
2026-09-02T23:29:13,2026-2027,2,ein frankfurt vs augsburg,2026-09-06,ein frankfurt,augsburg,corners,Total,9.5,0.5346,OVER
2026-09-02T23:29:13,2026-2027,2,ein frankfurt vs augsburg,2026-09-06,ein frankfurt,augsburg,corners,Total,10.5,0.414,UNDER
2026-09-02T23:29:13,2026-2027,2,ein frankfurt vs augsburg,2026-09-06,ein frankfurt,augsburg,corners,Total,11.5,0.3052,UNDER
2026-09-02T23:29:13,2026-2027,2,ein frankfurt vs augsburg,2026-09-06,ein frankfurt,augsburg,corners,Local,3.5,0.775,OVER
2026-09-02T23:29:13,2026-2027,2,ein frankfurt vs augsburg,2026-09-06,ein frankfurt,augsburg,corners,Local,4.5,0.635,OVER
2026-09-02T23:29:13,2026-2027,2,ein frankfurt vs augsburg,2026-09-06,ein frankfurt,augsburg,corners,Local,5.5,0.4928,UNDER
2026-09-02T23:29:13,2026-2027,2,ein frankfurt vs augsburg,2026-09-06,ein frankfurt,augsburg,corners,Visitante,3.5,0.5767,OVER
2026-09-02T23:29:13,2026-2027,2,ein frankfurt vs augsburg,2026-09-06,ein frankfurt,augsburg,corners,Visitante,4.5,0.4114,UNDER
2026-09-02T23:29:13,2026-2027,2,ein frankfurt vs augsburg,2026-09-06,ein frankfurt,augsburg,corners,Visitante,5.5,0.2776,UNDER
2026-09-02T23:29:13,2026-2027,2,ein frankfurt vs augsburg,2026-09-06,ein frankfurt,augsburg,yellows,Total,2.5,0.7335,OVER
2026-09-02T23:29:13,2026-2027,2,ein frankfurt vs augsburg,2026-09-06,ein frankfurt,augsburg,yellows,Total,3.5,0.541,OVER
2026-09-02T23:29:13,2026-2027,2,ein frankfurt vs augsburg,2026-09-06,ein frankfurt,augsburg,yellows,Total,4.5,0.357,UNDER
2026-09-02T23:29:13,2026-2027,2,ein frankfurt vs augsburg,2026-09-06,ein frankfurt,augsburg,yellows,Total,5.5,0.2123,UNDER
2026-09-02T23:29:13,2026-2027,2,ein frankfurt vs augsburg,2026-09-06,ein frankfurt,augsburg,yellows,Total,6.5,0.1148,UNDER
2026-09-02T23:29:13,2026-2027,2,ein frankfurt vs augsburg,2026-09-06,ein frankfurt,augsburg,yellows,Local,1.5,0.5405,OVER
2026-09-02T23:29:13,2026-2027,2,ein frankfurt vs augsburg,2026-09-06,ein frankfurt,augsburg,yellows,Local,2.5,0.2539,UNDER
2026-09-02T23:29:13,2026-2027,2,ein frankfurt vs augsburg,2026-09-06,ein frankfurt,augsburg,yellows,Visitante,1.5,0.6689,OVER
2026-09-02T23:29:13,2026-2027,2,ein frankfurt vs augsburg,2026-09-06,ein frankfurt,augsburg,yellows,Visitante,2.5,0.3751,UNDER
2026-09-02T23:29:13,2026-2027,2,ein frankfurt vs augsburg,2026-09-06,ein frankfurt,augsburg,fouls,Total,19.5,0.5283,OVER
2026-09-02T23:29:13,2026-2027,2,ein frankfurt vs augsburg,2026-09-06,ein frankfurt,augsburg,fouls,Total,21.5,0.3759,UNDER
2026-09-02T23:29:13,2026-2027,2,ein frankfurt vs augsburg,2026-09-06,ein frankfurt,augsburg,fouls,Total,23.5,0.2482,UNDER
2026-09-02T23:29:13,2026-2027,2,ein frankfurt vs augsburg,2026-09-06,ein frankfurt,augsburg,fouls,Total,25.5,0.1502,UNDER
2026-09-02T23:29:13,2026-2027,2,ein frankfurt vs augsburg,2026-09-06,ein frankfurt,augsburg,shots,Total,20.5,0.8867,OVER
2026-09-02T23:29:13,2026-2027,2,ein frankfurt vs augsburg,2026-09-06,ein frankfurt,augsburg,shots,Total,22.5,0.8034,OVER
2026-09-02T23:29:13,2026-2027,2,ein frankfurt vs augsburg,2026-09-06,ein frankfurt,augsburg,shots,Total,24.5,0.6819,OVER
2026-09-02T23:29:13,2026-2027,2,ein frankfurt vs augsburg,2026-09-06,ein frankfurt,augsburg,shots,Total,26.5,0.5351,OVER
2026-09-02T23:29:13,2026-2027,2,ein frankfurt vs augsburg,2026-09-06,ein frankfurt,augsburg,shots,Local,9.5,0.9008,OVER
2026-09-02T23:29:13,2026-2027,2,ein frankfurt vs augsburg,2026-09-06,ein frankfurt,augsburg,shots,Local,11.5,0.7881,OVER
2026-09-02T23:29:13,2026-2027,2,ein frankfurt vs augsburg,2026-09-06,ein frankfurt,augsburg,shots,Local,13.5,0.6401,OVER
2026-09-02T23:29:13,2026-2027,2,ein frankfurt vs augsburg,2026-09-06,ein frankfurt,augsburg,shots,Visitante,9.5,0.716,OVER
2026-09-02T23:29:13,2026-2027,2,ein frankfurt vs augsburg,2026-09-06,ein frankfurt,augsburg,shots,Visitante,11.5,0.5308,OVER
2026-09-02T23:29:13,2026-2027,2,ein frankfurt vs augsburg,2026-09-06,ein frankfurt,augsburg,shots,Visitante,13.5,0.3557,UNDER
2026-09-02T23:29:13,2026-2027,2,ein frankfurt vs augsburg,2026-09-06,ein frankfurt,augsburg,sot,Total,6.5,0.8649,OVER
2026-09-02T23:29:13,2026-2027,2,ein frankfurt vs augsburg,2026-09-06,ein frankfurt,augsburg,sot,Total,7.5,0.7719,OVER
2026-09-02T23:29:13,2026-2027,2,ein frankfurt vs augsburg,2026-09-06,ein frankfurt,augsburg,sot,Total,8.5,0.6544,OVER
2026-09-02T23:29:13,2026-2027,2,ein frankfurt vs augsburg,2026-09-06,ein frankfurt,augsburg,sot,Total,9.5,0.5279,OVER
2026-09-02T23:29:13,2026-2027,2,ein frankfurt vs augsburg,2026-09-06,ein frankfurt,augsburg,booking_pts,Total,30.5,0.6016,OVER
2026-09-02T23:29:13,2026-2027,2,ein frankfurt vs augsburg,2026-09-06,ein frankfurt,augsburg,booking_pts,Total,40.5,0.4323,UNDER
2026-09-02T23:29:13,2026-2027,2,ein frankfurt vs augsburg,2026-09-06,ein frankfurt,augsburg,booking_pts,Total,50.5,0.2875,UNDER
2026-09-02T23:29:13,2026-2027,3,arsenal vs chelsea,2026-09-06,arsenal,chelsea,1X2,Total,,0.5754,1
2026-09-02T23:29:13,2026-2027,3,arsenal vs chelsea,2026-09-06,arsenal,chelsea,Goles,Total,2.5,0.541,OVER
2026-09-02T23:29:13,2026-2027,3,arsenal vs chelsea,2026-09-06,arsenal,chelsea,corners,Total,7.5,0.7154,OVER
2026-09-02T23:29:13,2026-2027,3,arsenal vs chelsea,2026-09-06,arsenal,chelsea,corners,Total,8.5,0.601,OVER
2026-09-02T23:29:13,2026-2027,3,arsenal vs chelsea,2026-09-06,arsenal,chelsea,corners,Total,9.5,0.4817,UNDER
2026-09-02T23:29:13,2026-2027,3,arsenal vs chelsea,2026-09-06,arsenal,chelsea,corners,Total,10.5,0.3629,UNDER
2026-09-02T23:29:13,2026-2027,3,arsenal vs chelsea,2026-09-06,arsenal,chelsea,corners,Total,11.5,0.2592,UNDER
2026-09-02T23:29:13,2026-2027,3,arsenal vs chelsea,2026-09-06,arsenal,chelsea,corners,Local,3.5,0.7799,OVER
2026-09-02T23:29:13,2026-2027,3,arsenal vs chelsea,2026-09-06,arsenal,chelsea,corners,Local,4.5,0.6413,OVER
2026-09-02T23:29:13,2026-2027,3,arsenal vs chelsea,2026-09-06,arsenal,chelsea,corners,Local,5.5,0.4996,UNDER
2026-09-02T23:29:13,2026-2027,3,arsenal vs chelsea,2026-09-06,arsenal,chelsea,corners,Visitante,3.5,0.4778,UNDER
2026-09-02T23:29:13,2026-2027,3,arsenal vs chelsea,2026-09-06,arsenal,chelsea,corners,Visitante,4.5,0.3175,UNDER
2026-09-02T23:29:13,2026-2027,3,arsenal vs chelsea,2026-09-06,arsenal,chelsea,corners,Visitante,5.5,0.2004,UNDER
2026-09-02T23:29:13,2026-2027,3,arsenal vs chelsea,2026-09-06,arsenal,chelsea,yellows,Total,2.5,0.7605,OVER
2026-09-02T23:29:13,2026-2027,3,arsenal vs chelsea,2026-09-06,arsenal,chelsea,yellows,Total,3.5,0.5757,OVER
2026-09-02T23:29:13,2026-2027,3,arsenal vs chelsea,2026-09-06,arsenal,chelsea,yellows,Total,4.5,0.3914,UNDER
2026-09-02T23:29:13,2026-2027,3,arsenal vs chelsea,2026-09-06,arsenal,chelsea,yellows,Total,5.5,0.2403,UNDER
2026-09-02T23:29:13,2026-2027,3,arsenal vs chelsea,2026-09-06,arsenal,chelsea,yellows,Total,6.5,0.1343,UNDER
2026-09-02T23:29:13,2026-2027,3,arsenal vs chelsea,2026-09-06,arsenal,chelsea,yellows,Local,1.5,0.4902,UNDER
2026-09-02T23:29:13,2026-2027,3,arsenal vs chelsea,2026-09-06,arsenal,chelsea,yellows,Local,2.5,0.2143,UNDER
2026-09-02T23:29:13,2026-2027,3,arsenal vs chelsea,2026-09-06,arsenal,chelsea,yellows,Visitante,1.5,0.7486,OVER
2026-09-02T23:29:13,2026-2027,3,arsenal vs chelsea,2026-09-06,arsenal,chelsea,yellows,Visitante,2.5,0.4691,UNDER
2026-09-02T23:29:13,2026-2027,3,arsenal vs chelsea,2026-09-06,arsenal,chelsea,fouls,Total,19.5,0.7914,OVER
2026-09-02T23:29:13,2026-2027,3,arsenal vs chelsea,2026-09-06,arsenal,chelsea,fouls,Total,21.5,0.6378,OVER
2026-09-02T23:29:13,2026-2027,3,arsenal vs chelsea,2026-09-06,arsenal,chelsea,fouls,Total,23.5,0.4585,UNDER
2026-09-02T23:29:13,2026-2027,3,arsenal vs chelsea,2026-09-06,arsenal,chelsea,fouls,Total,25.5,0.2945,UNDER
2026-09-02T23:29:13,2026-2027,3,arsenal vs chelsea,2026-09-06,arsenal,chelsea,shots,Total,20.5,0.726,OVER
2026-09-02T23:29:13,2026-2027,3,arsenal vs chelsea,2026-09-06,arsenal,chelsea,shots,Total,22.5,0.5892,OVER
2026-09-02T23:29:13,2026-2027,3,arsenal vs chelsea,2026-09-06,arsenal,chelsea,shots,Total,24.5,0.4439,UNDER
2026-09-02T23:29:13,2026-2027,3,arsenal vs chelsea,2026-09-06,arsenal,chelsea,shots,Total,26.5,0.3062,UNDER
2026-09-02T23:29:13,2026-2027,3,arsenal vs chelsea,2026-09-06,arsenal,chelsea,shots,Local,9.5,0.8866,OVER
2026-09-02T23:29:13,2026-2027,3,arsenal vs chelsea,2026-09-06,arsenal,chelsea,shots,Local,11.5,0.7645,OVER
2026-09-02T23:29:13,2026-2027,3,arsenal vs chelsea,2026-09-06,arsenal,chelsea,shots,Local,13.5,0.6097,OVER
2026-09-02T23:29:13,2026-2027,3,arsenal vs chelsea,2026-09-06,arsenal,chelsea,shots,Visitante,9.5,0.3793,UNDER
2026-09-02T23:29:13,2026-2027,3,arsenal vs chelsea,2026-09-06,arsenal,chelsea,shots,Visitante,11.5,0.2154,UNDER
2026-09-02T23:29:13,2026-2027,3,arsenal vs chelsea,2026-09-06,arsenal,chelsea,shots,Visitante,13.5,0.1109,UNDER
2026-09-02T23:29:13,2026-2027,3,arsenal vs chelsea,2026-09-06,arsenal,chelsea,sot,Total,6.5,0.7041,OVER
2026-09-02T23:29:13,2026-2027,3,arsenal vs chelsea,2026-09-06,arsenal,chelsea,sot,Total,7.5,0.5724,OVER
2026-09-02T23:29:13,2026-2027,3,arsenal vs chelsea,2026-09-06,arsenal,chelsea,sot,Total,8.5,0.4382,UNDER
2026-09-02T23:29:13,2026-2027,3,arsenal vs chelsea,2026-09-06,arsenal,chelsea,sot,Total,9.5,0.3155,UNDER
2026-09-02T23:29:13,2026-2027,3,arsenal vs chelsea,2026-09-06,arsenal,chelsea,booking_pts,Total,30.5,0.6232,OVER
2026-09-02T23:29:13,2026-2027,3,arsenal vs chelsea,2026-09-06,arsenal,chelsea,booking_pts,Total,40.5,0.4522,UNDER
2026-09-02T23:29:13,2026-2027,3,arsenal vs chelsea,2026-09-06,arsenal,chelsea,booking_pts,Total,50.5,0.303,UNDER
2026-09-02T23:29:13,2026-2027,3,bologna vs sassuolo,2026-09-06,bologna,sassuolo,1X2,Total,,0.4318,1
2026-09-02T23:29:13,2026-2027,3,bologna vs sassuolo,2026-09-06,bologna,sassuolo,Goles,Total,2.5,0.4381,UNDER
2026-09-02T23:29:13,2026-2027,3,bologna vs sassuolo,2026-09-06,bologna,sassuolo,corners,Total,7.5,0.6681,OVER
2026-09-02T23:29:13,2026-2027,3,bologna vs sassuolo,2026-09-06,bologna,sassuolo,corners,Total,8.5,0.5475,OVER
2026-09-02T23:29:13,2026-2027,3,bologna vs sassuolo,2026-09-06,bologna,sassuolo,corners,Total,9.5,0.431,UNDER
2026-09-02T23:29:13,2026-2027,3,bologna vs sassuolo,2026-09-06,bologna,sassuolo,corners,Total,10.5,0.3158,UNDER
2026-09-02T23:29:13,2026-2027,3,bologna vs sassuolo,2026-09-06,bologna,sassuolo,corners,Total,11.5,0.2185,UNDER
2026-09-02T23:29:13,2026-2027,3,bologna vs sassuolo,2026-09-06,bologna,sassuolo,corners,Local,3.5,0.7244,OVER
2026-09-02T23:29:13,2026-2027,3,bologna vs sassuolo,2026-09-06,bologna,sassuolo,corners,Local,4.5,0.5726,OVER
2026-09-02T23:29:13,2026-2027,3,bologna vs sassuolo,2026-09-06,bologna,sassuolo,corners,Local,5.5,0.428,UNDER
2026-09-02T23:29:13,2026-2027,3,bologna vs sassuolo,2026-09-06,bologna,sassuolo,corners,Visitante,3.5,0.4791,UNDER
2026-09-02T23:29:13,2026-2027,3,bologna vs sassuolo,2026-09-06,bologna,sassuolo,corners,Visitante,4.5,0.3187,UNDER
2026-09-02T23:29:13,2026-2027,3,bologna vs sassuolo,2026-09-06,bologna,sassuolo,corners,Visitante,5.5,0.2013,UNDER
2026-09-02T23:29:13,2026-2027,3,bologna vs sassuolo,2026-09-06,bologna,sassuolo,yellows,Total,2.5,0.766,OVER
2026-09-02T23:29:13,2026-2027,3,bologna vs sassuolo,2026-09-06,bologna,sassuolo,yellows,Total,3.5,0.5828,OVER
2026-09-02T23:29:13,2026-2027,3,bologna vs sassuolo,2026-09-06,bologna,sassuolo,yellows,Total,4.5,0.3986,UNDER
2026-09-02T23:29:13,2026-2027,3,bologna vs sassuolo,2026-09-06,bologna,sassuolo,yellows,Total,5.5,0.2463,UNDER
2026-09-02T23:29:13,2026-2027,3,bologna vs sassuolo,2026-09-06,bologna,sassuolo,yellows,Total,6.5,0.1386,UNDER
2026-09-02T23:29:13,2026-2027,3,bologna vs sassuolo,2026-09-06,bologna,sassuolo,yellows,Local,1.5,0.5784,OVER
2026-09-02T23:29:13,2026-2027,3,bologna vs sassuolo,2026-09-06,bologna,sassuolo,yellows,Local,2.5,0.2864,UNDER
2026-09-02T23:29:13,2026-2027,3,bologna vs sassuolo,2026-09-06,bologna,sassuolo,yellows,Visitante,1.5,0.6986,OVER
2026-09-02T23:29:13,2026-2027,3,bologna vs sassuolo,2026-09-06,bologna,sassuolo,yellows,Visitante,2.5,0.4081,UNDER
2026-09-02T23:29:13,2026-2027,3,bologna vs sassuolo,2026-09-06,bologna,sassuolo,fouls,Total,19.5,0.895,OVER
2026-09-02T23:29:13,2026-2027,3,bologna vs sassuolo,2026-09-06,bologna,sassuolo,fouls,Total,21.5,0.8026,OVER
2026-09-02T23:29:13,2026-2027,3,bologna vs sassuolo,2026-09-06,bologna,sassuolo,fouls,Total,23.5,0.6687,OVER
2026-09-02T23:29:13,2026-2027,3,bologna vs sassuolo,2026-09-06,bologna,sassuolo,fouls,Total,25.5,0.5191,OVER
2026-09-02T23:29:13,2026-2027,3,bologna vs sassuolo,2026-09-06,bologna,sassuolo,shots,Total,20.5,0.769,OVER
2026-09-02T23:29:13,2026-2027,3,bologna vs sassuolo,2026-09-06,bologna,sassuolo,shots,Total,22.5,0.6424,OVER
2026-09-02T23:29:13,2026-2027,3,bologna vs sassuolo,2026-09-06,bologna,sassuolo,shots,Total,24.5,0.498,UNDER
2026-09-02T23:29:13,2026-2027,3,bologna vs sassuolo,2026-09-06,bologna,sassuolo,shots,Total,26.5,0.3538,UNDER
2026-09-02T23:29:13,2026-2027,3,bologna vs sassuolo,2026-09-06,bologna,sassuolo,shots,Local,9.5,0.8801,OVER
2026-09-02T23:29:13,2026-2027,3,bologna vs sassuolo,2026-09-06,bologna,sassuolo,shots,Local,11.5,0.7541,OVER
2026-09-02T23:29:13,2026-2027,3,bologna vs sassuolo,2026-09-06,bologna,sassuolo,shots,Local,13.5,0.5965,OVER
2026-09-02T23:29:13,2026-2027,3,bologna vs sassuolo,2026-09-06,bologna,sassuolo,shots,Visitante,9.5,0.4845,UNDER
2026-09-02T23:29:13,2026-2027,3,bologna vs sassuolo,2026-09-06,bologna,sassuolo,shots,Visitante,11.5,0.2994,UNDER
2026-09-02T23:29:13,2026-2027,3,bologna vs sassuolo,2026-09-06,bologna,sassuolo,shots,Visitante,13.5,0.167,UNDER
2026-09-02T23:29:13,2026-2027,3,bologna vs sassuolo,2026-09-06,bologna,sassuolo,sot,Total,6.5,0.6668,OVER
2026-09-02T23:29:13,2026-2027,3,bologna vs sassuolo,2026-09-06,bologna,sassuolo,sot,Total,7.5,0.5312,OVER
2026-09-02T23:29:13,2026-2027,3,bologna vs sassuolo,2026-09-06,bologna,sassuolo,sot,Total,8.5,0.3984,UNDER
2026-09-02T23:29:13,2026-2027,3,bologna vs sassuolo,2026-09-06,bologna,sassuolo,sot,Total,9.5,0.2803,UNDER
2026-09-02T23:29:13,2026-2027,3,bologna vs sassuolo,2026-09-06,bologna,sassuolo,booking_pts,Total,30.5,0.6651,OVER
2026-09-02T23:29:13,2026-2027,3,bologna vs sassuolo,2026-09-06,bologna,sassuolo,booking_pts,Total,40.5,0.5053,OVER
2026-09-02T23:29:13,2026-2027,3,bologna vs sassuolo,2026-09-06,bologna,sassuolo,booking_pts,Total,50.5,0.3582,UNDER
2026-09-02T23:29:13,2026-2027,4,malaga vs levante,2026-09-06,malaga,levante,1X2,Total,,0.3507,1
2026-09-02T23:29:13,2026-2027,4,malaga vs levante,2026-09-06,malaga,levante,Goles,Total,2.5,0.4712,UNDER
2026-09-02T23:29:13,2026-2027,4,malaga vs levante,2026-09-06,malaga,levante,corners,Total,7.5,0.6639,OVER
2026-09-02T23:29:13,2026-2027,4,malaga vs levante,2026-09-06,malaga,levante,corners,Total,8.5,0.5428,OVER
2026-09-02T23:29:13,2026-2027,4,malaga vs levante,2026-09-06,malaga,levante,corners,Total,9.5,0.4267,UNDER
2026-09-02T23:29:13,2026-2027,4,malaga vs levante,2026-09-06,malaga,levante,corners,Total,10.5,0.3118,UNDER
2026-09-02T23:29:13,2026-2027,4,malaga vs levante,2026-09-06,malaga,levante,corners,Total,11.5,0.2152,UNDER
2026-09-02T23:29:13,2026-2027,4,malaga vs levante,2026-09-06,malaga,levante,corners,Local,3.5,0.6131,OVER
2026-09-02T23:29:13,2026-2027,4,malaga vs levante,2026-09-06,malaga,levante,corners,Local,4.5,0.4485,UNDER
2026-09-02T23:29:13,2026-2027,4,malaga vs levante,2026-09-06,malaga,levante,corners,Local,5.5,0.3102,UNDER
2026-09-02T23:29:13,2026-2027,4,malaga vs levante,2026-09-06,malaga,levante,corners,Visitante,3.5,0.6082,OVER
2026-09-02T23:29:13,2026-2027,4,malaga vs levante,2026-09-06,malaga,levante,corners,Visitante,4.5,0.4434,UNDER
2026-09-02T23:29:13,2026-2027,4,malaga vs levante,2026-09-06,malaga,levante,corners,Visitante,5.5,0.3057,UNDER
2026-09-02T23:29:13,2026-2027,4,malaga vs levante,2026-09-06,malaga,levante,yellows,Total,2.5,0.8511,OVER
2026-09-02T23:29:13,2026-2027,4,malaga vs levante,2026-09-06,malaga,levante,yellows,Total,3.5,0.7043,OVER
2026-09-02T23:29:13,2026-2027,4,malaga vs levante,2026-09-06,malaga,levante,yellows,Total,4.5,0.5323,OVER
2026-09-02T23:29:13,2026-2027,4,malaga vs levante,2026-09-06,malaga,levante,yellows,Total,5.5,0.3671,UNDER
2026-09-02T23:29:13,2026-2027,4,malaga vs levante,2026-09-06,malaga,levante,yellows,Total,6.5,0.2319,UNDER
2026-09-02T23:29:13,2026-2027,4,malaga vs levante,2026-09-06,malaga,levante,yellows,Local,1.5,0.7636,OVER
2026-09-02T23:29:13,2026-2027,4,malaga vs levante,2026-09-06,malaga,levante,yellows,Local,2.5,0.4888,UNDER
2026-09-02T23:29:13,2026-2027,4,malaga vs levante,2026-09-06,malaga,levante,yellows,Visitante,1.5,0.7101,OVER
2026-09-02T23:29:13,2026-2027,4,malaga vs levante,2026-09-06,malaga,levante,yellows,Visitante,2.5,0.4216,UNDER
2026-09-02T23:29:13,2026-2027,4,malaga vs levante,2026-09-06,malaga,levante,fouls,Total,19.5,0.9655,OVER
2026-09-02T23:29:13,2026-2027,4,malaga vs levante,2026-09-06,malaga,levante,fouls,Total,21.5,0.9199,OVER
2026-09-02T23:29:13,2026-2027,4,malaga vs levante,2026-09-06,malaga,levante,fouls,Total,23.5,0.8336,OVER
2026-09-02T23:29:13,2026-2027,4,malaga vs levante,2026-09-06,malaga,levante,fouls,Total,25.5,0.7141,OVER
2026-09-02T23:29:13,2026-2027,4,malaga vs levante,2026-09-06,malaga,levante,shots,Total,20.5,0.7075,OVER
2026-09-02T23:29:13,2026-2027,4,malaga vs levante,2026-09-06,malaga,levante,shots,Total,22.5,0.5671,OVER
2026-09-02T23:29:13,2026-2027,4,malaga vs levante,2026-09-06,malaga,levante,shots,Total,24.5,0.4222,UNDER
2026-09-02T23:29:13,2026-2027,4,malaga vs levante,2026-09-06,malaga,levante,shots,Total,26.5,0.2878,UNDER
2026-09-02T23:29:13,2026-2027,4,malaga vs levante,2026-09-06,malaga,levante,shots,Local,9.5,0.6864,OVER
2026-09-02T23:29:13,2026-2027,4,malaga vs levante,2026-09-06,malaga,levante,shots,Local,11.5,0.4967,UNDER
2026-09-02T23:29:13,2026-2027,4,malaga vs levante,2026-09-06,malaga,levante,shots,Local,13.5,0.3246,UNDER
2026-09-02T23:29:13,2026-2027,4,malaga vs levante,2026-09-06,malaga,levante,shots,Visitante,9.5,0.6797,OVER
2026-09-02T23:29:13,2026-2027,4,malaga vs levante,2026-09-06,malaga,levante,shots,Visitante,11.5,0.4893,UNDER
2026-09-02T23:29:13,2026-2027,4,malaga vs levante,2026-09-06,malaga,levante,shots,Visitante,13.5,0.3179,UNDER
2026-09-02T23:29:13,2026-2027,4,malaga vs levante,2026-09-06,malaga,levante,sot,Total,6.5,0.6462,OVER
2026-09-02T23:29:13,2026-2027,4,malaga vs levante,2026-09-06,malaga,levante,sot,Total,7.5,0.5091,OVER
2026-09-02T23:29:13,2026-2027,4,malaga vs levante,2026-09-06,malaga,levante,sot,Total,8.5,0.3776,UNDER
2026-09-02T23:29:13,2026-2027,4,malaga vs levante,2026-09-06,malaga,levante,sot,Total,9.5,0.2624,UNDER
2026-09-02T23:29:13,2026-2027,4,malaga vs levante,2026-09-06,malaga,levante,booking_pts,Total,30.5,0.7661,OVER
2026-09-02T23:29:13,2026-2027,4,malaga vs levante,2026-09-06,malaga,levante,booking_pts,Total,40.5,0.6228,OVER
2026-09-02T23:29:13,2026-2027,4,malaga vs levante,2026-09-06,malaga,levante,booking_pts,Total,50.5,0.4747,UNDER
2026-09-02T23:29:13,2026-2027,4,alaves vs osasuna,2026-09-06,alaves,osasuna,1X2,Total,,0.4133,1
2026-09-02T23:29:13,2026-2027,4,alaves vs osasuna,2026-09-06,alaves,osasuna,Goles,Total,2.5,0.4017,UNDER
2026-09-02T23:29:13,2026-2027,4,alaves vs osasuna,2026-09-06,alaves,osasuna,corners,Total,7.5,0.7316,OVER
2026-09-02T23:29:13,2026-2027,4,alaves vs osasuna,2026-09-06,alaves,osasuna,corners,Total,8.5,0.6199,OVER
2026-09-02T23:29:13,2026-2027,4,alaves vs osasuna,2026-09-06,alaves,osasuna,corners,Total,9.5,0.5001,OVER
2026-09-02T23:29:13,2026-2027,4,alaves vs osasuna,2026-09-06,alaves,osasuna,corners,Total,10.5,0.3805,UNDER
2026-09-02T23:29:13,2026-2027,4,alaves vs osasuna,2026-09-06,alaves,osasuna,corners,Total,11.5,0.2748,UNDER
2026-09-02T23:29:13,2026-2027,4,alaves vs osasuna,2026-09-06,alaves,osasuna,corners,Local,3.5,0.751,OVER
2026-09-02T23:29:13,2026-2027,4,alaves vs osasuna,2026-09-06,alaves,osasuna,corners,Local,4.5,0.6048,OVER
2026-09-02T23:29:13,2026-2027,4,alaves vs osasuna,2026-09-06,alaves,osasuna,corners,Local,5.5,0.461,UNDER
2026-09-02T23:29:13,2026-2027,4,alaves vs osasuna,2026-09-06,alaves,osasuna,corners,Visitante,3.5,0.5564,OVER
2026-09-02T23:29:13,2026-2027,4,alaves vs osasuna,2026-09-06,alaves,osasuna,corners,Visitante,4.5,0.3913,UNDER
2026-09-02T23:29:13,2026-2027,4,alaves vs osasuna,2026-09-06,alaves,osasuna,corners,Visitante,5.5,0.2605,UNDER
2026-09-02T23:29:13,2026-2027,4,alaves vs osasuna,2026-09-06,alaves,osasuna,yellows,Total,2.5,0.8555,OVER
2026-09-02T23:29:13,2026-2027,4,alaves vs osasuna,2026-09-06,alaves,osasuna,yellows,Total,3.5,0.7112,OVER
2026-09-02T23:29:13,2026-2027,4,alaves vs osasuna,2026-09-06,alaves,osasuna,yellows,Total,4.5,0.5405,OVER
2026-09-02T23:29:13,2026-2027,4,alaves vs osasuna,2026-09-06,alaves,osasuna,yellows,Total,5.5,0.3751,UNDER
2026-09-02T23:29:13,2026-2027,4,alaves vs osasuna,2026-09-06,alaves,osasuna,yellows,Total,6.5,0.2386,UNDER
2026-09-02T23:29:13,2026-2027,4,alaves vs osasuna,2026-09-06,alaves,osasuna,yellows,Local,1.5,0.7336,OVER
2026-09-02T23:29:13,2026-2027,4,alaves vs osasuna,2026-09-06,alaves,osasuna,yellows,Local,2.5,0.4501,UNDER
2026-09-02T23:29:13,2026-2027,4,alaves vs osasuna,2026-09-06,alaves,osasuna,yellows,Visitante,1.5,0.7528,OVER
2026-09-02T23:29:13,2026-2027,4,alaves vs osasuna,2026-09-06,alaves,osasuna,yellows,Visitante,2.5,0.4746,UNDER
2026-09-02T23:29:13,2026-2027,4,alaves vs osasuna,2026-09-06,alaves,osasuna,fouls,Total,19.5,0.9476,OVER
2026-09-02T23:29:13,2026-2027,4,alaves vs osasuna,2026-09-06,alaves,osasuna,fouls,Total,21.5,0.8855,OVER
2026-09-02T23:29:13,2026-2027,4,alaves vs osasuna,2026-09-06,alaves,osasuna,fouls,Total,23.5,0.7775,OVER
2026-09-02T23:29:13,2026-2027,4,alaves vs osasuna,2026-09-06,alaves,osasuna,fouls,Total,25.5,0.6386,OVER
2026-09-02T23:29:13,2026-2027,4,alaves vs osasuna,2026-09-06,alaves,osasuna,shots,Total,20.5,0.7377,OVER
2026-09-02T23:29:13,2026-2027,4,alaves vs osasuna,2026-09-06,alaves,osasuna,shots,Total,22.5,0.6033,OVER
2026-09-02T23:29:13,2026-2027,4,alaves vs osasuna,2026-09-06,alaves,osasuna,shots,Total,24.5,0.458,UNDER
2026-09-02T23:29:13,2026-2027,4,alaves vs osasuna,2026-09-06,alaves,osasuna,shots,Total,26.5,0.3184,UNDER
2026-09-02T23:29:13,2026-2027,4,alaves vs osasuna,2026-09-06,alaves,osasuna,shots,Local,9.5,0.8046,OVER
2026-09-02T23:29:13,2026-2027,4,alaves vs osasuna,2026-09-06,alaves,osasuna,shots,Local,11.5,0.6428,OVER
2026-09-02T23:29:13,2026-2027,4,alaves vs osasuna,2026-09-06,alaves,osasuna,shots,Local,13.5,0.4678,UNDER
2026-09-02T23:29:13,2026-2027,4,alaves vs osasuna,2026-09-06,alaves,osasuna,shots,Visitante,9.5,0.578,OVER
2026-09-02T23:29:13,2026-2027,4,alaves vs osasuna,2026-09-06,alaves,osasuna,shots,Visitante,11.5,0.3841,UNDER
2026-09-02T23:29:13,2026-2027,4,alaves vs osasuna,2026-09-06,alaves,osasuna,shots,Visitante,13.5,0.2301,UNDER
2026-09-02T23:29:13,2026-2027,4,alaves vs osasuna,2026-09-06,alaves,osasuna,sot,Total,6.5,0.7263,OVER
2026-09-02T23:29:13,2026-2027,4,alaves vs osasuna,2026-09-06,alaves,osasuna,sot,Total,7.5,0.5977,OVER
2026-09-02T23:29:13,2026-2027,4,alaves vs osasuna,2026-09-06,alaves,osasuna,sot,Total,8.5,0.4634,UNDER
2026-09-02T23:29:13,2026-2027,4,alaves vs osasuna,2026-09-06,alaves,osasuna,sot,Total,9.5,0.3383,UNDER
2026-09-02T23:29:13,2026-2027,4,alaves vs osasuna,2026-09-06,alaves,osasuna,booking_pts,Total,30.5,0.7718,OVER
2026-09-02T23:29:13,2026-2027,4,alaves vs osasuna,2026-09-06,alaves,osasuna,booking_pts,Total,40.5,0.6299,OVER
2026-09-02T23:29:13,2026-2027,4,alaves vs osasuna,2026-09-06,alaves,osasuna,booking_pts,Total,50.5,0.482,UNDER
2026-09-02T23:29:13,2026-2027,3,marseille vs paris fc,2026-09-06,marseille,paris fc,1X2,Total,,0.576,1
2026-09-02T23:29:13,2026-2027,3,marseille vs paris fc,2026-09-06,marseille,paris fc,Goles,Total,2.5,0.5839,OVER
2026-09-02T23:29:13,2026-2027,3,marseille vs paris fc,2026-09-06,marseille,paris fc,corners,Total,7.5,0.7247,OVER
2026-09-02T23:29:13,2026-2027,3,marseille vs paris fc,2026-09-06,marseille,paris fc,corners,Total,8.5,0.6118,OVER
2026-09-02T23:29:13,2026-2027,3,marseille vs paris fc,2026-09-06,marseille,paris fc,corners,Total,9.5,0.4922,UNDER
2026-09-02T23:29:13,2026-2027,3,marseille vs paris fc,2026-09-06,marseille,paris fc,corners,Total,10.5,0.3729,UNDER
2026-09-02T23:29:13,2026-2027,3,marseille vs paris fc,2026-09-06,marseille,paris fc,corners,Total,11.5,0.268,UNDER
2026-09-02T23:29:13,2026-2027,3,marseille vs paris fc,2026-09-06,marseille,paris fc,corners,Local,3.5,0.8147,OVER
2026-09-02T23:29:13,2026-2027,3,marseille vs paris fc,2026-09-06,marseille,paris fc,corners,Local,4.5,0.6871,OVER
2026-09-02T23:29:13,2026-2027,3,marseille vs paris fc,2026-09-06,marseille,paris fc,corners,Local,5.5,0.5501,OVER
2026-09-02T23:29:13,2026-2027,3,marseille vs paris fc,2026-09-06,marseille,paris fc,corners,Visitante,3.5,0.4296,UNDER
2026-09-02T23:29:13,2026-2027,3,marseille vs paris fc,2026-09-06,marseille,paris fc,corners,Visitante,4.5,0.2755,UNDER
2026-09-02T23:29:13,2026-2027,3,marseille vs paris fc,2026-09-06,marseille,paris fc,corners,Visitante,5.5,0.1682,UNDER
2026-09-02T23:29:13,2026-2027,3,marseille vs paris fc,2026-09-06,marseille,paris fc,yellows,Total,2.5,0.7366,OVER
2026-09-02T23:29:13,2026-2027,3,marseille vs paris fc,2026-09-06,marseille,paris fc,yellows,Total,3.5,0.5449,OVER
2026-09-02T23:29:13,2026-2027,3,marseille vs paris fc,2026-09-06,marseille,paris fc,yellows,Total,4.5,0.3609,UNDER
2026-09-02T23:29:13,2026-2027,3,marseille vs paris fc,2026-09-06,marseille,paris fc,yellows,Total,5.5,0.2154,UNDER
2026-09-02T23:29:13,2026-2027,3,marseille vs paris fc,2026-09-06,marseille,paris fc,yellows,Total,6.5,0.1169,UNDER
2026-09-02T23:29:13,2026-2027,3,marseille vs paris fc,2026-09-06,marseille,paris fc,yellows,Local,1.5,0.5473,OVER
2026-09-02T23:29:13,2026-2027,3,marseille vs paris fc,2026-09-06,marseille,paris fc,yellows,Local,2.5,0.2595,UNDER
2026-09-02T23:29:13,2026-2027,3,marseille vs paris fc,2026-09-06,marseille,paris fc,yellows,Visitante,1.5,0.6693,OVER
2026-09-02T23:29:13,2026-2027,3,marseille vs paris fc,2026-09-06,marseille,paris fc,yellows,Visitante,2.5,0.3756,UNDER
2026-09-02T23:29:13,2026-2027,3,marseille vs paris fc,2026-09-06,marseille,paris fc,fouls,Total,19.5,0.7151,OVER
2026-09-02T23:29:13,2026-2027,3,marseille vs paris fc,2026-09-06,marseille,paris fc,fouls,Total,21.5,0.5503,OVER
2026-09-02T23:29:13,2026-2027,3,marseille vs paris fc,2026-09-06,marseille,paris fc,fouls,Total,23.5,0.38,UNDER
2026-09-02T23:29:13,2026-2027,3,marseille vs paris fc,2026-09-06,marseille,paris fc,fouls,Total,25.5,0.2359,UNDER
2026-09-02T23:29:13,2026-2027,3,marseille vs paris fc,2026-09-06,marseille,paris fc,shots,Total,20.5,0.8308,OVER
2026-09-02T23:29:13,2026-2027,3,marseille vs paris fc,2026-09-06,marseille,paris fc,shots,Total,22.5,0.7238,OVER
2026-09-02T23:29:13,2026-2027,3,marseille vs paris fc,2026-09-06,marseille,paris fc,shots,Total,24.5,0.5866,OVER
2026-09-02T23:29:13,2026-2027,3,marseille vs paris fc,2026-09-06,marseille,paris fc,shots,Total,26.5,0.4372,UNDER
2026-09-02T23:29:13,2026-2027,3,marseille vs paris fc,2026-09-06,marseille,paris fc,shots,Local,9.5,0.9193,OVER
2026-09-02T23:29:13,2026-2027,3,marseille vs paris fc,2026-09-06,marseille,paris fc,shots,Local,11.5,0.8201,OVER
2026-09-02T23:29:13,2026-2027,3,marseille vs paris fc,2026-09-06,marseille,paris fc,shots,Local,13.5,0.6833,OVER
2026-09-02T23:29:13,2026-2027,3,marseille vs paris fc,2026-09-06,marseille,paris fc,shots,Visitante,9.5,0.5101,OVER
2026-09-02T23:29:13,2026-2027,3,marseille vs paris fc,2026-09-06,marseille,paris fc,shots,Visitante,11.5,0.3215,UNDER
2026-09-02T23:29:13,2026-2027,3,marseille vs paris fc,2026-09-06,marseille,paris fc,shots,Visitante,13.5,0.1829,UNDER
2026-09-02T23:29:13,2026-2027,3,marseille vs paris fc,2026-09-06,marseille,paris fc,sot,Total,6.5,0.7853,OVER
2026-09-02T23:29:13,2026-2027,3,marseille vs paris fc,2026-09-06,marseille,paris fc,sot,Total,7.5,0.6681,OVER
2026-09-02T23:29:13,2026-2027,3,marseille vs paris fc,2026-09-06,marseille,paris fc,sot,Total,8.5,0.5366,OVER
2026-09-02T23:29:13,2026-2027,3,marseille vs paris fc,2026-09-06,marseille,paris fc,sot,Total,9.5,0.4074,UNDER
2026-09-02T23:29:13,2026-2027,3,marseille vs paris fc,2026-09-06,marseille,paris fc,booking_pts,Total,30.5,0.6422,OVER
2026-09-02T23:29:13,2026-2027,3,marseille vs paris fc,2026-09-06,marseille,paris fc,booking_pts,Total,40.5,0.4825,UNDER
2026-09-02T23:29:13,2026-2027,3,marseille vs paris fc,2026-09-06,marseille,paris fc,booking_pts,Total,50.5,0.3386,UNDER
2026-09-02T23:29:13,2026-2027,3,juventus vs milan,2026-09-06,juventus,milan,1X2,Total,,0.603,1
2026-09-02T23:29:13,2026-2027,3,juventus vs milan,2026-09-06,juventus,milan,Goles,Total,2.5,0.4877,UNDER
2026-09-02T23:29:13,2026-2027,3,juventus vs milan,2026-09-06,juventus,milan,corners,Total,7.5,0.6841,OVER
2026-09-02T23:29:13,2026-2027,3,juventus vs milan,2026-09-06,juventus,milan,corners,Total,8.5,0.5654,OVER
2026-09-02T23:29:13,2026-2027,3,juventus vs milan,2026-09-06,juventus,milan,corners,Total,9.5,0.4477,UNDER
2026-09-02T23:29:13,2026-2027,3,juventus vs milan,2026-09-06,juventus,milan,corners,Total,10.5,0.3311,UNDER
2026-09-02T23:29:13,2026-2027,3,juventus vs milan,2026-09-06,juventus,milan,corners,Total,11.5,0.2316,UNDER
2026-09-02T23:29:13,2026-2027,3,juventus vs milan,2026-09-06,juventus,milan,corners,Local,3.5,0.7605,OVER
2026-09-02T23:29:13,2026-2027,3,juventus vs milan,2026-09-06,juventus,milan,corners,Local,4.5,0.6167,OVER
2026-09-02T23:29:13,2026-2027,3,juventus vs milan,2026-09-06,juventus,milan,corners,Local,5.5,0.4734,UNDER
2026-09-02T23:29:13,2026-2027,3,juventus vs milan,2026-09-06,juventus,milan,corners,Visitante,3.5,0.4512,UNDER
2026-09-02T23:29:13,2026-2027,3,juventus vs milan,2026-09-06,juventus,milan,corners,Visitante,4.5,0.2941,UNDER
2026-09-02T23:29:13,2026-2027,3,juventus vs milan,2026-09-06,juventus,milan,corners,Visitante,5.5,0.1823,UNDER
2026-09-02T23:29:13,2026-2027,3,juventus vs milan,2026-09-06,juventus,milan,yellows,Total,2.5,0.7089,OVER
2026-09-02T23:29:13,2026-2027,3,juventus vs milan,2026-09-06,juventus,milan,yellows,Total,3.5,0.5107,OVER
2026-09-02T23:29:13,2026-2027,3,juventus vs milan,2026-09-06,juventus,milan,yellows,Total,4.5,0.3281,UNDER
2026-09-02T23:29:13,2026-2027,3,juventus vs milan,2026-09-06,juventus,milan,yellows,Total,5.5,0.1897,UNDER
2026-09-02T23:29:13,2026-2027,3,juventus vs milan,2026-09-06,juventus,milan,yellows,Total,6.5,0.0996,UNDER
2026-09-02T23:29:13,2026-2027,3,juventus vs milan,2026-09-06,juventus,milan,yellows,Local,1.5,0.5262,OVER
2026-09-02T23:29:13,2026-2027,3,juventus vs milan,2026-09-06,juventus,milan,yellows,Local,2.5,0.2422,UNDER
2026-09-02T23:29:13,2026-2027,3,juventus vs milan,2026-09-06,juventus,milan,yellows,Visitante,1.5,0.6363,OVER
2026-09-02T23:29:13,2026-2027,3,juventus vs milan,2026-09-06,juventus,milan,yellows,Visitante,2.5,0.3412,UNDER
2026-09-02T23:29:13,2026-2027,3,juventus vs milan,2026-09-06,juventus,milan,fouls,Total,19.5,0.724,OVER
2026-09-02T23:29:13,2026-2027,3,juventus vs milan,2026-09-06,juventus,milan,fouls,Total,21.5,0.5705,OVER
2026-09-02T23:29:13,2026-2027,3,juventus vs milan,2026-09-06,juventus,milan,fouls,Total,23.5,0.4084,UNDER
2026-09-02T23:29:13,2026-2027,3,juventus vs milan,2026-09-06,juventus,milan,fouls,Total,25.5,0.2667,UNDER
2026-09-02T23:29:13,2026-2027,3,juventus vs milan,2026-09-06,juventus,milan,shots,Total,20.5,0.8728,OVER
2026-09-02T23:29:13,2026-2027,3,juventus vs milan,2026-09-06,juventus,milan,shots,Total,22.5,0.783,OVER
2026-09-02T23:29:13,2026-2027,3,juventus vs milan,2026-09-06,juventus,milan,shots,Total,24.5,0.6565,OVER
2026-09-02T23:29:13,2026-2027,3,juventus vs milan,2026-09-06,juventus,milan,shots,Total,26.5,0.5081,OVER
2026-09-02T23:29:13,2026-2027,3,juventus vs milan,2026-09-06,juventus,milan,shots,Local,9.5,0.9483,OVER
2026-09-02T23:29:13,2026-2027,3,juventus vs milan,2026-09-06,juventus,milan,shots,Local,11.5,0.8746,OVER
2026-09-02T23:29:13,2026-2027,3,juventus vs milan,2026-09-06,juventus,milan,shots,Local,13.5,0.7626,OVER
2026-09-02T23:29:13,2026-2027,3,juventus vs milan,2026-09-06,juventus,milan,shots,Visitante,9.5,0.5046,OVER
2026-09-02T23:29:13,2026-2027,3,juventus vs milan,2026-09-06,juventus,milan,shots,Visitante,11.5,0.3167,UNDER
2026-09-02T23:29:13,2026-2027,3,juventus vs milan,2026-09-06,juventus,milan,shots,Visitante,13.5,0.1794,UNDER
2026-09-02T23:29:13,2026-2027,3,juventus vs milan,2026-09-06,juventus,milan,sot,Total,6.5,0.7425,OVER
2026-09-02T23:29:13,2026-2027,3,juventus vs milan,2026-09-06,juventus,milan,sot,Total,7.5,0.6165,OVER
2026-09-02T23:29:13,2026-2027,3,juventus vs milan,2026-09-06,juventus,milan,sot,Total,8.5,0.4825,UNDER
2026-09-02T23:29:13,2026-2027,3,juventus vs milan,2026-09-06,juventus,milan,sot,Total,9.5,0.356,UNDER
2026-09-02T23:29:13,2026-2027,3,juventus vs milan,2026-09-06,juventus,milan,booking_pts,Total,30.5,0.6066,OVER
2026-09-02T23:29:13,2026-2027,3,juventus vs milan,2026-09-06,juventus,milan,booking_pts,Total,40.5,0.4441,UNDER
2026-09-02T23:29:13,2026-2027,3,juventus vs milan,2026-09-06,juventus,milan,booking_pts,Total,50.5,0.303,UNDER
2026-09-02T23:29:13,2026-2027,4,espanol vs sevilla,2026-09-06,espanol,sevilla,1X2,Total,,0.345,1
2026-09-02T23:29:13,2026-2027,4,espanol vs sevilla,2026-09-06,espanol,sevilla,Goles,Total,2.5,0.3852,UNDER
2026-09-02T23:29:13,2026-2027,4,espanol vs sevilla,2026-09-06,espanol,sevilla,corners,Total,7.5,0.6817,OVER
2026-09-02T23:29:13,2026-2027,4,espanol vs sevilla,2026-09-06,espanol,sevilla,corners,Total,8.5,0.5627,OVER
2026-09-02T23:29:13,2026-2027,4,espanol vs sevilla,2026-09-06,espanol,sevilla,corners,Total,9.5,0.4452,UNDER
2026-09-02T23:29:13,2026-2027,4,espanol vs sevilla,2026-09-06,espanol,sevilla,corners,Total,10.5,0.3288,UNDER
2026-09-02T23:29:13,2026-2027,4,espanol vs sevilla,2026-09-06,espanol,sevilla,corners,Total,11.5,0.2296,UNDER
2026-09-02T23:29:13,2026-2027,4,espanol vs sevilla,2026-09-06,espanol,sevilla,corners,Local,3.5,0.6459,OVER
2026-09-02T23:29:13,2026-2027,4,espanol vs sevilla,2026-09-06,espanol,sevilla,corners,Local,4.5,0.4834,UNDER
2026-09-02T23:29:13,2026-2027,4,espanol vs sevilla,2026-09-06,espanol,sevilla,corners,Local,5.5,0.3419,UNDER
2026-09-02T23:29:13,2026-2027,4,espanol vs sevilla,2026-09-06,espanol,sevilla,corners,Visitante,3.5,0.6017,OVER
2026-09-02T23:29:13,2026-2027,4,espanol vs sevilla,2026-09-06,espanol,sevilla,corners,Visitante,4.5,0.4368,UNDER
2026-09-02T23:29:13,2026-2027,4,espanol vs sevilla,2026-09-06,espanol,sevilla,corners,Visitante,5.5,0.2998,UNDER
2026-09-02T23:29:13,2026-2027,4,espanol vs sevilla,2026-09-06,espanol,sevilla,yellows,Total,2.5,0.8907,OVER
2026-09-02T23:29:13,2026-2027,4,espanol vs sevilla,2026-09-06,espanol,sevilla,yellows,Total,3.5,0.7683,OVER
2026-09-02T23:29:13,2026-2027,4,espanol vs sevilla,2026-09-06,espanol,sevilla,yellows,Total,4.5,0.6115,OVER
2026-09-02T23:29:13,2026-2027,4,espanol vs sevilla,2026-09-06,espanol,sevilla,yellows,Total,5.5,0.4473,UNDER
2026-09-02T23:29:13,2026-2027,4,espanol vs sevilla,2026-09-06,espanol,sevilla,yellows,Total,6.5,0.3012,UNDER
2026-09-02T23:29:13,2026-2027,4,espanol vs sevilla,2026-09-06,espanol,sevilla,yellows,Local,1.5,0.7595,OVER
2026-09-02T23:29:13,2026-2027,4,espanol vs sevilla,2026-09-06,espanol,sevilla,yellows,Local,2.5,0.4834,UNDER
2026-09-02T23:29:13,2026-2027,4,espanol vs sevilla,2026-09-06,espanol,sevilla,yellows,Visitante,1.5,0.8129,OVER
2026-09-02T23:29:13,2026-2027,4,espanol vs sevilla,2026-09-06,espanol,sevilla,yellows,Visitante,2.5,0.5594,OVER
2026-09-02T23:29:13,2026-2027,4,espanol vs sevilla,2026-09-06,espanol,sevilla,fouls,Total,19.5,0.9774,OVER
2026-09-02T23:29:13,2026-2027,4,espanol vs sevilla,2026-09-06,espanol,sevilla,fouls,Total,21.5,0.9445,OVER
2026-09-02T23:29:13,2026-2027,4,espanol vs sevilla,2026-09-06,espanol,sevilla,fouls,Total,23.5,0.8771,OVER
2026-09-02T23:29:13,2026-2027,4,espanol vs sevilla,2026-09-06,espanol,sevilla,fouls,Total,25.5,0.7775,OVER
2026-09-02T23:29:13,2026-2027,4,espanol vs sevilla,2026-09-06,espanol,sevilla,shots,Total,20.5,0.7345,OVER
2026-09-02T23:29:13,2026-2027,4,espanol vs sevilla,2026-09-06,espanol,sevilla,shots,Total,22.5,0.5995,OVER
2026-09-02T23:29:13,2026-2027,4,espanol vs sevilla,2026-09-06,espanol,sevilla,shots,Total,24.5,0.4542,UNDER
2026-09-02T23:29:13,2026-2027,4,espanol vs sevilla,2026-09-06,espanol,sevilla,shots,Total,26.5,0.3151,UNDER
2026-09-02T23:29:13,2026-2027,4,espanol vs sevilla,2026-09-06,espanol,sevilla,shots,Local,9.5,0.7098,OVER
2026-09-02T23:29:13,2026-2027,4,espanol vs sevilla,2026-09-06,espanol,sevilla,shots,Local,11.5,0.5235,OVER
2026-09-02T23:29:13,2026-2027,4,espanol vs sevilla,2026-09-06,espanol,sevilla,shots,Local,13.5,0.3489,UNDER
2026-09-02T23:29:13,2026-2027,4,espanol vs sevilla,2026-09-06,espanol,sevilla,shots,Visitante,9.5,0.6962,OVER
2026-09-02T23:29:13,2026-2027,4,espanol vs sevilla,2026-09-06,espanol,sevilla,shots,Visitante,11.5,0.5079,OVER
2026-09-02T23:29:13,2026-2027,4,espanol vs sevilla,2026-09-06,espanol,sevilla,shots,Visitante,13.5,0.3346,UNDER
2026-09-02T23:29:13,2026-2027,4,espanol vs sevilla,2026-09-06,espanol,sevilla,sot,Total,6.5,0.7099,OVER
2026-09-02T23:29:13,2026-2027,4,espanol vs sevilla,2026-09-06,espanol,sevilla,sot,Total,7.5,0.579,OVER
2026-09-02T23:29:13,2026-2027,4,espanol vs sevilla,2026-09-06,espanol,sevilla,sot,Total,8.5,0.4448,UNDER
2026-09-02T23:29:13,2026-2027,4,espanol vs sevilla,2026-09-06,espanol,sevilla,sot,Total,9.5,0.3213,UNDER
2026-09-02T23:29:13,2026-2027,4,espanol vs sevilla,2026-09-06,espanol,sevilla,booking_pts,Total,30.5,0.8173,OVER
2026-09-02T23:29:13,2026-2027,4,espanol vs sevilla,2026-09-06,espanol,sevilla,booking_pts,Total,40.5,0.6886,OVER
2026-09-02T23:29:13,2026-2027,4,espanol vs sevilla,2026-09-06,espanol,sevilla,booking_pts,Total,50.5,0.5458,OVER
2026-09-02T23:29:13,2026-2027,3,cagliari vs lecce,2026-09-07,cagliari,lecce,1X2,Total,,0.5189,1
2026-09-02T23:29:13,2026-2027,3,cagliari vs lecce,2026-09-07,cagliari,lecce,Goles,Total,2.5,0.4627,UNDER
2026-09-02T23:29:13,2026-2027,3,cagliari vs lecce,2026-09-07,cagliari,lecce,corners,Total,7.5,0.704,OVER
2026-09-02T23:29:13,2026-2027,3,cagliari vs lecce,2026-09-07,cagliari,lecce,corners,Total,8.5,0.588,OVER
2026-09-02T23:29:13,2026-2027,3,cagliari vs lecce,2026-09-07,cagliari,lecce,corners,Total,9.5,0.4692,UNDER
2026-09-02T23:29:13,2026-2027,3,cagliari vs lecce,2026-09-07,cagliari,lecce,corners,Total,10.5,0.3511,UNDER
2026-09-02T23:29:13,2026-2027,3,cagliari vs lecce,2026-09-07,cagliari,lecce,corners,Total,11.5,0.2489,UNDER
2026-09-02T23:29:13,2026-2027,3,cagliari vs lecce,2026-09-07,cagliari,lecce,corners,Local,3.5,0.7259,OVER
2026-09-02T23:29:13,2026-2027,3,cagliari vs lecce,2026-09-07,cagliari,lecce,corners,Local,4.5,0.5744,OVER
2026-09-02T23:29:13,2026-2027,3,cagliari vs lecce,2026-09-07,cagliari,lecce,corners,Local,5.5,0.4299,UNDER
2026-09-02T23:29:13,2026-2027,3,cagliari vs lecce,2026-09-07,cagliari,lecce,corners,Visitante,3.5,0.5415,OVER
2026-09-02T23:29:13,2026-2027,3,cagliari vs lecce,2026-09-07,cagliari,lecce,corners,Visitante,4.5,0.3767,UNDER
2026-09-02T23:29:13,2026-2027,3,cagliari vs lecce,2026-09-07,cagliari,lecce,corners,Visitante,5.5,0.2483,UNDER
2026-09-02T23:29:13,2026-2027,3,cagliari vs lecce,2026-09-07,cagliari,lecce,yellows,Total,2.5,0.6795,OVER
2026-09-02T23:29:13,2026-2027,3,cagliari vs lecce,2026-09-07,cagliari,lecce,yellows,Total,3.5,0.4759,UNDER
2026-09-02T23:29:13,2026-2027,3,cagliari vs lecce,2026-09-07,cagliari,lecce,yellows,Total,4.5,0.2963,UNDER
2026-09-02T23:29:13,2026-2027,3,cagliari vs lecce,2026-09-07,cagliari,lecce,yellows,Total,5.5,0.1657,UNDER
2026-09-02T23:29:13,2026-2027,3,cagliari vs lecce,2026-09-07,cagliari,lecce,yellows,Total,6.5,0.0841,UNDER
2026-09-02T23:29:13,2026-2027,3,cagliari vs lecce,2026-09-07,cagliari,lecce,yellows,Local,1.5,0.5373,OVER
2026-09-02T23:29:13,2026-2027,3,cagliari vs lecce,2026-09-07,cagliari,lecce,yellows,Local,2.5,0.2512,UNDER
2026-09-02T23:29:13,2026-2027,3,cagliari vs lecce,2026-09-07,cagliari,lecce,yellows,Visitante,1.5,0.572,OVER
2026-09-02T23:29:13,2026-2027,3,cagliari vs lecce,2026-09-07,cagliari,lecce,yellows,Visitante,2.5,0.2807,UNDER
2026-09-02T23:29:13,2026-2027,3,cagliari vs lecce,2026-09-07,cagliari,lecce,fouls,Total,19.5,0.8968,OVER
2026-09-02T23:29:13,2026-2027,3,cagliari vs lecce,2026-09-07,cagliari,lecce,fouls,Total,21.5,0.8054,OVER
2026-09-02T23:29:13,2026-2027,3,cagliari vs lecce,2026-09-07,cagliari,lecce,fouls,Total,23.5,0.6724,OVER
2026-09-02T23:29:13,2026-2027,3,cagliari vs lecce,2026-09-07,cagliari,lecce,fouls,Total,25.5,0.5232,OVER
2026-09-02T23:29:13,2026-2027,3,cagliari vs lecce,2026-09-07,cagliari,lecce,shots,Total,20.5,0.7379,OVER
2026-09-02T23:29:13,2026-2027,3,cagliari vs lecce,2026-09-07,cagliari,lecce,shots,Total,22.5,0.6037,OVER
2026-09-02T23:29:13,2026-2027,3,cagliari vs lecce,2026-09-07,cagliari,lecce,shots,Total,24.5,0.4583,UNDER
2026-09-02T23:29:13,2026-2027,3,cagliari vs lecce,2026-09-07,cagliari,lecce,shots,Total,26.5,0.3187,UNDER
2026-09-02T23:29:13,2026-2027,3,cagliari vs lecce,2026-09-07,cagliari,lecce,shots,Local,9.5,0.8439,OVER
2026-09-02T23:29:13,2026-2027,3,cagliari vs lecce,2026-09-07,cagliari,lecce,shots,Local,11.5,0.6985,OVER
2026-09-02T23:29:13,2026-2027,3,cagliari vs lecce,2026-09-07,cagliari,lecce,shots,Local,13.5,0.5298,OVER
2026-09-02T23:29:13,2026-2027,3,cagliari vs lecce,2026-09-07,cagliari,lecce,shots,Visitante,9.5,0.5057,OVER
2026-09-02T23:29:13,2026-2027,3,cagliari vs lecce,2026-09-07,cagliari,lecce,shots,Visitante,11.5,0.3176,UNDER
2026-09-02T23:29:13,2026-2027,3,cagliari vs lecce,2026-09-07,cagliari,lecce,shots,Visitante,13.5,0.1801,UNDER
2026-09-02T23:29:13,2026-2027,3,cagliari vs lecce,2026-09-07,cagliari,lecce,sot,Total,6.5,0.6448,OVER
2026-09-02T23:29:13,2026-2027,3,cagliari vs lecce,2026-09-07,cagliari,lecce,sot,Total,7.5,0.5076,OVER
2026-09-02T23:29:13,2026-2027,3,cagliari vs lecce,2026-09-07,cagliari,lecce,sot,Total,8.5,0.3762,UNDER
2026-09-02T23:29:13,2026-2027,3,cagliari vs lecce,2026-09-07,cagliari,lecce,sot,Total,9.5,0.2612,UNDER
2026-09-02T23:29:13,2026-2027,3,cagliari vs lecce,2026-09-07,cagliari,lecce,booking_pts,Total,30.5,0.5772,OVER
2026-09-02T23:29:13,2026-2027,3,cagliari vs lecce,2026-09-07,cagliari,lecce,booking_pts,Total,40.5,0.4148,UNDER
2026-09-02T23:29:13,2026-2027,3,cagliari vs lecce,2026-09-07,cagliari,lecce,booking_pts,Total,50.5,0.2778,UNDER
2026-09-02T23:29:13,2026-2027,4,getafe vs celta,2026-09-07,getafe,celta,1X2,Total,,0.4075,1
2026-09-02T23:29:13,2026-2027,4,getafe vs celta,2026-09-07,getafe,celta,Goles,Total,2.5,0.3705,UNDER
2026-09-02T23:29:13,2026-2027,4,getafe vs celta,2026-09-07,getafe,celta,corners,Total,7.5,0.5824,OVER
2026-09-02T23:29:13,2026-2027,4,getafe vs celta,2026-09-07,getafe,celta,corners,Total,8.5,0.4555,UNDER
2026-09-02T23:29:13,2026-2027,4,getafe vs celta,2026-09-07,getafe,celta,corners,Total,9.5,0.348,UNDER
2026-09-02T23:29:13,2026-2027,4,getafe vs celta,2026-09-07,getafe,celta,corners,Total,10.5,0.2425,UNDER
2026-09-02T23:29:13,2026-2027,4,getafe vs celta,2026-09-07,getafe,celta,corners,Total,11.5,0.1584,UNDER
2026-09-02T23:29:13,2026-2027,4,getafe vs celta,2026-09-07,getafe,celta,corners,Local,3.5,0.6166,OVER
2026-09-02T23:29:13,2026-2027,4,getafe vs celta,2026-09-07,getafe,celta,corners,Local,4.5,0.4521,UNDER
2026-09-02T23:29:13,2026-2027,4,getafe vs celta,2026-09-07,getafe,celta,corners,Local,5.5,0.3135,UNDER
2026-09-02T23:29:13,2026-2027,4,getafe vs celta,2026-09-07,getafe,celta,corners,Visitante,3.5,0.4777,UNDER
2026-09-02T23:29:13,2026-2027,4,getafe vs celta,2026-09-07,getafe,celta,corners,Visitante,4.5,0.3175,UNDER
2026-09-02T23:29:13,2026-2027,4,getafe vs celta,2026-09-07,getafe,celta,corners,Visitante,5.5,0.2004,UNDER
2026-09-02T23:29:13,2026-2027,4,getafe vs celta,2026-09-07,getafe,celta,yellows,Total,2.5,0.8645,OVER
2026-09-02T23:29:13,2026-2027,4,getafe vs celta,2026-09-07,getafe,celta,yellows,Total,3.5,0.7254,OVER
2026-09-02T23:29:13,2026-2027,4,getafe vs celta,2026-09-07,getafe,celta,yellows,Total,4.5,0.5576,OVER
2026-09-02T23:29:13,2026-2027,4,getafe vs celta,2026-09-07,getafe,celta,yellows,Total,5.5,0.392,UNDER
2026-09-02T23:29:13,2026-2027,4,getafe vs celta,2026-09-07,getafe,celta,yellows,Total,6.5,0.2528,UNDER
2026-09-02T23:29:13,2026-2027,4,getafe vs celta,2026-09-07,getafe,celta,yellows,Local,1.5,0.7498,OVER
2026-09-02T23:29:13,2026-2027,4,getafe vs celta,2026-09-07,getafe,celta,yellows,Local,2.5,0.4707,UNDER
2026-09-02T23:29:13,2026-2027,4,getafe vs celta,2026-09-07,getafe,celta,yellows,Visitante,1.5,0.7589,OVER
2026-09-02T23:29:13,2026-2027,4,getafe vs celta,2026-09-07,getafe,celta,yellows,Visitante,2.5,0.4827,UNDER
2026-09-02T23:29:13,2026-2027,4,getafe vs celta,2026-09-07,getafe,celta,fouls,Total,19.5,0.9819,OVER
2026-09-02T23:29:13,2026-2027,4,getafe vs celta,2026-09-07,getafe,celta,fouls,Total,21.5,0.9541,OVER
2026-09-02T23:29:13,2026-2027,4,getafe vs celta,2026-09-07,getafe,celta,fouls,Total,23.5,0.8951,OVER
2026-09-02T23:29:13,2026-2027,4,getafe vs celta,2026-09-07,getafe,celta,fouls,Total,25.5,0.8053,OVER
2026-09-02T23:29:13,2026-2027,4,getafe vs celta,2026-09-07,getafe,celta,shots,Total,20.5,0.5578,OVER
2026-09-02T23:29:13,2026-2027,4,getafe vs celta,2026-09-07,getafe,celta,shots,Total,22.5,0.4028,UNDER
2026-09-02T23:29:13,2026-2027,4,getafe vs celta,2026-09-07,getafe,celta,shots,Total,24.5,0.2738,UNDER
2026-09-02T23:29:13,2026-2027,4,getafe vs celta,2026-09-07,getafe,celta,shots,Total,26.5,0.1705,UNDER
2026-09-02T23:29:13,2026-2027,4,getafe vs celta,2026-09-07,getafe,celta,shots,Local,9.5,0.6999,OVER
2026-09-02T23:29:13,2026-2027,4,getafe vs celta,2026-09-07,getafe,celta,shots,Local,11.5,0.5121,OVER
2026-09-02T23:29:13,2026-2027,4,getafe vs celta,2026-09-07,getafe,celta,shots,Local,13.5,0.3385,UNDER
2026-09-02T23:29:13,2026-2027,4,getafe vs celta,2026-09-07,getafe,celta,shots,Visitante,9.5,0.434,UNDER
2026-09-02T23:29:13,2026-2027,4,getafe vs celta,2026-09-07,getafe,celta,shots,Visitante,11.5,0.2577,UNDER
2026-09-02T23:29:13,2026-2027,4,getafe vs celta,2026-09-07,getafe,celta,shots,Visitante,13.5,0.1384,UNDER
2026-09-02T23:29:13,2026-2027,4,getafe vs celta,2026-09-07,getafe,celta,sot,Total,6.5,0.6022,OVER
2026-09-02T23:29:13,2026-2027,4,getafe vs celta,2026-09-07,getafe,celta,sot,Total,7.5,0.4633,UNDER
2026-09-02T23:29:13,2026-2027,4,getafe vs celta,2026-09-07,getafe,celta,sot,Total,8.5,0.3356,UNDER
2026-09-02T23:29:13,2026-2027,4,getafe vs celta,2026-09-07,getafe,celta,sot,Total,9.5,0.2272,UNDER
2026-09-02T23:29:13,2026-2027,4,getafe vs celta,2026-09-07,getafe,celta,booking_pts,Total,30.5,0.7828,OVER
2026-09-02T23:29:13,2026-2027,4,getafe vs celta,2026-09-07,getafe,celta,booking_pts,Total,40.5,0.6438,OVER
2026-09-02T23:29:13,2026-2027,4,getafe vs celta,2026-09-07,getafe,celta,booking_pts,Total,50.5,0.4967,UNDER
2026-09-02T23:29:13,2026-2027,3,udinese vs lazio,2026-09-07,udinese,lazio,1X2,Total,,0.3598,1
2026-09-02T23:29:13,2026-2027,3,udinese vs lazio,2026-09-07,udinese,lazio,Goles,Total,2.5,0.4106,UNDER
2026-09-02T23:29:13,2026-2027,3,udinese vs lazio,2026-09-07,udinese,lazio,corners,Total,7.5,0.6957,OVER
2026-09-02T23:29:13,2026-2027,3,udinese vs lazio,2026-09-07,udinese,lazio,corners,Total,8.5,0.5784,OVER
2026-09-02T23:29:13,2026-2027,3,udinese vs lazio,2026-09-07,udinese,lazio,corners,Total,9.5,0.4601,UNDER
2026-09-02T23:29:13,2026-2027,3,udinese vs lazio,2026-09-07,udinese,lazio,corners,Total,10.5,0.3426,UNDER
2026-09-02T23:29:13,2026-2027,3,udinese vs lazio,2026-09-07,udinese,lazio,corners,Total,11.5,0.2415,UNDER
2026-09-02T23:29:13,2026-2027,3,udinese vs lazio,2026-09-07,udinese,lazio,corners,Local,3.5,0.666,OVER
2026-09-02T23:29:13,2026-2027,3,udinese vs lazio,2026-09-07,udinese,lazio,corners,Local,4.5,0.5054,OVER
2026-09-02T23:29:13,2026-2027,3,udinese vs lazio,2026-09-07,udinese,lazio,corners,Local,5.5,0.3625,UNDER
2026-09-02T23:29:13,2026-2027,3,udinese vs lazio,2026-09-07,udinese,lazio,corners,Visitante,3.5,0.6023,OVER
2026-09-02T23:29:13,2026-2027,3,udinese vs lazio,2026-09-07,udinese,lazio,corners,Visitante,4.5,0.4373,UNDER
2026-09-02T23:29:13,2026-2027,3,udinese vs lazio,2026-09-07,udinese,lazio,corners,Visitante,5.5,0.3002,UNDER
2026-09-02T23:29:13,2026-2027,3,udinese vs lazio,2026-09-07,udinese,lazio,yellows,Total,2.5,0.8066,OVER
2026-09-02T23:29:13,2026-2027,3,udinese vs lazio,2026-09-07,udinese,lazio,yellows,Total,3.5,0.6386,OVER
2026-09-02T23:29:13,2026-2027,3,udinese vs lazio,2026-09-07,udinese,lazio,yellows,Total,4.5,0.4574,UNDER
2026-09-02T23:29:13,2026-2027,3,udinese vs lazio,2026-09-07,udinese,lazio,yellows,Total,5.5,0.2973,UNDER
2026-09-02T23:29:13,2026-2027,3,udinese vs lazio,2026-09-07,udinese,lazio,yellows,Total,6.5,0.1763,UNDER
2026-09-02T23:29:13,2026-2027,3,udinese vs lazio,2026-09-07,udinese,lazio,yellows,Local,1.5,0.6886,OVER
2026-09-02T23:29:13,2026-2027,3,udinese vs lazio,2026-09-07,udinese,lazio,yellows,Local,2.5,0.3968,UNDER
2026-09-02T23:29:13,2026-2027,3,udinese vs lazio,2026-09-07,udinese,lazio,yellows,Visitante,1.5,0.6846,OVER
2026-09-02T23:29:13,2026-2027,3,udinese vs lazio,2026-09-07,udinese,lazio,yellows,Visitante,2.5,0.3923,UNDER
2026-09-02T23:29:13,2026-2027,3,udinese vs lazio,2026-09-07,udinese,lazio,fouls,Total,19.5,0.8804,OVER
2026-09-02T23:29:13,2026-2027,3,udinese vs lazio,2026-09-07,udinese,lazio,fouls,Total,21.5,0.7801,OVER
2026-09-02T23:29:13,2026-2027,3,udinese vs lazio,2026-09-07,udinese,lazio,fouls,Total,23.5,0.6397,OVER
2026-09-02T23:29:13,2026-2027,3,udinese vs lazio,2026-09-07,udinese,lazio,fouls,Total,25.5,0.4873,UNDER
2026-09-02T23:29:13,2026-2027,3,udinese vs lazio,2026-09-07,udinese,lazio,shots,Total,20.5,0.7737,OVER
2026-09-02T23:29:13,2026-2027,3,udinese vs lazio,2026-09-07,udinese,lazio,shots,Total,22.5,0.6484,OVER
2026-09-02T23:29:13,2026-2027,3,udinese vs lazio,2026-09-07,udinese,lazio,shots,Total,24.5,0.5042,OVER
2026-09-02T23:29:13,2026-2027,3,udinese vs lazio,2026-09-07,udinese,lazio,shots,Total,26.5,0.3595,UNDER
2026-09-02T23:29:13,2026-2027,3,udinese vs lazio,2026-09-07,udinese,lazio,shots,Local,9.5,0.7987,OVER
2026-09-02T23:29:13,2026-2027,3,udinese vs lazio,2026-09-07,udinese,lazio,shots,Local,11.5,0.6349,OVER
2026-09-02T23:29:13,2026-2027,3,udinese vs lazio,2026-09-07,udinese,lazio,shots,Local,13.5,0.4594,UNDER
2026-09-02T23:29:13,2026-2027,3,udinese vs lazio,2026-09-07,udinese,lazio,shots,Visitante,9.5,0.6533,OVER
2026-09-02T23:29:13,2026-2027,3,udinese vs lazio,2026-09-07,udinese,lazio,shots,Visitante,11.5,0.4605,UNDER
2026-09-02T23:29:13,2026-2027,3,udinese vs lazio,2026-09-07,udinese,lazio,shots,Visitante,13.5,0.2928,UNDER
2026-09-02T23:29:13,2026-2027,3,udinese vs lazio,2026-09-07,udinese,lazio,sot,Total,6.5,0.695,OVER
2026-09-02T23:29:13,2026-2027,3,udinese vs lazio,2026-09-07,udinese,lazio,sot,Total,7.5,0.5623,OVER
2026-09-02T23:29:13,2026-2027,3,udinese vs lazio,2026-09-07,udinese,lazio,sot,Total,8.5,0.4283,UNDER
2026-09-02T23:29:13,2026-2027,3,udinese vs lazio,2026-09-07,udinese,lazio,sot,Total,9.5,0.3066,UNDER
2026-09-02T23:29:13,2026-2027,3,udinese vs lazio,2026-09-07,udinese,lazio,booking_pts,Total,30.5,0.71,OVER
2026-09-02T23:29:13,2026-2027,3,udinese vs lazio,2026-09-07,udinese,lazio,booking_pts,Total,40.5,0.5553,OVER
2026-09-02T23:29:13,2026-2027,3,udinese vs lazio,2026-09-07,udinese,lazio,booking_pts,Total,50.5,0.4059,UNDER
2026-09-02T23:29:13,2026-2027,4,elche vs sociedad,2026-09-07,elche,sociedad,1X2,Total,,0.363,1
2026-09-02T23:29:13,2026-2027,4,elche vs sociedad,2026-09-07,elche,sociedad,Goles,Total,2.5,0.4607,UNDER
2026-09-02T23:29:13,2026-2027,4,elche vs sociedad,2026-09-07,elche,sociedad,corners,Total,7.5,0.6504,OVER
2026-09-02T23:29:13,2026-2027,4,elche vs sociedad,2026-09-07,elche,sociedad,corners,Total,8.5,0.528,OVER
2026-09-02T23:29:13,2026-2027,4,elche vs sociedad,2026-09-07,elche,sociedad,corners,Total,9.5,0.413,UNDER
2026-09-02T23:29:13,2026-2027,4,elche vs sociedad,2026-09-07,elche,sociedad,corners,Total,10.5,0.2994,UNDER
2026-09-02T23:29:13,2026-2027,4,elche vs sociedad,2026-09-07,elche,sociedad,corners,Total,11.5,0.2047,UNDER
2026-09-02T23:29:13,2026-2027,4,elche vs sociedad,2026-09-07,elche,sociedad,corners,Local,3.5,0.608,OVER
2026-09-02T23:29:13,2026-2027,4,elche vs sociedad,2026-09-07,elche,sociedad,corners,Local,4.5,0.4432,UNDER
2026-09-02T23:29:13,2026-2027,4,elche vs sociedad,2026-09-07,elche,sociedad,corners,Local,5.5,0.3055,UNDER
2026-09-02T23:29:13,2026-2027,4,elche vs sociedad,2026-09-07,elche,sociedad,corners,Visitante,3.5,0.5927,OVER
2026-09-02T23:29:13,2026-2027,4,elche vs sociedad,2026-09-07,elche,sociedad,corners,Visitante,4.5,0.4275,UNDER
2026-09-02T23:29:13,2026-2027,4,elche vs sociedad,2026-09-07,elche,sociedad,corners,Visitante,5.5,0.2916,UNDER
2026-09-02T23:29:13,2026-2027,4,elche vs sociedad,2026-09-07,elche,sociedad,yellows,Total,2.5,0.8527,OVER
2026-09-02T23:29:13,2026-2027,4,elche vs sociedad,2026-09-07,elche,sociedad,yellows,Total,3.5,0.7068,OVER
2026-09-02T23:29:13,2026-2027,4,elche vs sociedad,2026-09-07,elche,sociedad,yellows,Total,4.5,0.5352,OVER
2026-09-02T23:29:13,2026-2027,4,elche vs sociedad,2026-09-07,elche,sociedad,yellows,Total,5.5,0.3699,UNDER
2026-09-02T23:29:13,2026-2027,4,elche vs sociedad,2026-09-07,elche,sociedad,yellows,Total,6.5,0.2342,UNDER
2026-09-02T23:29:13,2026-2027,4,elche vs sociedad,2026-09-07,elche,sociedad,yellows,Local,1.5,0.7108,OVER
2026-09-02T23:29:13,2026-2027,4,elche vs sociedad,2026-09-07,elche,sociedad,yellows,Local,2.5,0.4225,UNDER
2026-09-02T23:29:13,2026-2027,4,elche vs sociedad,2026-09-07,elche,sociedad,yellows,Visitante,1.5,0.7665,OVER
2026-09-02T23:29:13,2026-2027,4,elche vs sociedad,2026-09-07,elche,sociedad,yellows,Visitante,2.5,0.4927,UNDER
2026-09-02T23:29:13,2026-2027,4,elche vs sociedad,2026-09-07,elche,sociedad,fouls,Total,19.5,0.9761,OVER
2026-09-02T23:29:13,2026-2027,4,elche vs sociedad,2026-09-07,elche,sociedad,fouls,Total,21.5,0.9417,OVER
2026-09-02T23:29:13,2026-2027,4,elche vs sociedad,2026-09-07,elche,sociedad,fouls,Total,23.5,0.872,OVER
2026-09-02T23:29:13,2026-2027,4,elche vs sociedad,2026-09-07,elche,sociedad,fouls,Total,25.5,0.7699,OVER
2026-09-02T23:29:13,2026-2027,4,elche vs sociedad,2026-09-07,elche,sociedad,shots,Total,20.5,0.7529,OVER
2026-09-02T23:29:13,2026-2027,4,elche vs sociedad,2026-09-07,elche,sociedad,shots,Total,22.5,0.6221,OVER
2026-09-02T23:29:13,2026-2027,4,elche vs sociedad,2026-09-07,elche,sociedad,shots,Total,24.5,0.4771,UNDER
2026-09-02T23:29:13,2026-2027,4,elche vs sociedad,2026-09-07,elche,sociedad,shots,Total,26.5,0.3352,UNDER
2026-09-02T23:29:13,2026-2027,4,elche vs sociedad,2026-09-07,elche,sociedad,shots,Local,9.5,0.8365,OVER
2026-09-02T23:29:13,2026-2027,4,elche vs sociedad,2026-09-07,elche,sociedad,shots,Local,11.5,0.6876,OVER
2026-09-02T23:29:13,2026-2027,4,elche vs sociedad,2026-09-07,elche,sociedad,shots,Local,13.5,0.5174,OVER
2026-09-02T23:29:13,2026-2027,4,elche vs sociedad,2026-09-07,elche,sociedad,shots,Visitante,9.5,0.5499,OVER
2026-09-02T23:29:13,2026-2027,4,elche vs sociedad,2026-09-07,elche,sociedad,shots,Visitante,11.5,0.3575,UNDER
2026-09-02T23:29:13,2026-2027,4,elche vs sociedad,2026-09-07,elche,sociedad,shots,Visitante,13.5,0.2096,UNDER
2026-09-02T23:29:13,2026-2027,4,elche vs sociedad,2026-09-07,elche,sociedad,sot,Total,6.5,0.7511,OVER
2026-09-02T23:29:13,2026-2027,4,elche vs sociedad,2026-09-07,elche,sociedad,sot,Total,7.5,0.6266,OVER
2026-09-02T23:29:13,2026-2027,4,elche vs sociedad,2026-09-07,elche,sociedad,sot,Total,8.5,0.4929,UNDER
2026-09-02T23:29:13,2026-2027,4,elche vs sociedad,2026-09-07,elche,sociedad,sot,Total,9.5,0.3657,UNDER
2026-09-02T23:29:13,2026-2027,4,elche vs sociedad,2026-09-07,elche,sociedad,booking_pts,Total,30.5,0.7684,OVER
2026-09-02T23:29:13,2026-2027,4,elche vs sociedad,2026-09-07,elche,sociedad,booking_pts,Total,40.5,0.6257,OVER
2026-09-02T23:29:13,2026-2027,4,elche vs sociedad,2026-09-07,elche,sociedad,booking_pts,Total,50.5,0.4776,UNDER
2026-09-02T23:29:13,2026-2027,3,union berlin vs schalke 04,2026-09-11,union berlin,schalke 04,1X2,Total,,0.4637,1
2026-09-02T23:29:13,2026-2027,3,union berlin vs schalke 04,2026-09-11,union berlin,schalke 04,Goles,Total,2.5,0.5085,OVER
2026-09-02T23:29:13,2026-2027,3,union berlin vs schalke 04,2026-09-11,union berlin,schalke 04,corners,Total,7.5,0.7812,OVER
2026-09-02T23:29:13,2026-2027,3,union berlin vs schalke 04,2026-09-11,union berlin,schalke 04,corners,Total,8.5,0.6795,OVER
2026-09-02T23:29:13,2026-2027,3,union berlin vs schalke 04,2026-09-11,union berlin,schalke 04,corners,Total,9.5,0.5599,OVER
2026-09-02T23:29:13,2026-2027,3,union berlin vs schalke 04,2026-09-11,union berlin,schalke 04,corners,Total,10.5,0.4393,UNDER
2026-09-02T23:29:13,2026-2027,3,union berlin vs schalke 04,2026-09-11,union berlin,schalke 04,corners,Total,11.5,0.3285,UNDER
2026-09-02T23:29:13,2026-2027,3,union berlin vs schalke 04,2026-09-11,union berlin,schalke 04,corners,Local,3.5,0.8014,OVER
2026-09-02T23:29:13,2026-2027,3,union berlin vs schalke 04,2026-09-11,union berlin,schalke 04,corners,Local,4.5,0.6693,OVER
2026-09-02T23:29:13,2026-2027,3,union berlin vs schalke 04,2026-09-11,union berlin,schalke 04,corners,Local,5.5,0.5302,OVER
2026-09-02T23:29:13,2026-2027,3,union berlin vs schalke 04,2026-09-11,union berlin,schalke 04,corners,Visitante,3.5,0.5755,OVER
2026-09-02T23:29:13,2026-2027,3,union berlin vs schalke 04,2026-09-11,union berlin,schalke 04,corners,Visitante,4.5,0.4101,UNDER
2026-09-02T23:29:13,2026-2027,3,union berlin vs schalke 04,2026-09-11,union berlin,schalke 04,corners,Visitante,5.5,0.2766,UNDER
2026-09-02T23:29:13,2026-2027,3,union berlin vs schalke 04,2026-09-11,union berlin,schalke 04,yellows,Total,2.5,0.7341,OVER
2026-09-02T23:29:13,2026-2027,3,union berlin vs schalke 04,2026-09-11,union berlin,schalke 04,yellows,Total,3.5,0.5418,OVER
2026-09-02T23:29:13,2026-2027,3,union berlin vs schalke 04,2026-09-11,union berlin,schalke 04,yellows,Total,4.5,0.3578,UNDER
2026-09-02T23:29:13,2026-2027,3,union berlin vs schalke 04,2026-09-11,union berlin,schalke 04,yellows,Total,5.5,0.2129,UNDER
2026-09-02T23:29:13,2026-2027,3,union berlin vs schalke 04,2026-09-11,union berlin,schalke 04,yellows,Total,6.5,0.1152,UNDER
2026-09-02T23:29:13,2026-2027,3,union berlin vs schalke 04,2026-09-11,union berlin,schalke 04,yellows,Local,1.5,0.5993,OVER
2026-09-02T23:29:13,2026-2027,3,union berlin vs schalke 04,2026-09-11,union berlin,schalke 04,yellows,Local,2.5,0.3054,UNDER
2026-09-02T23:29:13,2026-2027,3,union berlin vs schalke 04,2026-09-11,union berlin,schalke 04,yellows,Visitante,1.5,0.619,OVER
2026-09-02T23:29:13,2026-2027,3,union berlin vs schalke 04,2026-09-11,union berlin,schalke 04,yellows,Visitante,2.5,0.3241,UNDER
2026-09-02T23:29:13,2026-2027,3,union berlin vs schalke 04,2026-09-11,union berlin,schalke 04,fouls,Total,19.5,0.707,OVER
2026-09-02T23:29:13,2026-2027,3,union berlin vs schalke 04,2026-09-11,union berlin,schalke 04,fouls,Total,21.5,0.5628,OVER
2026-09-02T23:29:13,2026-2027,3,union berlin vs schalke 04,2026-09-11,union berlin,schalke 04,fouls,Total,23.5,0.4127,UNDER
2026-09-02T23:29:13,2026-2027,3,union berlin vs schalke 04,2026-09-11,union berlin,schalke 04,fouls,Total,25.5,0.2802,UNDER
2026-09-02T23:29:13,2026-2027,3,union berlin vs schalke 04,2026-09-11,union berlin,schalke 04,shots,Total,20.5,0.8337,OVER
2026-09-02T23:29:13,2026-2027,3,union berlin vs schalke 04,2026-09-11,union berlin,schalke 04,shots,Total,22.5,0.7277,OVER
2026-09-02T23:29:13,2026-2027,3,union berlin vs schalke 04,2026-09-11,union berlin,schalke 04,shots,Total,24.5,0.5911,OVER
2026-09-02T23:29:13,2026-2027,3,union berlin vs schalke 04,2026-09-11,union berlin,schalke 04,shots,Total,26.5,0.4415,UNDER
2026-09-02T23:29:13,2026-2027,3,union berlin vs schalke 04,2026-09-11,union berlin,schalke 04,shots,Local,9.5,0.8908,OVER
2026-09-02T23:29:13,2026-2027,3,union berlin vs schalke 04,2026-09-11,union berlin,schalke 04,shots,Local,11.5,0.7714,OVER
2026-09-02T23:29:13,2026-2027,3,union berlin vs schalke 04,2026-09-11,union berlin,schalke 04,shots,Local,13.5,0.6185,OVER
2026-09-02T23:29:13,2026-2027,3,union berlin vs schalke 04,2026-09-11,union berlin,schalke 04,shots,Visitante,9.5,0.6045,OVER
2026-09-02T23:29:13,2026-2027,3,union berlin vs schalke 04,2026-09-11,union berlin,schalke 04,shots,Visitante,11.5,0.4101,UNDER
2026-09-02T23:29:13,2026-2027,3,union berlin vs schalke 04,2026-09-11,union berlin,schalke 04,shots,Visitante,13.5,0.2508,UNDER
2026-09-02T23:29:13,2026-2027,3,union berlin vs schalke 04,2026-09-11,union berlin,schalke 04,sot,Total,6.5,0.8204,OVER
2026-09-02T23:29:13,2026-2027,3,union berlin vs schalke 04,2026-09-11,union berlin,schalke 04,sot,Total,7.5,0.7125,OVER
2026-09-02T23:29:13,2026-2027,3,union berlin vs schalke 04,2026-09-11,union berlin,schalke 04,sot,Total,8.5,0.5853,OVER
2026-09-02T23:29:13,2026-2027,3,union berlin vs schalke 04,2026-09-11,union berlin,schalke 04,sot,Total,9.5,0.4558,UNDER
2026-09-02T23:29:13,2026-2027,3,union berlin vs schalke 04,2026-09-11,union berlin,schalke 04,booking_pts,Total,30.5,0.6033,OVER
2026-09-02T23:29:13,2026-2027,3,union berlin vs schalke 04,2026-09-11,union berlin,schalke 04,booking_pts,Total,40.5,0.434,UNDER
2026-09-02T23:29:13,2026-2027,3,union berlin vs schalke 04,2026-09-11,union berlin,schalke 04,booking_pts,Total,50.5,0.289,UNDER
2026-09-02T23:29:13,2026-2027,4,venezia vs fiorentina,2026-09-11,venezia,fiorentina,1X2,Total,,0.3754,2
2026-09-02T23:29:13,2026-2027,4,venezia vs fiorentina,2026-09-11,venezia,fiorentina,Goles,Total,2.5,0.3896,UNDER
2026-09-02T23:29:13,2026-2027,4,venezia vs fiorentina,2026-09-11,venezia,fiorentina,corners,Total,7.5,0.6698,OVER
2026-09-02T23:29:13,2026-2027,4,venezia vs fiorentina,2026-09-11,venezia,fiorentina,corners,Total,8.5,0.5494,OVER
2026-09-02T23:29:13,2026-2027,4,venezia vs fiorentina,2026-09-11,venezia,fiorentina,corners,Total,9.5,0.4328,UNDER
2026-09-02T23:29:13,2026-2027,4,venezia vs fiorentina,2026-09-11,venezia,fiorentina,corners,Total,10.5,0.3174,UNDER
2026-09-02T23:29:13,2026-2027,4,venezia vs fiorentina,2026-09-11,venezia,fiorentina,corners,Total,11.5,0.2198,UNDER
2026-09-02T23:29:13,2026-2027,4,venezia vs fiorentina,2026-09-11,venezia,fiorentina,corners,Local,3.5,0.5746,OVER
2026-09-02T23:29:13,2026-2027,4,venezia vs fiorentina,2026-09-11,venezia,fiorentina,corners,Local,4.5,0.4093,UNDER
2026-09-02T23:29:13,2026-2027,4,venezia vs fiorentina,2026-09-11,venezia,fiorentina,corners,Local,5.5,0.2758,UNDER
2026-09-02T23:29:13,2026-2027,4,venezia vs fiorentina,2026-09-11,venezia,fiorentina,corners,Visitante,3.5,0.6531,OVER
2026-09-02T23:29:13,2026-2027,4,venezia vs fiorentina,2026-09-11,venezia,fiorentina,corners,Visitante,4.5,0.4912,UNDER
2026-09-02T23:29:13,2026-2027,4,venezia vs fiorentina,2026-09-11,venezia,fiorentina,corners,Visitante,5.5,0.3492,UNDER
2026-09-02T23:29:13,2026-2027,4,venezia vs fiorentina,2026-09-11,venezia,fiorentina,yellows,Total,2.5,0.7884,OVER
2026-09-02T23:29:13,2026-2027,4,venezia vs fiorentina,2026-09-11,venezia,fiorentina,yellows,Total,3.5,0.6132,OVER
2026-09-02T23:29:13,2026-2027,4,venezia vs fiorentina,2026-09-11,venezia,fiorentina,yellows,Total,4.5,0.4301,UNDER
2026-09-02T23:29:13,2026-2027,4,venezia vs fiorentina,2026-09-11,venezia,fiorentina,yellows,Total,5.5,0.2732,UNDER
2026-09-02T23:29:13,2026-2027,4,venezia vs fiorentina,2026-09-11,venezia,fiorentina,yellows,Total,6.5,0.1582,UNDER
2026-09-02T23:29:13,2026-2027,4,venezia vs fiorentina,2026-09-11,venezia,fiorentina,yellows,Local,1.5,0.6516,OVER
2026-09-02T23:29:13,2026-2027,4,venezia vs fiorentina,2026-09-11,venezia,fiorentina,yellows,Local,2.5,0.3568,UNDER
2026-09-02T23:29:13,2026-2027,4,venezia vs fiorentina,2026-09-11,venezia,fiorentina,yellows,Visitante,1.5,0.6809,OVER
2026-09-02T23:29:13,2026-2027,4,venezia vs fiorentina,2026-09-11,venezia,fiorentina,yellows,Visitante,2.5,0.3883,UNDER
2026-09-02T23:29:13,2026-2027,4,venezia vs fiorentina,2026-09-11,venezia,fiorentina,fouls,Total,19.5,0.9588,OVER
2026-09-02T23:29:13,2026-2027,4,venezia vs fiorentina,2026-09-11,venezia,fiorentina,fouls,Total,21.5,0.9109,OVER
2026-09-02T23:29:13,2026-2027,4,venezia vs fiorentina,2026-09-11,venezia,fiorentina,fouls,Total,23.5,0.8253,OVER
2026-09-02T23:29:13,2026-2027,4,venezia vs fiorentina,2026-09-11,venezia,fiorentina,fouls,Total,25.5,0.7117,OVER
2026-09-02T23:29:13,2026-2027,4,venezia vs fiorentina,2026-09-11,venezia,fiorentina,shots,Total,20.5,0.8148,OVER
2026-09-02T23:29:13,2026-2027,4,venezia vs fiorentina,2026-09-11,venezia,fiorentina,shots,Total,22.5,0.7022,OVER
2026-09-02T23:29:13,2026-2027,4,venezia vs fiorentina,2026-09-11,venezia,fiorentina,shots,Total,24.5,0.5623,OVER
2026-09-02T23:29:13,2026-2027,4,venezia vs fiorentina,2026-09-11,venezia,fiorentina,shots,Total,26.5,0.4136,UNDER
2026-09-02T23:29:13,2026-2027,4,venezia vs fiorentina,2026-09-11,venezia,fiorentina,shots,Local,9.5,0.821,OVER
2026-09-02T23:29:13,2026-2027,4,venezia vs fiorentina,2026-09-11,venezia,fiorentina,shots,Local,11.5,0.6655,OVER
2026-09-02T23:29:13,2026-2027,4,venezia vs fiorentina,2026-09-11,venezia,fiorentina,shots,Local,13.5,0.4926,UNDER
2026-09-02T23:29:13,2026-2027,4,venezia vs fiorentina,2026-09-11,venezia,fiorentina,shots,Visitante,9.5,0.698,OVER
2026-09-02T23:29:13,2026-2027,4,venezia vs fiorentina,2026-09-11,venezia,fiorentina,shots,Visitante,11.5,0.5099,OVER
2026-09-02T23:29:13,2026-2027,4,venezia vs fiorentina,2026-09-11,venezia,fiorentina,shots,Visitante,13.5,0.3365,UNDER
2026-09-02T23:29:13,2026-2027,4,venezia vs fiorentina,2026-09-11,venezia,fiorentina,sot,Total,6.5,0.6808,OVER
2026-09-02T23:29:13,2026-2027,4,venezia vs fiorentina,2026-09-11,venezia,fiorentina,sot,Total,7.5,0.5464,OVER
2026-09-02T23:29:13,2026-2027,4,venezia vs fiorentina,2026-09-11,venezia,fiorentina,sot,Total,8.5,0.413,UNDER
2026-09-02T23:29:13,2026-2027,4,venezia vs fiorentina,2026-09-11,venezia,fiorentina,sot,Total,9.5,0.293,UNDER
2026-09-02T23:29:13,2026-2027,4,venezia vs fiorentina,2026-09-11,venezia,fiorentina,booking_pts,Total,30.5,0.6894,OVER
2026-09-02T23:29:13,2026-2027,4,venezia vs fiorentina,2026-09-11,venezia,fiorentina,booking_pts,Total,40.5,0.5321,OVER
2026-09-02T23:29:13,2026-2027,4,venezia vs fiorentina,2026-09-11,venezia,fiorentina,booking_pts,Total,50.5,0.3835,UNDER
2026-09-02T23:29:13,2026-2027,4,rennes vs marseille,2026-09-11,rennes,marseille,1X2,Total,,0.3948,2
2026-09-02T23:29:13,2026-2027,4,rennes vs marseille,2026-09-11,rennes,marseille,Goles,Total,2.5,0.5761,OVER
2026-09-02T23:29:13,2026-2027,4,rennes vs marseille,2026-09-11,rennes,marseille,corners,Total,7.5,0.7051,OVER
2026-09-02T23:29:13,2026-2027,4,rennes vs marseille,2026-09-11,rennes,marseille,corners,Total,8.5,0.5892,OVER
2026-09-02T23:29:13,2026-2027,4,rennes vs marseille,2026-09-11,rennes,marseille,corners,Total,9.5,0.4703,UNDER
2026-09-02T23:29:13,2026-2027,4,rennes vs marseille,2026-09-11,rennes,marseille,corners,Total,10.5,0.3522,UNDER
2026-09-02T23:29:13,2026-2027,4,rennes vs marseille,2026-09-11,rennes,marseille,corners,Total,11.5,0.2498,UNDER
2026-09-02T23:29:13,2026-2027,4,rennes vs marseille,2026-09-11,rennes,marseille,corners,Local,3.5,0.6663,OVER
2026-09-02T23:29:13,2026-2027,4,rennes vs marseille,2026-09-11,rennes,marseille,corners,Local,4.5,0.5058,OVER
2026-09-02T23:29:13,2026-2027,4,rennes vs marseille,2026-09-11,rennes,marseille,corners,Local,5.5,0.3629,UNDER
2026-09-02T23:29:13,2026-2027,4,rennes vs marseille,2026-09-11,rennes,marseille,corners,Visitante,3.5,0.6173,OVER
2026-09-02T23:29:13,2026-2027,4,rennes vs marseille,2026-09-11,rennes,marseille,corners,Visitante,4.5,0.4529,UNDER
2026-09-02T23:29:13,2026-2027,4,rennes vs marseille,2026-09-11,rennes,marseille,corners,Visitante,5.5,0.3141,UNDER
2026-09-02T23:29:13,2026-2027,4,rennes vs marseille,2026-09-11,rennes,marseille,yellows,Total,2.5,0.773,OVER
2026-09-02T23:29:13,2026-2027,4,rennes vs marseille,2026-09-11,rennes,marseille,yellows,Total,3.5,0.5922,OVER
2026-09-02T23:29:13,2026-2027,4,rennes vs marseille,2026-09-11,rennes,marseille,yellows,Total,4.5,0.4082,UNDER
2026-09-02T23:29:13,2026-2027,4,rennes vs marseille,2026-09-11,rennes,marseille,yellows,Total,5.5,0.2544,UNDER
2026-09-02T23:29:13,2026-2027,4,rennes vs marseille,2026-09-11,rennes,marseille,yellows,Total,6.5,0.1445,UNDER
2026-09-02T23:29:13,2026-2027,4,rennes vs marseille,2026-09-11,rennes,marseille,yellows,Local,1.5,0.5627,OVER
2026-09-02T23:29:13,2026-2027,4,rennes vs marseille,2026-09-11,rennes,marseille,yellows,Local,2.5,0.2726,UNDER
2026-09-02T23:29:13,2026-2027,4,rennes vs marseille,2026-09-11,rennes,marseille,yellows,Visitante,1.5,0.7228,OVER
2026-09-02T23:29:13,2026-2027,4,rennes vs marseille,2026-09-11,rennes,marseille,yellows,Visitante,2.5,0.4368,UNDER
2026-09-02T23:29:13,2026-2027,4,rennes vs marseille,2026-09-11,rennes,marseille,fouls,Total,19.5,0.853,OVER
2026-09-02T23:29:13,2026-2027,4,rennes vs marseille,2026-09-11,rennes,marseille,fouls,Total,21.5,0.732,OVER
2026-09-02T23:29:13,2026-2027,4,rennes vs marseille,2026-09-11,rennes,marseille,fouls,Total,23.5,0.5721,OVER
2026-09-02T23:29:13,2026-2027,4,rennes vs marseille,2026-09-11,rennes,marseille,fouls,Total,25.5,0.4082,UNDER
2026-09-02T23:29:13,2026-2027,4,rennes vs marseille,2026-09-11,rennes,marseille,shots,Total,20.5,0.9068,OVER
2026-09-02T23:29:13,2026-2027,4,rennes vs marseille,2026-09-11,rennes,marseille,shots,Total,22.5,0.8339,OVER
2026-09-02T23:29:13,2026-2027,4,rennes vs marseille,2026-09-11,rennes,marseille,shots,Total,24.5,0.7212,OVER
2026-09-02T23:29:13,2026-2027,4,rennes vs marseille,2026-09-11,rennes,marseille,shots,Total,26.5,0.5786,OVER
2026-09-02T23:29:13,2026-2027,4,rennes vs marseille,2026-09-11,rennes,marseille,shots,Local,9.5,0.8363,OVER
2026-09-02T23:29:13,2026-2027,4,rennes vs marseille,2026-09-11,rennes,marseille,shots,Local,11.5,0.6874,OVER
2026-09-02T23:29:13,2026-2027,4,rennes vs marseille,2026-09-11,rennes,marseille,shots,Local,13.5,0.5171,OVER
2026-09-02T23:29:13,2026-2027,4,rennes vs marseille,2026-09-11,rennes,marseille,shots,Visitante,9.5,0.8563,OVER
2026-09-02T23:29:13,2026-2027,4,rennes vs marseille,2026-09-11,rennes,marseille,shots,Visitante,11.5,0.717,OVER
2026-09-02T23:29:13,2026-2027,4,rennes vs marseille,2026-09-11,rennes,marseille,shots,Visitante,13.5,0.5515,OVER
2026-09-02T23:29:13,2026-2027,4,rennes vs marseille,2026-09-11,rennes,marseille,sot,Total,6.5,0.8221,OVER
2026-09-02T23:29:13,2026-2027,4,rennes vs marseille,2026-09-11,rennes,marseille,sot,Total,7.5,0.7146,OVER
2026-09-02T23:29:13,2026-2027,4,rennes vs marseille,2026-09-11,rennes,marseille,sot,Total,8.5,0.5877,OVER
2026-09-02T23:29:13,2026-2027,4,rennes vs marseille,2026-09-11,rennes,marseille,sot,Total,9.5,0.4582,UNDER
2026-09-02T23:29:13,2026-2027,4,rennes vs marseille,2026-09-11,rennes,marseille,booking_pts,Total,30.5,0.6789,OVER
2026-09-02T23:29:13,2026-2027,4,rennes vs marseille,2026-09-11,rennes,marseille,booking_pts,Total,40.5,0.5219,OVER
2026-09-02T23:29:13,2026-2027,4,rennes vs marseille,2026-09-11,rennes,marseille,booking_pts,Total,50.5,0.3751,UNDER
2026-09-02T23:29:13,2026-2027,4,sassuolo vs juventus,2026-09-12,sassuolo,juventus,1X2,Total,,0.533,2
2026-09-02T23:29:13,2026-2027,4,sassuolo vs juventus,2026-09-12,sassuolo,juventus,Goles,Total,2.5,0.4982,UNDER
2026-09-02T23:29:13,2026-2027,4,sassuolo vs juventus,2026-09-12,sassuolo,juventus,corners,Total,7.5,0.6964,OVER
2026-09-02T23:29:13,2026-2027,4,sassuolo vs juventus,2026-09-12,sassuolo,juventus,corners,Total,8.5,0.5793,OVER
2026-09-02T23:29:13,2026-2027,4,sassuolo vs juventus,2026-09-12,sassuolo,juventus,corners,Total,9.5,0.4609,UNDER
2026-09-02T23:29:13,2026-2027,4,sassuolo vs juventus,2026-09-12,sassuolo,juventus,corners,Total,10.5,0.3434,UNDER
2026-09-02T23:29:13,2026-2027,4,sassuolo vs juventus,2026-09-12,sassuolo,juventus,corners,Total,11.5,0.2421,UNDER
2026-09-02T23:29:13,2026-2027,4,sassuolo vs juventus,2026-09-12,sassuolo,juventus,corners,Local,3.5,0.538,OVER
2026-09-02T23:29:13,2026-2027,4,sassuolo vs juventus,2026-09-12,sassuolo,juventus,corners,Local,4.5,0.3734,UNDER
2026-09-02T23:29:13,2026-2027,4,sassuolo vs juventus,2026-09-12,sassuolo,juventus,corners,Local,5.5,0.2455,UNDER
2026-09-02T23:29:13,2026-2027,4,sassuolo vs juventus,2026-09-12,sassuolo,juventus,corners,Visitante,3.5,0.7186,OVER
2026-09-02T23:29:13,2026-2027,4,sassuolo vs juventus,2026-09-12,sassuolo,juventus,corners,Visitante,4.5,0.5657,OVER
2026-09-02T23:29:13,2026-2027,4,sassuolo vs juventus,2026-09-12,sassuolo,juventus,corners,Visitante,5.5,0.4211,UNDER
2026-09-02T23:29:13,2026-2027,4,sassuolo vs juventus,2026-09-12,sassuolo,juventus,yellows,Total,2.5,0.7186,OVER
2026-09-02T23:29:13,2026-2027,4,sassuolo vs juventus,2026-09-12,sassuolo,juventus,yellows,Total,3.5,0.5226,OVER
2026-09-02T23:29:13,2026-2027,4,sassuolo vs juventus,2026-09-12,sassuolo,juventus,yellows,Total,4.5,0.3393,UNDER
2026-09-02T23:29:13,2026-2027,4,sassuolo vs juventus,2026-09-12,sassuolo,juventus,yellows,Total,5.5,0.1984,UNDER
2026-09-02T23:29:13,2026-2027,4,sassuolo vs juventus,2026-09-12,sassuolo,juventus,yellows,Total,6.5,0.1054,UNDER
2026-09-02T23:29:13,2026-2027,4,sassuolo vs juventus,2026-09-12,sassuolo,juventus,yellows,Local,1.5,0.6001,OVER
2026-09-02T23:29:13,2026-2027,4,sassuolo vs juventus,2026-09-12,sassuolo,juventus,yellows,Local,2.5,0.3062,UNDER
2026-09-02T23:29:13,2026-2027,4,sassuolo vs juventus,2026-09-12,sassuolo,juventus,yellows,Visitante,1.5,0.5869,OVER
2026-09-02T23:29:13,2026-2027,4,sassuolo vs juventus,2026-09-12,sassuolo,juventus,yellows,Visitante,2.5,0.294,UNDER
2026-09-02T23:29:13,2026-2027,4,sassuolo vs juventus,2026-09-12,sassuolo,juventus,fouls,Total,19.5,0.7515,OVER
2026-09-02T23:29:13,2026-2027,4,sassuolo vs juventus,2026-09-12,sassuolo,juventus,fouls,Total,21.5,0.6038,OVER
2026-09-02T23:29:13,2026-2027,4,sassuolo vs juventus,2026-09-12,sassuolo,juventus,fouls,Total,23.5,0.4413,UNDER
2026-09-02T23:29:13,2026-2027,4,sassuolo vs juventus,2026-09-12,sassuolo,juventus,fouls,Total,25.5,0.2948,UNDER
2026-09-02T23:29:13,2026-2027,4,sassuolo vs juventus,2026-09-12,sassuolo,juventus,shots,Total,20.5,0.8763,OVER
2026-09-02T23:29:13,2026-2027,4,sassuolo vs juventus,2026-09-12,sassuolo,juventus,shots,Total,22.5,0.7881,OVER
2026-09-02T23:29:13,2026-2027,4,sassuolo vs juventus,2026-09-12,sassuolo,juventus,shots,Total,24.5,0.6628,OVER
2026-09-02T23:29:13,2026-2027,4,sassuolo vs juventus,2026-09-12,sassuolo,juventus,shots,Total,26.5,0.5147,OVER
2026-09-02T23:29:13,2026-2027,4,sassuolo vs juventus,2026-09-12,sassuolo,juventus,shots,Local,9.5,0.6204,OVER
2026-09-02T23:29:13,2026-2027,4,sassuolo vs juventus,2026-09-12,sassuolo,juventus,shots,Local,11.5,0.4261,UNDER
2026-09-02T23:29:13,2026-2027,4,sassuolo vs juventus,2026-09-12,sassuolo,juventus,shots,Local,13.5,0.2639,UNDER
2026-09-02T23:29:13,2026-2027,4,sassuolo vs juventus,2026-09-12,sassuolo,juventus,shots,Visitante,9.5,0.9242,OVER
2026-09-02T23:29:13,2026-2027,4,sassuolo vs juventus,2026-09-12,sassuolo,juventus,shots,Visitante,11.5,0.8289,OVER
2026-09-02T23:29:13,2026-2027,4,sassuolo vs juventus,2026-09-12,sassuolo,juventus,shots,Visitante,13.5,0.6956,OVER
2026-09-02T23:29:13,2026-2027,4,sassuolo vs juventus,2026-09-12,sassuolo,juventus,sot,Total,6.5,0.7597,OVER
2026-09-02T23:29:13,2026-2027,4,sassuolo vs juventus,2026-09-12,sassuolo,juventus,sot,Total,7.5,0.637,OVER
2026-09-02T23:29:13,2026-2027,4,sassuolo vs juventus,2026-09-12,sassuolo,juventus,sot,Total,8.5,0.5037,OVER
2026-09-02T23:29:13,2026-2027,4,sassuolo vs juventus,2026-09-12,sassuolo,juventus,sot,Total,9.5,0.3758,UNDER
2026-09-02T23:29:13,2026-2027,4,sassuolo vs juventus,2026-09-12,sassuolo,juventus,booking_pts,Total,30.5,0.6162,OVER
2026-09-02T23:29:13,2026-2027,4,sassuolo vs juventus,2026-09-12,sassuolo,juventus,booking_pts,Total,40.5,0.4538,UNDER
2026-09-02T23:29:13,2026-2027,4,sassuolo vs juventus,2026-09-12,sassuolo,juventus,booking_pts,Total,50.5,0.3116,UNDER
2026-09-02T23:29:13,2026-2027,4,genoa vs frosinone,2026-09-12,genoa,frosinone,1X2,Total,,0.4875,1
2026-09-02T23:29:13,2026-2027,4,genoa vs frosinone,2026-09-12,genoa,frosinone,Goles,Total,2.5,0.4324,UNDER
2026-09-02T23:29:13,2026-2027,4,genoa vs frosinone,2026-09-12,genoa,frosinone,corners,Total,7.5,0.7341,OVER
2026-09-02T23:29:13,2026-2027,4,genoa vs frosinone,2026-09-12,genoa,frosinone,corners,Total,8.5,0.6228,OVER
2026-09-02T23:29:13,2026-2027,4,genoa vs frosinone,2026-09-12,genoa,frosinone,corners,Total,9.5,0.503,OVER
2026-09-02T23:29:13,2026-2027,4,genoa vs frosinone,2026-09-12,genoa,frosinone,corners,Total,10.5,0.3832,UNDER
2026-09-02T23:29:13,2026-2027,4,genoa vs frosinone,2026-09-12,genoa,frosinone,corners,Total,11.5,0.2773,UNDER
2026-09-02T23:29:13,2026-2027,4,genoa vs frosinone,2026-09-12,genoa,frosinone,corners,Local,3.5,0.6862,OVER
2026-09-02T23:29:13,2026-2027,4,genoa vs frosinone,2026-09-12,genoa,frosinone,corners,Local,4.5,0.5281,OVER
2026-09-02T23:29:13,2026-2027,4,genoa vs frosinone,2026-09-12,genoa,frosinone,corners,Local,5.5,0.3842,UNDER
2026-09-02T23:29:13,2026-2027,4,genoa vs frosinone,2026-09-12,genoa,frosinone,corners,Visitante,3.5,0.6435,OVER
2026-09-02T23:29:13,2026-2027,4,genoa vs frosinone,2026-09-12,genoa,frosinone,corners,Visitante,4.5,0.4808,UNDER
2026-09-02T23:29:13,2026-2027,4,genoa vs frosinone,2026-09-12,genoa,frosinone,corners,Visitante,5.5,0.3395,UNDER
2026-09-02T23:29:13,2026-2027,4,genoa vs frosinone,2026-09-12,genoa,frosinone,yellows,Total,2.5,0.7356,OVER
2026-09-02T23:29:13,2026-2027,4,genoa vs frosinone,2026-09-12,genoa,frosinone,yellows,Total,3.5,0.5437,OVER
2026-09-02T23:29:13,2026-2027,4,genoa vs frosinone,2026-09-12,genoa,frosinone,yellows,Total,4.5,0.3596,UNDER
2026-09-02T23:29:13,2026-2027,4,genoa vs frosinone,2026-09-12,genoa,frosinone,yellows,Total,5.5,0.2144,UNDER
2026-09-02T23:29:13,2026-2027,4,genoa vs frosinone,2026-09-12,genoa,frosinone,yellows,Total,6.5,0.1162,UNDER
2026-09-02T23:29:13,2026-2027,4,genoa vs frosinone,2026-09-12,genoa,frosinone,yellows,Local,1.5,0.5412,OVER
2026-09-02T23:29:13,2026-2027,4,genoa vs frosinone,2026-09-12,genoa,frosinone,yellows,Local,2.5,0.2544,UNDER
2026-09-02T23:29:13,2026-2027,4,genoa vs frosinone,2026-09-12,genoa,frosinone,yellows,Visitante,1.5,0.6723,OVER
2026-09-02T23:29:13,2026-2027,4,genoa vs frosinone,2026-09-12,genoa,frosinone,yellows,Visitante,2.5,0.3788,UNDER
2026-09-02T23:29:13,2026-2027,4,genoa vs frosinone,2026-09-12,genoa,frosinone,fouls,Total,19.5,0.8621,OVER
2026-09-02T23:29:13,2026-2027,4,genoa vs frosinone,2026-09-12,genoa,frosinone,fouls,Total,21.5,0.7527,OVER
2026-09-02T23:29:13,2026-2027,4,genoa vs frosinone,2026-09-12,genoa,frosinone,fouls,Total,23.5,0.6057,OVER
2026-09-02T23:29:13,2026-2027,4,genoa vs frosinone,2026-09-12,genoa,frosinone,fouls,Total,25.5,0.4513,UNDER
2026-09-02T23:29:13,2026-2027,4,genoa vs frosinone,2026-09-12,genoa,frosinone,shots,Total,20.5,0.8145,OVER
2026-09-02T23:29:13,2026-2027,4,genoa vs frosinone,2026-09-12,genoa,frosinone,shots,Total,22.5,0.7018,OVER
2026-09-02T23:29:13,2026-2027,4,genoa vs frosinone,2026-09-12,genoa,frosinone,shots,Total,24.5,0.5619,OVER
2026-09-02T23:29:13,2026-2027,4,genoa vs frosinone,2026-09-12,genoa,frosinone,shots,Total,26.5,0.4132,UNDER
2026-09-02T23:29:13,2026-2027,4,genoa vs frosinone,2026-09-12,genoa,frosinone,shots,Local,9.5,0.8495,OVER
2026-09-02T23:29:13,2026-2027,4,genoa vs frosinone,2026-09-12,genoa,frosinone,shots,Local,11.5,0.7069,OVER
2026-09-02T23:29:13,2026-2027,4,genoa vs frosinone,2026-09-12,genoa,frosinone,shots,Local,13.5,0.5396,OVER
2026-09-02T23:29:13,2026-2027,4,genoa vs frosinone,2026-09-12,genoa,frosinone,shots,Visitante,9.5,0.6506,OVER
2026-09-02T23:29:13,2026-2027,4,genoa vs frosinone,2026-09-12,genoa,frosinone,shots,Visitante,11.5,0.4576,UNDER
2026-09-02T23:29:13,2026-2027,4,genoa vs frosinone,2026-09-12,genoa,frosinone,shots,Visitante,13.5,0.2903,UNDER
2026-09-02T23:29:13,2026-2027,4,genoa vs frosinone,2026-09-12,genoa,frosinone,sot,Total,6.5,0.6885,OVER
2026-09-02T23:29:13,2026-2027,4,genoa vs frosinone,2026-09-12,genoa,frosinone,sot,Total,7.5,0.5549,OVER
2026-09-02T23:29:13,2026-2027,4,genoa vs frosinone,2026-09-12,genoa,frosinone,sot,Total,8.5,0.4212,UNDER
2026-09-02T23:29:13,2026-2027,4,genoa vs frosinone,2026-09-12,genoa,frosinone,sot,Total,9.5,0.3003,UNDER
2026-09-02T23:29:13,2026-2027,4,genoa vs frosinone,2026-09-12,genoa,frosinone,booking_pts,Total,30.5,0.6334,OVER
2026-09-02T23:29:13,2026-2027,4,genoa vs frosinone,2026-09-12,genoa,frosinone,booking_pts,Total,40.5,0.4716,UNDER
2026-09-02T23:29:13,2026-2027,4,genoa vs frosinone,2026-09-12,genoa,frosinone,booking_pts,Total,50.5,0.3275,UNDER
2026-09-02T23:29:13,2026-2027,3,freiburg vs m gladbach,2026-09-12,freiburg,m gladbach,1X2,Total,,0.4384,1
2026-09-02T23:29:13,2026-2027,3,freiburg vs m gladbach,2026-09-12,freiburg,m gladbach,Goles,Total,2.5,0.4964,UNDER
2026-09-02T23:29:13,2026-2027,3,freiburg vs m gladbach,2026-09-12,freiburg,m gladbach,corners,Total,7.5,0.6046,OVER
2026-09-02T23:29:13,2026-2027,3,freiburg vs m gladbach,2026-09-12,freiburg,m gladbach,corners,Total,8.5,0.4788,UNDER
2026-09-02T23:29:13,2026-2027,3,freiburg vs m gladbach,2026-09-12,freiburg,m gladbach,corners,Total,9.5,0.3686,UNDER
2026-09-02T23:29:13,2026-2027,3,freiburg vs m gladbach,2026-09-12,freiburg,m gladbach,corners,Total,10.5,0.2602,UNDER
2026-09-02T23:29:13,2026-2027,3,freiburg vs m gladbach,2026-09-12,freiburg,m gladbach,corners,Total,11.5,0.1725,UNDER
2026-09-02T23:29:13,2026-2027,3,freiburg vs m gladbach,2026-09-12,freiburg,m gladbach,corners,Local,3.5,0.654,OVER
2026-09-02T23:29:13,2026-2027,3,freiburg vs m gladbach,2026-09-12,freiburg,m gladbach,corners,Local,4.5,0.4922,UNDER
2026-09-02T23:29:13,2026-2027,3,freiburg vs m gladbach,2026-09-12,freiburg,m gladbach,corners,Local,5.5,0.3501,UNDER
2026-09-02T23:29:13,2026-2027,3,freiburg vs m gladbach,2026-09-12,freiburg,m gladbach,corners,Visitante,3.5,0.4674,UNDER
2026-09-02T23:29:13,2026-2027,3,freiburg vs m gladbach,2026-09-12,freiburg,m gladbach,corners,Visitante,4.5,0.3083,UNDER
2026-09-02T23:29:13,2026-2027,3,freiburg vs m gladbach,2026-09-12,freiburg,m gladbach,corners,Visitante,5.5,0.1932,UNDER
2026-09-02T23:29:13,2026-2027,3,freiburg vs m gladbach,2026-09-12,freiburg,m gladbach,yellows,Total,2.5,0.7194,OVER
2026-09-02T23:29:13,2026-2027,3,freiburg vs m gladbach,2026-09-12,freiburg,m gladbach,yellows,Total,3.5,0.5234,OVER
2026-09-02T23:29:13,2026-2027,3,freiburg vs m gladbach,2026-09-12,freiburg,m gladbach,yellows,Total,4.5,0.3402,UNDER
2026-09-02T23:29:13,2026-2027,3,freiburg vs m gladbach,2026-09-12,freiburg,m gladbach,yellows,Total,5.5,0.199,UNDER
2026-09-02T23:29:13,2026-2027,3,freiburg vs m gladbach,2026-09-12,freiburg,m gladbach,yellows,Total,6.5,0.1058,UNDER
2026-09-02T23:29:13,2026-2027,3,freiburg vs m gladbach,2026-09-12,freiburg,m gladbach,yellows,Local,1.5,0.5563,OVER
2026-09-02T23:29:13,2026-2027,3,freiburg vs m gladbach,2026-09-12,freiburg,m gladbach,yellows,Local,2.5,0.2671,UNDER
2026-09-02T23:29:13,2026-2027,3,freiburg vs m gladbach,2026-09-12,freiburg,m gladbach,yellows,Visitante,1.5,0.6299,OVER
2026-09-02T23:29:13,2026-2027,3,freiburg vs m gladbach,2026-09-12,freiburg,m gladbach,yellows,Visitante,2.5,0.3348,UNDER
2026-09-02T23:29:13,2026-2027,3,freiburg vs m gladbach,2026-09-12,freiburg,m gladbach,fouls,Total,19.5,0.6065,OVER
2026-09-02T23:29:13,2026-2027,3,freiburg vs m gladbach,2026-09-12,freiburg,m gladbach,fouls,Total,21.5,0.4531,UNDER
2026-09-02T23:29:13,2026-2027,3,freiburg vs m gladbach,2026-09-12,freiburg,m gladbach,fouls,Total,23.5,0.3125,UNDER
2026-09-02T23:29:13,2026-2027,3,freiburg vs m gladbach,2026-09-12,freiburg,m gladbach,fouls,Total,25.5,0.1984,UNDER
2026-09-02T23:29:13,2026-2027,3,freiburg vs m gladbach,2026-09-12,freiburg,m gladbach,shots,Total,20.5,0.7986,OVER
2026-09-02T23:29:13,2026-2027,3,freiburg vs m gladbach,2026-09-12,freiburg,m gladbach,shots,Total,22.5,0.6806,OVER
2026-09-02T23:29:13,2026-2027,3,freiburg vs m gladbach,2026-09-12,freiburg,m gladbach,shots,Total,24.5,0.5386,OVER
2026-09-02T23:29:13,2026-2027,3,freiburg vs m gladbach,2026-09-12,freiburg,m gladbach,shots,Total,26.5,0.3912,UNDER
2026-09-02T23:29:13,2026-2027,3,freiburg vs m gladbach,2026-09-12,freiburg,m gladbach,shots,Local,9.5,0.8015,OVER
2026-09-02T23:29:13,2026-2027,3,freiburg vs m gladbach,2026-09-12,freiburg,m gladbach,shots,Local,11.5,0.6386,OVER
2026-09-02T23:29:13,2026-2027,3,freiburg vs m gladbach,2026-09-12,freiburg,m gladbach,shots,Local,13.5,0.4634,UNDER
2026-09-02T23:29:13,2026-2027,3,freiburg vs m gladbach,2026-09-12,freiburg,m gladbach,shots,Visitante,9.5,0.6949,OVER
2026-09-02T23:29:13,2026-2027,3,freiburg vs m gladbach,2026-09-12,freiburg,m gladbach,shots,Visitante,11.5,0.5064,OVER
2026-09-02T23:29:13,2026-2027,3,freiburg vs m gladbach,2026-09-12,freiburg,m gladbach,shots,Visitante,13.5,0.3333,UNDER
2026-09-02T23:29:13,2026-2027,3,freiburg vs m gladbach,2026-09-12,freiburg,m gladbach,sot,Total,6.5,0.8091,OVER
2026-09-02T23:29:13,2026-2027,3,freiburg vs m gladbach,2026-09-12,freiburg,m gladbach,sot,Total,7.5,0.6979,OVER
2026-09-02T23:29:13,2026-2027,3,freiburg vs m gladbach,2026-09-12,freiburg,m gladbach,sot,Total,8.5,0.5691,OVER
2026-09-02T23:29:13,2026-2027,3,freiburg vs m gladbach,2026-09-12,freiburg,m gladbach,sot,Total,9.5,0.4394,UNDER
2026-09-02T23:29:13,2026-2027,3,freiburg vs m gladbach,2026-09-12,freiburg,m gladbach,booking_pts,Total,30.5,0.5865,OVER
2026-09-02T23:29:13,2026-2027,3,freiburg vs m gladbach,2026-09-12,freiburg,m gladbach,booking_pts,Total,40.5,0.4171,UNDER
2026-09-02T23:29:13,2026-2027,3,freiburg vs m gladbach,2026-09-12,freiburg,m gladbach,booking_pts,Total,50.5,0.2745,UNDER
2026-09-02T23:29:13,2026-2027,3,hoffenheim vs stuttgart,2026-09-12,hoffenheim,stuttgart,1X2,Total,,0.4821,1
2026-09-02T23:29:13,2026-2027,3,hoffenheim vs stuttgart,2026-09-12,hoffenheim,stuttgart,Goles,Total,2.5,0.67,OVER
2026-09-02T23:29:13,2026-2027,3,hoffenheim vs stuttgart,2026-09-12,hoffenheim,stuttgart,corners,Total,7.5,0.7593,OVER
2026-09-02T23:29:13,2026-2027,3,hoffenheim vs stuttgart,2026-09-12,hoffenheim,stuttgart,corners,Total,8.5,0.6528,OVER
2026-09-02T23:29:13,2026-2027,3,hoffenheim vs stuttgart,2026-09-12,hoffenheim,stuttgart,corners,Total,9.5,0.5328,OVER
2026-09-02T23:29:13,2026-2027,3,hoffenheim vs stuttgart,2026-09-12,hoffenheim,stuttgart,corners,Total,10.5,0.4122,UNDER
2026-09-02T23:29:13,2026-2027,3,hoffenheim vs stuttgart,2026-09-12,hoffenheim,stuttgart,corners,Total,11.5,0.3035,UNDER
2026-09-02T23:29:13,2026-2027,3,hoffenheim vs stuttgart,2026-09-12,hoffenheim,stuttgart,corners,Local,3.5,0.7201,OVER
2026-09-02T23:29:13,2026-2027,3,hoffenheim vs stuttgart,2026-09-12,hoffenheim,stuttgart,corners,Local,4.5,0.5674,OVER
2026-09-02T23:29:13,2026-2027,3,hoffenheim vs stuttgart,2026-09-12,hoffenheim,stuttgart,corners,Local,5.5,0.4228,UNDER
2026-09-02T23:29:13,2026-2027,3,hoffenheim vs stuttgart,2026-09-12,hoffenheim,stuttgart,corners,Visitante,3.5,0.6486,OVER
2026-09-02T23:29:13,2026-2027,3,hoffenheim vs stuttgart,2026-09-12,hoffenheim,stuttgart,corners,Visitante,4.5,0.4863,UNDER
2026-09-02T23:29:13,2026-2027,3,hoffenheim vs stuttgart,2026-09-12,hoffenheim,stuttgart,corners,Visitante,5.5,0.3446,UNDER
2026-09-02T23:29:13,2026-2027,3,hoffenheim vs stuttgart,2026-09-12,hoffenheim,stuttgart,yellows,Total,2.5,0.7297,OVER
2026-09-02T23:29:13,2026-2027,3,hoffenheim vs stuttgart,2026-09-12,hoffenheim,stuttgart,yellows,Total,3.5,0.5362,OVER
2026-09-02T23:29:13,2026-2027,3,hoffenheim vs stuttgart,2026-09-12,hoffenheim,stuttgart,yellows,Total,4.5,0.3524,UNDER
2026-09-02T23:29:13,2026-2027,3,hoffenheim vs stuttgart,2026-09-12,hoffenheim,stuttgart,yellows,Total,5.5,0.2086,UNDER
2026-09-02T23:29:13,2026-2027,3,hoffenheim vs stuttgart,2026-09-12,hoffenheim,stuttgart,yellows,Total,6.5,0.1123,UNDER
2026-09-02T23:29:13,2026-2027,3,hoffenheim vs stuttgart,2026-09-12,hoffenheim,stuttgart,yellows,Local,1.5,0.6155,OVER
2026-09-02T23:29:13,2026-2027,3,hoffenheim vs stuttgart,2026-09-12,hoffenheim,stuttgart,yellows,Local,2.5,0.3207,UNDER
2026-09-02T23:29:13,2026-2027,3,hoffenheim vs stuttgart,2026-09-12,hoffenheim,stuttgart,yellows,Visitante,1.5,0.5938,OVER
2026-09-02T23:29:13,2026-2027,3,hoffenheim vs stuttgart,2026-09-12,hoffenheim,stuttgart,yellows,Visitante,2.5,0.3003,UNDER
2026-09-02T23:29:13,2026-2027,3,hoffenheim vs stuttgart,2026-09-12,hoffenheim,stuttgart,fouls,Total,19.5,0.6572,OVER
2026-09-02T23:29:13,2026-2027,3,hoffenheim vs stuttgart,2026-09-12,hoffenheim,stuttgart,fouls,Total,21.5,0.5068,OVER
2026-09-02T23:29:13,2026-2027,3,hoffenheim vs stuttgart,2026-09-12,hoffenheim,stuttgart,fouls,Total,23.5,0.3603,UNDER
2026-09-02T23:29:13,2026-2027,3,hoffenheim vs stuttgart,2026-09-12,hoffenheim,stuttgart,fouls,Total,25.5,0.2363,UNDER
2026-09-02T23:29:13,2026-2027,3,hoffenheim vs stuttgart,2026-09-12,hoffenheim,stuttgart,shots,Total,20.5,0.8711,OVER
2026-09-02T23:29:13,2026-2027,3,hoffenheim vs stuttgart,2026-09-12,hoffenheim,stuttgart,shots,Total,22.5,0.7805,OVER
2026-09-02T23:29:13,2026-2027,3,hoffenheim vs stuttgart,2026-09-12,hoffenheim,stuttgart,shots,Total,24.5,0.6534,OVER
2026-09-02T23:29:13,2026-2027,3,hoffenheim vs stuttgart,2026-09-12,hoffenheim,stuttgart,shots,Total,26.5,0.5048,OVER
2026-09-02T23:29:13,2026-2027,3,hoffenheim vs stuttgart,2026-09-12,hoffenheim,stuttgart,shots,Local,9.5,0.8773,OVER
2026-09-02T23:29:13,2026-2027,3,hoffenheim vs stuttgart,2026-09-12,hoffenheim,stuttgart,shots,Local,11.5,0.7496,OVER
2026-09-02T23:29:13,2026-2027,3,hoffenheim vs stuttgart,2026-09-12,hoffenheim,stuttgart,shots,Local,13.5,0.591,OVER
2026-09-02T23:29:13,2026-2027,3,hoffenheim vs stuttgart,2026-09-12,hoffenheim,stuttgart,shots,Visitante,9.5,0.7251,OVER
2026-09-02T23:29:13,2026-2027,3,hoffenheim vs stuttgart,2026-09-12,hoffenheim,stuttgart,shots,Visitante,11.5,0.5416,OVER
2026-09-02T23:29:13,2026-2027,3,hoffenheim vs stuttgart,2026-09-12,hoffenheim,stuttgart,shots,Visitante,13.5,0.3659,UNDER
2026-09-02T23:29:13,2026-2027,3,hoffenheim vs stuttgart,2026-09-12,hoffenheim,stuttgart,sot,Total,6.5,0.8868,OVER
2026-09-02T23:29:13,2026-2027,3,hoffenheim vs stuttgart,2026-09-12,hoffenheim,stuttgart,sot,Total,7.5,0.8028,OVER
2026-09-02T23:29:13,2026-2027,3,hoffenheim vs stuttgart,2026-09-12,hoffenheim,stuttgart,sot,Total,8.5,0.6922,OVER
2026-09-02T23:29:13,2026-2027,3,hoffenheim vs stuttgart,2026-09-12,hoffenheim,stuttgart,sot,Total,9.5,0.5693,OVER
2026-09-02T23:29:13,2026-2027,3,hoffenheim vs stuttgart,2026-09-12,hoffenheim,stuttgart,booking_pts,Total,30.5,0.5983,OVER
2026-09-02T23:29:13,2026-2027,3,hoffenheim vs stuttgart,2026-09-12,hoffenheim,stuttgart,booking_pts,Total,40.5,0.4289,UNDER
2026-09-02T23:29:13,2026-2027,3,hoffenheim vs stuttgart,2026-09-12,hoffenheim,stuttgart,booking_pts,Total,50.5,0.2846,UNDER
2026-09-02T23:29:13,2026-2027,3,dortmund vs paderborn,2026-09-12,dortmund,paderborn,1X2,Total,,0.8214,1
2026-09-02T23:29:13,2026-2027,3,dortmund vs paderborn,2026-09-12,dortmund,paderborn,Goles,Total,2.5,0.6621,OVER
2026-09-02T23:29:13,2026-2027,3,dortmund vs paderborn,2026-09-12,dortmund,paderborn,corners,Total,7.5,0.828,OVER
2026-09-02T23:29:13,2026-2027,3,dortmund vs paderborn,2026-09-12,dortmund,paderborn,corners,Total,8.5,0.7385,OVER
2026-09-02T23:29:13,2026-2027,3,dortmund vs paderborn,2026-09-12,dortmund,paderborn,corners,Total,9.5,0.6224,OVER
2026-09-02T23:29:13,2026-2027,3,dortmund vs paderborn,2026-09-12,dortmund,paderborn,corners,Total,10.5,0.5035,OVER
2026-09-02T23:29:13,2026-2027,3,dortmund vs paderborn,2026-09-12,dortmund,paderborn,corners,Total,11.5,0.39,UNDER
2026-09-02T23:29:13,2026-2027,3,dortmund vs paderborn,2026-09-12,dortmund,paderborn,corners,Local,3.5,0.9109,OVER
2026-09-02T23:29:13,2026-2027,3,dortmund vs paderborn,2026-09-12,dortmund,paderborn,corners,Local,4.5,0.8283,OVER
2026-09-02T23:29:13,2026-2027,3,dortmund vs paderborn,2026-09-12,dortmund,paderborn,corners,Local,5.5,0.7231,OVER
2026-09-02T23:29:13,2026-2027,3,dortmund vs paderborn,2026-09-12,dortmund,paderborn,corners,Visitante,3.5,0.4109,UNDER
2026-09-02T23:29:13,2026-2027,3,dortmund vs paderborn,2026-09-12,dortmund,paderborn,corners,Visitante,4.5,0.2597,UNDER
2026-09-02T23:29:13,2026-2027,3,dortmund vs paderborn,2026-09-12,dortmund,paderborn,corners,Visitante,5.5,0.1565,UNDER
2026-09-02T23:29:13,2026-2027,3,dortmund vs paderborn,2026-09-12,dortmund,paderborn,yellows,Total,2.5,0.6331,OVER
2026-09-02T23:29:13,2026-2027,3,dortmund vs paderborn,2026-09-12,dortmund,paderborn,yellows,Total,3.5,0.4239,UNDER
2026-09-02T23:29:13,2026-2027,3,dortmund vs paderborn,2026-09-12,dortmund,paderborn,yellows,Total,4.5,0.2513,UNDER
2026-09-02T23:29:13,2026-2027,3,dortmund vs paderborn,2026-09-12,dortmund,paderborn,yellows,Total,5.5,0.1334,UNDER
2026-09-02T23:29:13,2026-2027,3,dortmund vs paderborn,2026-09-12,dortmund,paderborn,yellows,Total,6.5,0.0643,UNDER
2026-09-02T23:29:13,2026-2027,3,dortmund vs paderborn,2026-09-12,dortmund,paderborn,yellows,Local,1.5,0.4031,UNDER
2026-09-02T23:29:13,2026-2027,3,dortmund vs paderborn,2026-09-12,dortmund,paderborn,yellows,Local,2.5,0.1545,UNDER
2026-09-02T23:29:13,2026-2027,3,dortmund vs paderborn,2026-09-12,dortmund,paderborn,yellows,Visitante,1.5,0.6059,OVER
2026-09-02T23:29:13,2026-2027,3,dortmund vs paderborn,2026-09-12,dortmund,paderborn,yellows,Visitante,2.5,0.3116,UNDER
2026-09-02T23:29:13,2026-2027,3,dortmund vs paderborn,2026-09-12,dortmund,paderborn,fouls,Total,19.5,0.4566,UNDER
2026-09-02T23:29:13,2026-2027,3,dortmund vs paderborn,2026-09-12,dortmund,paderborn,fouls,Total,21.5,0.3106,UNDER
2026-09-02T23:29:13,2026-2027,3,dortmund vs paderborn,2026-09-12,dortmund,paderborn,fouls,Total,23.5,0.1973,UNDER
2026-09-02T23:29:13,2026-2027,3,dortmund vs paderborn,2026-09-12,dortmund,paderborn,fouls,Total,25.5,0.1144,UNDER
2026-09-02T23:29:13,2026-2027,3,dortmund vs paderborn,2026-09-12,dortmund,paderborn,shots,Total,20.5,0.8531,OVER
2026-09-02T23:29:13,2026-2027,3,dortmund vs paderborn,2026-09-12,dortmund,paderborn,shots,Total,22.5,0.7548,OVER
2026-09-02T23:29:13,2026-2027,3,dortmund vs paderborn,2026-09-12,dortmund,paderborn,shots,Total,24.5,0.6226,OVER
2026-09-02T23:29:13,2026-2027,3,dortmund vs paderborn,2026-09-12,dortmund,paderborn,shots,Total,26.5,0.473,UNDER
2026-09-02T23:29:13,2026-2027,3,dortmund vs paderborn,2026-09-12,dortmund,paderborn,shots,Local,9.5,0.9589,OVER
2026-09-02T23:29:13,2026-2027,3,dortmund vs paderborn,2026-09-12,dortmund,paderborn,shots,Local,11.5,0.896,OVER
2026-09-02T23:29:13,2026-2027,3,dortmund vs paderborn,2026-09-12,dortmund,paderborn,shots,Local,13.5,0.7962,OVER
2026-09-02T23:29:13,2026-2027,3,dortmund vs paderborn,2026-09-12,dortmund,paderborn,shots,Visitante,9.5,0.3783,UNDER
2026-09-02T23:29:13,2026-2027,3,dortmund vs paderborn,2026-09-12,dortmund,paderborn,shots,Visitante,11.5,0.2147,UNDER
2026-09-02T23:29:13,2026-2027,3,dortmund vs paderborn,2026-09-12,dortmund,paderborn,shots,Visitante,13.5,0.1104,UNDER
2026-09-02T23:29:13,2026-2027,3,dortmund vs paderborn,2026-09-12,dortmund,paderborn,sot,Total,6.5,0.8433,OVER
2026-09-02T23:29:13,2026-2027,3,dortmund vs paderborn,2026-09-12,dortmund,paderborn,sot,Total,7.5,0.7425,OVER
2026-09-02T23:29:13,2026-2027,3,dortmund vs paderborn,2026-09-12,dortmund,paderborn,sot,Total,8.5,0.6197,OVER
2026-09-02T23:29:13,2026-2027,3,dortmund vs paderborn,2026-09-12,dortmund,paderborn,sot,Total,9.5,0.4911,UNDER
2026-09-02T23:29:13,2026-2027,3,dortmund vs paderborn,2026-09-12,dortmund,paderborn,booking_pts,Total,30.5,0.4995,UNDER
2026-09-02T23:29:13,2026-2027,3,dortmund vs paderborn,2026-09-12,dortmund,paderborn,booking_pts,Total,40.5,0.3345,UNDER
2026-09-02T23:29:13,2026-2027,3,dortmund vs paderborn,2026-09-12,dortmund,paderborn,booking_pts,Total,50.5,0.2072,UNDER
2026-09-02T23:29:13,2026-2027,3,mainz vs ein frankfurt,2026-09-12,mainz,ein frankfurt,1X2,Total,,0.6126,1
2026-09-02T23:29:13,2026-2027,3,mainz vs ein frankfurt,2026-09-12,mainz,ein frankfurt,Goles,Total,2.5,0.6281,OVER
2026-09-02T23:29:13,2026-2027,3,mainz vs ein frankfurt,2026-09-12,mainz,ein frankfurt,corners,Total,7.5,0.7336,OVER
2026-09-02T23:29:13,2026-2027,3,mainz vs ein frankfurt,2026-09-12,mainz,ein frankfurt,corners,Total,8.5,0.6223,OVER
2026-09-02T23:29:13,2026-2027,3,mainz vs ein frankfurt,2026-09-12,mainz,ein frankfurt,corners,Total,9.5,0.5024,OVER
2026-09-02T23:29:13,2026-2027,3,mainz vs ein frankfurt,2026-09-12,mainz,ein frankfurt,corners,Total,10.5,0.3827,UNDER
2026-09-02T23:29:13,2026-2027,3,mainz vs ein frankfurt,2026-09-12,mainz,ein frankfurt,corners,Total,11.5,0.2768,UNDER
2026-09-02T23:29:13,2026-2027,3,mainz vs ein frankfurt,2026-09-12,mainz,ein frankfurt,corners,Local,3.5,0.7659,OVER
2026-09-02T23:29:13,2026-2027,3,mainz vs ein frankfurt,2026-09-12,mainz,ein frankfurt,corners,Local,4.5,0.6235,OVER
2026-09-02T23:29:13,2026-2027,3,mainz vs ein frankfurt,2026-09-12,mainz,ein frankfurt,corners,Local,5.5,0.4806,UNDER
2026-09-02T23:29:13,2026-2027,3,mainz vs ein frankfurt,2026-09-12,mainz,ein frankfurt,corners,Visitante,3.5,0.5373,OVER
2026-09-02T23:29:13,2026-2027,3,mainz vs ein frankfurt,2026-09-12,mainz,ein frankfurt,corners,Visitante,4.5,0.3727,UNDER
2026-09-02T23:29:13,2026-2027,3,mainz vs ein frankfurt,2026-09-12,mainz,ein frankfurt,corners,Visitante,5.5,0.2449,UNDER
2026-09-02T23:29:13,2026-2027,3,mainz vs ein frankfurt,2026-09-12,mainz,ein frankfurt,yellows,Total,2.5,0.7307,OVER
2026-09-02T23:29:13,2026-2027,3,mainz vs ein frankfurt,2026-09-12,mainz,ein frankfurt,yellows,Total,3.5,0.5375,OVER
2026-09-02T23:29:13,2026-2027,3,mainz vs ein frankfurt,2026-09-12,mainz,ein frankfurt,yellows,Total,4.5,0.3536,UNDER
2026-09-02T23:29:13,2026-2027,3,mainz vs ein frankfurt,2026-09-12,mainz,ein frankfurt,yellows,Total,5.5,0.2096,UNDER
2026-09-02T23:29:13,2026-2027,3,mainz vs ein frankfurt,2026-09-12,mainz,ein frankfurt,yellows,Total,6.5,0.113,UNDER
2026-09-02T23:29:13,2026-2027,3,mainz vs ein frankfurt,2026-09-12,mainz,ein frankfurt,yellows,Local,1.5,0.5404,OVER
2026-09-02T23:29:13,2026-2027,3,mainz vs ein frankfurt,2026-09-12,mainz,ein frankfurt,yellows,Local,2.5,0.2538,UNDER
2026-09-02T23:29:13,2026-2027,3,mainz vs ein frankfurt,2026-09-12,mainz,ein frankfurt,yellows,Visitante,1.5,0.664,OVER
2026-09-02T23:29:13,2026-2027,3,mainz vs ein frankfurt,2026-09-12,mainz,ein frankfurt,yellows,Visitante,2.5,0.3698,UNDER
2026-09-02T23:29:13,2026-2027,3,mainz vs ein frankfurt,2026-09-12,mainz,ein frankfurt,fouls,Total,19.5,0.4438,UNDER
2026-09-02T23:29:13,2026-2027,3,mainz vs ein frankfurt,2026-09-12,mainz,ein frankfurt,fouls,Total,21.5,0.2993,UNDER
2026-09-02T23:29:13,2026-2027,3,mainz vs ein frankfurt,2026-09-12,mainz,ein frankfurt,fouls,Total,23.5,0.1888,UNDER
2026-09-02T23:29:13,2026-2027,3,mainz vs ein frankfurt,2026-09-12,mainz,ein frankfurt,fouls,Total,25.5,0.1087,UNDER
2026-09-02T23:29:13,2026-2027,3,mainz vs ein frankfurt,2026-09-12,mainz,ein frankfurt,shots,Total,20.5,0.8205,OVER
2026-09-02T23:29:13,2026-2027,3,mainz vs ein frankfurt,2026-09-12,mainz,ein frankfurt,shots,Total,22.5,0.7098,OVER
2026-09-02T23:29:13,2026-2027,3,mainz vs ein frankfurt,2026-09-12,mainz,ein frankfurt,shots,Total,24.5,0.5708,OVER
2026-09-02T23:29:13,2026-2027,3,mainz vs ein frankfurt,2026-09-12,mainz,ein frankfurt,shots,Total,26.5,0.4217,UNDER
2026-09-02T23:29:13,2026-2027,3,mainz vs ein frankfurt,2026-09-12,mainz,ein frankfurt,shots,Local,9.5,0.8859,OVER
2026-09-02T23:29:13,2026-2027,3,mainz vs ein frankfurt,2026-09-12,mainz,ein frankfurt,shots,Local,11.5,0.7634,OVER
2026-09-02T23:29:13,2026-2027,3,mainz vs ein frankfurt,2026-09-12,mainz,ein frankfurt,shots,Local,13.5,0.6083,OVER
2026-09-02T23:29:13,2026-2027,3,mainz vs ein frankfurt,2026-09-12,mainz,ein frankfurt,shots,Visitante,9.5,0.5854,OVER
2026-09-02T23:29:13,2026-2027,3,mainz vs ein frankfurt,2026-09-12,mainz,ein frankfurt,shots,Visitante,11.5,0.3912,UNDER
2026-09-02T23:29:13,2026-2027,3,mainz vs ein frankfurt,2026-09-12,mainz,ein frankfurt,shots,Visitante,13.5,0.2357,UNDER
2026-09-02T23:29:13,2026-2027,3,mainz vs ein frankfurt,2026-09-12,mainz,ein frankfurt,sot,Total,6.5,0.8675,OVER
2026-09-02T23:29:13,2026-2027,3,mainz vs ein frankfurt,2026-09-12,mainz,ein frankfurt,sot,Total,7.5,0.7756,OVER
2026-09-02T23:29:13,2026-2027,3,mainz vs ein frankfurt,2026-09-12,mainz,ein frankfurt,sot,Total,8.5,0.6588,OVER
2026-09-02T23:29:13,2026-2027,3,mainz vs ein frankfurt,2026-09-12,mainz,ein frankfurt,sot,Total,9.5,0.5326,OVER
2026-09-02T23:29:13,2026-2027,3,mainz vs ein frankfurt,2026-09-12,mainz,ein frankfurt,booking_pts,Total,30.5,0.6,OVER
2026-09-02T23:29:13,2026-2027,3,mainz vs ein frankfurt,2026-09-12,mainz,ein frankfurt,booking_pts,Total,40.5,0.4306,UNDER
2026-09-02T23:29:13,2026-2027,3,mainz vs ein frankfurt,2026-09-12,mainz,ein frankfurt,booking_pts,Total,50.5,0.2861,UNDER
2026-09-02T23:29:13,2026-2027,3,augsburg vs leverkusen,2026-09-12,augsburg,leverkusen,1X2,Total,,0.4612,2
2026-09-02T23:29:13,2026-2027,3,augsburg vs leverkusen,2026-09-12,augsburg,leverkusen,Goles,Total,2.5,0.6912,OVER
2026-09-02T23:29:13,2026-2027,3,augsburg vs leverkusen,2026-09-12,augsburg,leverkusen,corners,Total,7.5,0.7445,OVER
2026-09-02T23:29:13,2026-2027,3,augsburg vs leverkusen,2026-09-12,augsburg,leverkusen,corners,Total,8.5,0.6351,OVER
2026-09-02T23:29:13,2026-2027,3,augsburg vs leverkusen,2026-09-12,augsburg,leverkusen,corners,Total,9.5,0.5151,OVER
2026-09-02T23:29:13,2026-2027,3,augsburg vs leverkusen,2026-09-12,augsburg,leverkusen,corners,Total,10.5,0.395,UNDER
2026-09-02T23:29:13,2026-2027,3,augsburg vs leverkusen,2026-09-12,augsburg,leverkusen,corners,Total,11.5,0.2878,UNDER
2026-09-02T23:29:13,2026-2027,3,augsburg vs leverkusen,2026-09-12,augsburg,leverkusen,corners,Local,3.5,0.5757,OVER
2026-09-02T23:29:13,2026-2027,3,augsburg vs leverkusen,2026-09-12,augsburg,leverkusen,corners,Local,4.5,0.4103,UNDER
2026-09-02T23:29:13,2026-2027,3,augsburg vs leverkusen,2026-09-12,augsburg,leverkusen,corners,Local,5.5,0.2767,UNDER
2026-09-02T23:29:13,2026-2027,3,augsburg vs leverkusen,2026-09-12,augsburg,leverkusen,corners,Visitante,3.5,0.7546,OVER
2026-09-02T23:29:13,2026-2027,3,augsburg vs leverkusen,2026-09-12,augsburg,leverkusen,corners,Visitante,4.5,0.6093,OVER
2026-09-02T23:29:13,2026-2027,3,augsburg vs leverkusen,2026-09-12,augsburg,leverkusen,corners,Visitante,5.5,0.4657,UNDER
2026-09-02T23:29:13,2026-2027,3,augsburg vs leverkusen,2026-09-12,augsburg,leverkusen,yellows,Total,2.5,0.7571,OVER
2026-09-02T23:29:13,2026-2027,3,augsburg vs leverkusen,2026-09-12,augsburg,leverkusen,yellows,Total,3.5,0.5713,OVER
2026-09-02T23:29:13,2026-2027,3,augsburg vs leverkusen,2026-09-12,augsburg,leverkusen,yellows,Total,4.5,0.3869,UNDER
2026-09-02T23:29:13,2026-2027,3,augsburg vs leverkusen,2026-09-12,augsburg,leverkusen,yellows,Total,5.5,0.2366,UNDER
2026-09-02T23:29:13,2026-2027,3,augsburg vs leverkusen,2026-09-12,augsburg,leverkusen,yellows,Total,6.5,0.1317,UNDER
2026-09-02T23:29:13,2026-2027,3,augsburg vs leverkusen,2026-09-12,augsburg,leverkusen,yellows,Local,1.5,0.6877,OVER
2026-09-02T23:29:13,2026-2027,3,augsburg vs leverkusen,2026-09-12,augsburg,leverkusen,yellows,Local,2.5,0.3957,UNDER
2026-09-02T23:29:13,2026-2027,3,augsburg vs leverkusen,2026-09-12,augsburg,leverkusen,yellows,Visitante,1.5,0.5715,OVER
2026-09-02T23:29:13,2026-2027,3,augsburg vs leverkusen,2026-09-12,augsburg,leverkusen,yellows,Visitante,2.5,0.2803,UNDER
2026-09-02T23:29:13,2026-2027,3,augsburg vs leverkusen,2026-09-12,augsburg,leverkusen,fouls,Total,19.5,0.4776,UNDER
2026-09-02T23:29:13,2026-2027,3,augsburg vs leverkusen,2026-09-12,augsburg,leverkusen,fouls,Total,21.5,0.3291,UNDER
2026-09-02T23:29:13,2026-2027,3,augsburg vs leverkusen,2026-09-12,augsburg,leverkusen,fouls,Total,23.5,0.2114,UNDER
2026-09-02T23:29:13,2026-2027,3,augsburg vs leverkusen,2026-09-12,augsburg,leverkusen,fouls,Total,25.5,0.1241,UNDER
2026-09-02T23:29:13,2026-2027,3,augsburg vs leverkusen,2026-09-12,augsburg,leverkusen,shots,Total,20.5,0.9494,OVER
2026-09-02T23:29:13,2026-2027,3,augsburg vs leverkusen,2026-09-12,augsburg,leverkusen,shots,Total,22.5,0.9025,OVER
2026-09-02T23:29:13,2026-2027,3,augsburg vs leverkusen,2026-09-12,augsburg,leverkusen,shots,Total,24.5,0.8179,OVER
2026-09-02T23:29:13,2026-2027,3,augsburg vs leverkusen,2026-09-12,augsburg,leverkusen,shots,Total,26.5,0.6953,OVER
2026-09-02T23:29:13,2026-2027,3,augsburg vs leverkusen,2026-09-12,augsburg,leverkusen,shots,Local,9.5,0.8666,OVER
2026-09-02T23:29:13,2026-2027,3,augsburg vs leverkusen,2026-09-12,augsburg,leverkusen,shots,Local,11.5,0.7329,OVER
2026-09-02T23:29:13,2026-2027,3,augsburg vs leverkusen,2026-09-12,augsburg,leverkusen,shots,Local,13.5,0.5705,OVER
2026-09-02T23:29:13,2026-2027,3,augsburg vs leverkusen,2026-09-12,augsburg,leverkusen,shots,Visitante,9.5,0.9144,OVER
2026-09-02T23:29:13,2026-2027,3,augsburg vs leverkusen,2026-09-12,augsburg,leverkusen,shots,Visitante,11.5,0.8114,OVER
2026-09-02T23:29:13,2026-2027,3,augsburg vs leverkusen,2026-09-12,augsburg,leverkusen,shots,Visitante,13.5,0.6714,OVER
2026-09-02T23:29:13,2026-2027,3,augsburg vs leverkusen,2026-09-12,augsburg,leverkusen,sot,Total,6.5,0.8808,OVER
2026-09-02T23:29:13,2026-2027,3,augsburg vs leverkusen,2026-09-12,augsburg,leverkusen,sot,Total,7.5,0.7943,OVER
2026-09-02T23:29:13,2026-2027,3,augsburg vs leverkusen,2026-09-12,augsburg,leverkusen,sot,Total,8.5,0.6817,OVER
2026-09-02T23:29:13,2026-2027,3,augsburg vs leverkusen,2026-09-12,augsburg,leverkusen,sot,Total,9.5,0.5576,OVER
2026-09-02T23:29:13,2026-2027,3,augsburg vs leverkusen,2026-09-12,augsburg,leverkusen,booking_pts,Total,30.5,0.6294,OVER
2026-09-02T23:29:13,2026-2027,3,augsburg vs leverkusen,2026-09-12,augsburg,leverkusen,booking_pts,Total,40.5,0.461,UNDER
2026-09-02T23:29:13,2026-2027,3,augsburg vs leverkusen,2026-09-12,augsburg,leverkusen,booking_pts,Total,50.5,0.3127,UNDER
2026-09-02T23:29:13,2026-2027,4,bournemouth vs brentford,2026-09-12,bournemouth,brentford,1X2,Total,,0.4745,1
2026-09-02T23:29:13,2026-2027,4,bournemouth vs brentford,2026-09-12,bournemouth,brentford,Goles,Total,2.5,0.5847,OVER
2026-09-02T23:29:13,2026-2027,4,bournemouth vs brentford,2026-09-12,bournemouth,brentford,corners,Total,7.5,0.8215,OVER
2026-09-02T23:29:13,2026-2027,4,bournemouth vs brentford,2026-09-12,bournemouth,brentford,corners,Total,8.5,0.7301,OVER
2026-09-02T23:29:13,2026-2027,4,bournemouth vs brentford,2026-09-12,bournemouth,brentford,corners,Total,9.5,0.6133,OVER
2026-09-02T23:29:13,2026-2027,4,bournemouth vs brentford,2026-09-12,bournemouth,brentford,corners,Total,10.5,0.494,UNDER
2026-09-02T23:29:13,2026-2027,4,bournemouth vs brentford,2026-09-12,bournemouth,brentford,corners,Total,11.5,0.3807,UNDER
2026-09-02T23:29:13,2026-2027,4,bournemouth vs brentford,2026-09-12,bournemouth,brentford,corners,Local,3.5,0.8213,OVER
2026-09-02T23:29:13,2026-2027,4,bournemouth vs brentford,2026-09-12,bournemouth,brentford,corners,Local,4.5,0.6961,OVER
2026-09-02T23:29:13,2026-2027,4,bournemouth vs brentford,2026-09-12,bournemouth,brentford,corners,Local,5.5,0.5603,OVER
2026-09-02T23:29:13,2026-2027,4,bournemouth vs brentford,2026-09-12,bournemouth,brentford,corners,Visitante,3.5,0.6303,OVER
2026-09-02T23:29:13,2026-2027,4,bournemouth vs brentford,2026-09-12,bournemouth,brentford,corners,Visitante,4.5,0.4667,UNDER
2026-09-02T23:29:13,2026-2027,4,bournemouth vs brentford,2026-09-12,bournemouth,brentford,corners,Visitante,5.5,0.3266,UNDER
2026-09-02T23:29:13,2026-2027,4,bournemouth vs brentford,2026-09-12,bournemouth,brentford,yellows,Total,2.5,0.7393,OVER
2026-09-02T23:29:13,2026-2027,4,bournemouth vs brentford,2026-09-12,bournemouth,brentford,yellows,Total,3.5,0.5483,OVER
2026-09-02T23:29:13,2026-2027,4,bournemouth vs brentford,2026-09-12,bournemouth,brentford,yellows,Total,4.5,0.3642,UNDER
2026-09-02T23:29:13,2026-2027,4,bournemouth vs brentford,2026-09-12,bournemouth,brentford,yellows,Total,5.5,0.218,UNDER
2026-09-02T23:29:13,2026-2027,4,bournemouth vs brentford,2026-09-12,bournemouth,brentford,yellows,Total,6.5,0.1187,UNDER
2026-09-02T23:29:13,2026-2027,4,bournemouth vs brentford,2026-09-12,bournemouth,brentford,yellows,Local,1.5,0.6359,OVER
2026-09-02T23:29:13,2026-2027,4,bournemouth vs brentford,2026-09-12,bournemouth,brentford,yellows,Local,2.5,0.3408,UNDER
2026-09-02T23:29:13,2026-2027,4,bournemouth vs brentford,2026-09-12,bournemouth,brentford,yellows,Visitante,1.5,0.5924,OVER
2026-09-02T23:29:13,2026-2027,4,bournemouth vs brentford,2026-09-12,bournemouth,brentford,yellows,Visitante,2.5,0.299,UNDER
2026-09-02T23:29:13,2026-2027,4,bournemouth vs brentford,2026-09-12,bournemouth,brentford,fouls,Total,19.5,0.6666,OVER
2026-09-02T23:29:13,2026-2027,4,bournemouth vs brentford,2026-09-12,bournemouth,brentford,fouls,Total,21.5,0.4856,UNDER
2026-09-02T23:29:13,2026-2027,4,bournemouth vs brentford,2026-09-12,bournemouth,brentford,fouls,Total,23.5,0.3134,UNDER
2026-09-02T23:29:13,2026-2027,4,bournemouth vs brentford,2026-09-12,bournemouth,brentford,fouls,Total,25.5,0.1788,UNDER
2026-09-02T23:29:13,2026-2027,4,bournemouth vs brentford,2026-09-12,bournemouth,brentford,shots,Total,20.5,0.8467,OVER
2026-09-02T23:29:13,2026-2027,4,bournemouth vs brentford,2026-09-12,bournemouth,brentford,shots,Total,22.5,0.7458,OVER
2026-09-02T23:29:13,2026-2027,4,bournemouth vs brentford,2026-09-12,bournemouth,brentford,shots,Total,24.5,0.6119,OVER
2026-09-02T23:29:13,2026-2027,4,bournemouth vs brentford,2026-09-12,bournemouth,brentford,shots,Total,26.5,0.4623,UNDER
2026-09-02T23:29:13,2026-2027,4,bournemouth vs brentford,2026-09-12,bournemouth,brentford,shots,Local,9.5,0.8863,OVER
2026-09-02T23:29:13,2026-2027,4,bournemouth vs brentford,2026-09-12,bournemouth,brentford,shots,Local,11.5,0.7641,OVER
2026-09-02T23:29:13,2026-2027,4,bournemouth vs brentford,2026-09-12,bournemouth,brentford,shots,Local,13.5,0.6092,OVER
2026-09-02T23:29:13,2026-2027,4,bournemouth vs brentford,2026-09-12,bournemouth,brentford,shots,Visitante,9.5,0.6473,OVER
2026-09-02T23:29:13,2026-2027,4,bournemouth vs brentford,2026-09-12,bournemouth,brentford,shots,Visitante,11.5,0.4541,UNDER
2026-09-02T23:29:13,2026-2027,4,bournemouth vs brentford,2026-09-12,bournemouth,brentford,shots,Visitante,13.5,0.2873,UNDER
2026-09-02T23:29:13,2026-2027,4,bournemouth vs brentford,2026-09-12,bournemouth,brentford,sot,Total,6.5,0.7152,OVER
2026-09-02T23:29:13,2026-2027,4,bournemouth vs brentford,2026-09-12,bournemouth,brentford,sot,Total,7.5,0.5849,OVER
2026-09-02T23:29:13,2026-2027,4,bournemouth vs brentford,2026-09-12,bournemouth,brentford,sot,Total,8.5,0.4507,UNDER
2026-09-02T23:29:13,2026-2027,4,bournemouth vs brentford,2026-09-12,bournemouth,brentford,sot,Total,9.5,0.3267,UNDER
2026-09-02T23:29:13,2026-2027,4,bournemouth vs brentford,2026-09-12,bournemouth,brentford,booking_pts,Total,30.5,0.5983,OVER
2026-09-02T23:29:13,2026-2027,4,bournemouth vs brentford,2026-09-12,bournemouth,brentford,booking_pts,Total,40.5,0.4265,UNDER
2026-09-02T23:29:13,2026-2027,4,bournemouth vs brentford,2026-09-12,bournemouth,brentford,booking_pts,Total,50.5,0.2806,UNDER
2026-09-02T23:29:13,2026-2027,4,aston villa vs nott m forest,2026-09-12,aston villa,nott m forest,1X2,Total,,0.5194,1
2026-09-02T23:29:13,2026-2027,4,aston villa vs nott m forest,2026-09-12,aston villa,nott m forest,Goles,Total,2.5,0.5193,OVER
2026-09-02T23:29:13,2026-2027,4,aston villa vs nott m forest,2026-09-12,aston villa,nott m forest,corners,Total,7.5,0.7511,OVER
2026-09-02T23:29:13,2026-2027,4,aston villa vs nott m forest,2026-09-12,aston villa,nott m forest,corners,Total,8.5,0.643,OVER
2026-09-02T23:29:13,2026-2027,4,aston villa vs nott m forest,2026-09-12,aston villa,nott m forest,corners,Total,9.5,0.5229,OVER
2026-09-02T23:29:13,2026-2027,4,aston villa vs nott m forest,2026-09-12,aston villa,nott m forest,corners,Total,10.5,0.4026,UNDER
2026-09-02T23:29:13,2026-2027,4,aston villa vs nott m forest,2026-09-12,aston villa,nott m forest,corners,Total,11.5,0.2947,UNDER
2026-09-02T23:29:13,2026-2027,4,aston villa vs nott m forest,2026-09-12,aston villa,nott m forest,corners,Local,3.5,0.7557,OVER
2026-09-02T23:29:13,2026-2027,4,aston villa vs nott m forest,2026-09-12,aston villa,nott m forest,corners,Local,4.5,0.6107,OVER
2026-09-02T23:29:13,2026-2027,4,aston villa vs nott m forest,2026-09-12,aston villa,nott m forest,corners,Local,5.5,0.4671,UNDER
2026-09-02T23:29:13,2026-2027,4,aston villa vs nott m forest,2026-09-12,aston villa,nott m forest,corners,Visitante,3.5,0.5868,OVER
2026-09-02T23:29:13,2026-2027,4,aston villa vs nott m forest,2026-09-12,aston villa,nott m forest,corners,Visitante,4.5,0.4215,UNDER
2026-09-02T23:29:13,2026-2027,4,aston villa vs nott m forest,2026-09-12,aston villa,nott m forest,corners,Visitante,5.5,0.2864,UNDER
2026-09-02T23:29:13,2026-2027,4,aston villa vs nott m forest,2026-09-12,aston villa,nott m forest,yellows,Total,2.5,0.725,OVER
2026-09-02T23:29:13,2026-2027,4,aston villa vs nott m forest,2026-09-12,aston villa,nott m forest,yellows,Total,3.5,0.5304,OVER
2026-09-02T23:29:13,2026-2027,4,aston villa vs nott m forest,2026-09-12,aston villa,nott m forest,yellows,Total,4.5,0.3468,UNDER
2026-09-02T23:29:13,2026-2027,4,aston villa vs nott m forest,2026-09-12,aston villa,nott m forest,yellows,Total,5.5,0.2042,UNDER
2026-09-02T23:29:13,2026-2027,4,aston villa vs nott m forest,2026-09-12,aston villa,nott m forest,yellows,Total,6.5,0.1093,UNDER
2026-09-02T23:29:13,2026-2027,4,aston villa vs nott m forest,2026-09-12,aston villa,nott m forest,yellows,Local,1.5,0.5185,OVER
2026-09-02T23:29:13,2026-2027,4,aston villa vs nott m forest,2026-09-12,aston villa,nott m forest,yellows,Local,2.5,0.2361,UNDER
2026-09-02T23:29:13,2026-2027,4,aston villa vs nott m forest,2026-09-12,aston villa,nott m forest,yellows,Visitante,1.5,0.6709,OVER
2026-09-02T23:29:13,2026-2027,4,aston villa vs nott m forest,2026-09-12,aston villa,nott m forest,yellows,Visitante,2.5,0.3773,UNDER
2026-09-02T23:29:13,2026-2027,4,aston villa vs nott m forest,2026-09-12,aston villa,nott m forest,fouls,Total,19.5,0.7195,OVER
2026-09-02T23:29:13,2026-2027,4,aston villa vs nott m forest,2026-09-12,aston villa,nott m forest,fouls,Total,21.5,0.5466,OVER
2026-09-02T23:29:13,2026-2027,4,aston villa vs nott m forest,2026-09-12,aston villa,nott m forest,fouls,Total,23.5,0.3683,UNDER
2026-09-02T23:29:13,2026-2027,4,aston villa vs nott m forest,2026-09-12,aston villa,nott m forest,fouls,Total,25.5,0.2202,UNDER
2026-09-02T23:29:13,2026-2027,4,aston villa vs nott m forest,2026-09-12,aston villa,nott m forest,shots,Total,20.5,0.8617,OVER
2026-09-02T23:29:13,2026-2027,4,aston villa vs nott m forest,2026-09-12,aston villa,nott m forest,shots,Total,22.5,0.767,OVER
2026-09-02T23:29:13,2026-2027,4,aston villa vs nott m forest,2026-09-12,aston villa,nott m forest,shots,Total,24.5,0.6371,OVER
2026-09-02T23:29:13,2026-2027,4,aston villa vs nott m forest,2026-09-12,aston villa,nott m forest,shots,Total,26.5,0.4879,UNDER
2026-09-02T23:29:13,2026-2027,4,aston villa vs nott m forest,2026-09-12,aston villa,nott m forest,shots,Local,9.5,0.8769,OVER
2026-09-02T23:29:13,2026-2027,4,aston villa vs nott m forest,2026-09-12,aston villa,nott m forest,shots,Local,11.5,0.749,OVER
2026-09-02T23:29:13,2026-2027,4,aston villa vs nott m forest,2026-09-12,aston villa,nott m forest,shots,Local,13.5,0.5902,OVER
2026-09-02T23:29:13,2026-2027,4,aston villa vs nott m forest,2026-09-12,aston villa,nott m forest,shots,Visitante,9.5,0.7037,OVER
2026-09-02T23:29:13,2026-2027,4,aston villa vs nott m forest,2026-09-12,aston villa,nott m forest,shots,Visitante,11.5,0.5165,OVER
2026-09-02T23:29:13,2026-2027,4,aston villa vs nott m forest,2026-09-12,aston villa,nott m forest,shots,Visitante,13.5,0.3425,UNDER
2026-09-02T23:29:13,2026-2027,4,aston villa vs nott m forest,2026-09-12,aston villa,nott m forest,sot,Total,6.5,0.7364,OVER
2026-09-02T23:29:13,2026-2027,4,aston villa vs nott m forest,2026-09-12,aston villa,nott m forest,sot,Total,7.5,0.6094,OVER
2026-09-02T23:29:13,2026-2027,4,aston villa vs nott m forest,2026-09-12,aston villa,nott m forest,sot,Total,8.5,0.4753,UNDER
2026-09-02T23:29:13,2026-2027,4,aston villa vs nott m forest,2026-09-12,aston villa,nott m forest,sot,Total,9.5,0.3492,UNDER
2026-09-02T23:29:13,2026-2027,4,aston villa vs nott m forest,2026-09-12,aston villa,nott m forest,booking_pts,Total,30.5,0.583,OVER
2026-09-02T23:29:13,2026-2027,4,aston villa vs nott m forest,2026-09-12,aston villa,nott m forest,booking_pts,Total,40.5,0.4111,UNDER
2026-09-02T23:29:13,2026-2027,4,aston villa vs nott m forest,2026-09-12,aston villa,nott m forest,booking_pts,Total,50.5,0.2674,UNDER
2026-09-02T23:29:13,2026-2027,4,chelsea vs hull,2026-09-12,chelsea,hull,1X2,Total,,0.7048,1
2026-09-02T23:29:13,2026-2027,4,chelsea vs hull,2026-09-12,chelsea,hull,Goles,Total,2.5,0.5355,OVER
2026-09-02T23:29:13,2026-2027,4,chelsea vs hull,2026-09-12,chelsea,hull,corners,Total,7.5,0.7719,OVER
2026-09-02T23:29:13,2026-2027,4,chelsea vs hull,2026-09-12,chelsea,hull,corners,Total,8.5,0.6681,OVER
2026-09-02T23:29:13,2026-2027,4,chelsea vs hull,2026-09-12,chelsea,hull,corners,Total,9.5,0.5482,OVER
2026-09-02T23:29:13,2026-2027,4,chelsea vs hull,2026-09-12,chelsea,hull,corners,Total,10.5,0.4275,UNDER
2026-09-02T23:29:13,2026-2027,4,chelsea vs hull,2026-09-12,chelsea,hull,corners,Total,11.5,0.3176,UNDER
2026-09-02T23:29:13,2026-2027,4,chelsea vs hull,2026-09-12,chelsea,hull,corners,Local,3.5,0.8961,OVER
2026-09-02T23:29:13,2026-2027,4,chelsea vs hull,2026-09-12,chelsea,hull,corners,Local,4.5,0.805,OVER
2026-09-02T23:29:13,2026-2027,4,chelsea vs hull,2026-09-12,chelsea,hull,corners,Local,5.5,0.6924,OVER
2026-09-02T23:29:13,2026-2027,4,chelsea vs hull,2026-09-12,chelsea,hull,corners,Visitante,3.5,0.3166,UNDER
2026-09-02T23:29:13,2026-2027,4,chelsea vs hull,2026-09-12,chelsea,hull,corners,Visitante,4.5,0.1854,UNDER
2026-09-02T23:29:13,2026-2027,4,chelsea vs hull,2026-09-12,chelsea,hull,corners,Visitante,5.5,0.1042,UNDER
2026-09-02T23:29:13,2026-2027,4,chelsea vs hull,2026-09-12,chelsea,hull,yellows,Total,2.5,0.7287,OVER
2026-09-02T23:29:13,2026-2027,4,chelsea vs hull,2026-09-12,chelsea,hull,yellows,Total,3.5,0.535,OVER
2026-09-02T23:29:13,2026-2027,4,chelsea vs hull,2026-09-12,chelsea,hull,yellows,Total,4.5,0.3512,UNDER
2026-09-02T23:29:13,2026-2027,4,chelsea vs hull,2026-09-12,chelsea,hull,yellows,Total,5.5,0.2077,UNDER
2026-09-02T23:29:13,2026-2027,4,chelsea vs hull,2026-09-12,chelsea,hull,yellows,Total,6.5,0.1117,UNDER
2026-09-02T23:29:13,2026-2027,4,chelsea vs hull,2026-09-12,chelsea,hull,yellows,Local,1.5,0.4426,UNDER
2026-09-02T23:29:13,2026-2027,4,chelsea vs hull,2026-09-12,chelsea,hull,yellows,Local,2.5,0.1804,UNDER
2026-09-02T23:29:13,2026-2027,4,chelsea vs hull,2026-09-12,chelsea,hull,yellows,Visitante,1.5,0.7281,OVER
2026-09-02T23:29:13,2026-2027,4,chelsea vs hull,2026-09-12,chelsea,hull,yellows,Visitante,2.5,0.4433,UNDER
2026-09-02T23:29:13,2026-2027,4,chelsea vs hull,2026-09-12,chelsea,hull,fouls,Total,19.5,0.7108,OVER
2026-09-02T23:29:13,2026-2027,4,chelsea vs hull,2026-09-12,chelsea,hull,fouls,Total,21.5,0.5363,OVER
2026-09-02T23:29:13,2026-2027,4,chelsea vs hull,2026-09-12,chelsea,hull,fouls,Total,23.5,0.3588,UNDER
2026-09-02T23:29:13,2026-2027,4,chelsea vs hull,2026-09-12,chelsea,hull,fouls,Total,25.5,0.2128,UNDER
2026-09-02T23:29:13,2026-2027,4,chelsea vs hull,2026-09-12,chelsea,hull,shots,Total,20.5,0.8301,OVER
2026-09-02T23:29:13,2026-2027,4,chelsea vs hull,2026-09-12,chelsea,hull,shots,Total,22.5,0.7228,OVER
2026-09-02T23:29:13,2026-2027,4,chelsea vs hull,2026-09-12,chelsea,hull,shots,Total,24.5,0.5855,OVER
2026-09-02T23:29:13,2026-2027,4,chelsea vs hull,2026-09-12,chelsea,hull,shots,Total,26.5,0.4361,UNDER
2026-09-02T23:29:13,2026-2027,4,chelsea vs hull,2026-09-12,chelsea,hull,shots,Local,9.5,0.9421,OVER
2026-09-02T23:29:13,2026-2027,4,chelsea vs hull,2026-09-12,chelsea,hull,shots,Local,11.5,0.8625,OVER
2026-09-02T23:29:13,2026-2027,4,chelsea vs hull,2026-09-12,chelsea,hull,shots,Local,13.5,0.7443,OVER
2026-09-02T23:29:13,2026-2027,4,chelsea vs hull,2026-09-12,chelsea,hull,shots,Visitante,9.5,0.4104,UNDER
2026-09-02T23:29:13,2026-2027,4,chelsea vs hull,2026-09-12,chelsea,hull,shots,Visitante,11.5,0.2391,UNDER
2026-09-02T23:29:13,2026-2027,4,chelsea vs hull,2026-09-12,chelsea,hull,shots,Visitante,13.5,0.1261,UNDER
2026-09-02T23:29:13,2026-2027,4,chelsea vs hull,2026-09-12,chelsea,hull,sot,Total,6.5,0.7469,OVER
2026-09-02T23:29:13,2026-2027,4,chelsea vs hull,2026-09-12,chelsea,hull,sot,Total,7.5,0.6217,OVER
2026-09-02T23:29:13,2026-2027,4,chelsea vs hull,2026-09-12,chelsea,hull,sot,Total,8.5,0.4879,UNDER
2026-09-02T23:29:13,2026-2027,4,chelsea vs hull,2026-09-12,chelsea,hull,sot,Total,9.5,0.3609,UNDER
2026-09-02T23:29:13,2026-2027,4,chelsea vs hull,2026-09-12,chelsea,hull,booking_pts,Total,30.5,0.5864,OVER
2026-09-02T23:29:13,2026-2027,4,chelsea vs hull,2026-09-12,chelsea,hull,booking_pts,Total,40.5,0.4145,UNDER
2026-09-02T23:29:13,2026-2027,4,chelsea vs hull,2026-09-12,chelsea,hull,booking_pts,Total,50.5,0.2704,UNDER
2026-09-02T23:29:13,2026-2027,4,crystal palace vs ipswich,2026-09-12,crystal palace,ipswich,1X2,Total,,0.5309,1
2026-09-02T23:29:13,2026-2027,4,crystal palace vs ipswich,2026-09-12,crystal palace,ipswich,Goles,Total,2.5,0.4856,UNDER
2026-09-02T23:29:13,2026-2027,4,crystal palace vs ipswich,2026-09-12,crystal palace,ipswich,corners,Total,7.5,0.7262,OVER
2026-09-02T23:29:13,2026-2027,4,crystal palace vs ipswich,2026-09-12,crystal palace,ipswich,corners,Total,8.5,0.6135,OVER
2026-09-02T23:29:13,2026-2027,4,crystal palace vs ipswich,2026-09-12,crystal palace,ipswich,corners,Total,9.5,0.4939,UNDER
2026-09-02T23:29:13,2026-2027,4,crystal palace vs ipswich,2026-09-12,crystal palace,ipswich,corners,Total,10.5,0.3745,UNDER
2026-09-02T23:29:13,2026-2027,4,crystal palace vs ipswich,2026-09-12,crystal palace,ipswich,corners,Total,11.5,0.2695,UNDER
2026-09-02T23:29:13,2026-2027,4,crystal palace vs ipswich,2026-09-12,crystal palace,ipswich,corners,Local,3.5,0.7822,OVER
2026-09-02T23:29:13,2026-2027,4,crystal palace vs ipswich,2026-09-12,crystal palace,ipswich,corners,Local,4.5,0.6442,OVER
2026-09-02T23:29:13,2026-2027,4,crystal palace vs ipswich,2026-09-12,crystal palace,ipswich,corners,Local,5.5,0.5027,OVER
2026-09-02T23:29:13,2026-2027,4,crystal palace vs ipswich,2026-09-12,crystal palace,ipswich,corners,Visitante,3.5,0.4952,UNDER
2026-09-02T23:29:13,2026-2027,4,crystal palace vs ipswich,2026-09-12,crystal palace,ipswich,corners,Visitante,4.5,0.3334,UNDER
2026-09-02T23:29:13,2026-2027,4,crystal palace vs ipswich,2026-09-12,crystal palace,ipswich,corners,Visitante,5.5,0.2129,UNDER
2026-09-02T23:29:13,2026-2027,4,crystal palace vs ipswich,2026-09-12,crystal palace,ipswich,yellows,Total,2.5,0.6783,OVER
2026-09-02T23:29:13,2026-2027,4,crystal palace vs ipswich,2026-09-12,crystal palace,ipswich,yellows,Total,3.5,0.4745,UNDER
2026-09-02T23:29:13,2026-2027,4,crystal palace vs ipswich,2026-09-12,crystal palace,ipswich,yellows,Total,4.5,0.2951,UNDER
2026-09-02T23:29:13,2026-2027,4,crystal palace vs ipswich,2026-09-12,crystal palace,ipswich,yellows,Total,5.5,0.1648,UNDER
2026-09-02T23:29:13,2026-2027,4,crystal palace vs ipswich,2026-09-12,crystal palace,ipswich,yellows,Total,6.5,0.0835,UNDER
2026-09-02T23:29:13,2026-2027,4,crystal palace vs ipswich,2026-09-12,crystal palace,ipswich,yellows,Local,1.5,0.5402,OVER
2026-09-02T23:29:13,2026-2027,4,crystal palace vs ipswich,2026-09-12,crystal palace,ipswich,yellows,Local,2.5,0.2536,UNDER
2026-09-02T23:29:13,2026-2027,4,crystal palace vs ipswich,2026-09-12,crystal palace,ipswich,yellows,Visitante,1.5,0.567,OVER
2026-09-02T23:29:13,2026-2027,4,crystal palace vs ipswich,2026-09-12,crystal palace,ipswich,yellows,Visitante,2.5,0.2764,UNDER
2026-09-02T23:29:13,2026-2027,4,crystal palace vs ipswich,2026-09-12,crystal palace,ipswich,fouls,Total,19.5,0.6794,OVER
2026-09-02T23:29:13,2026-2027,4,crystal palace vs ipswich,2026-09-12,crystal palace,ipswich,fouls,Total,21.5,0.4999,UNDER
2026-09-02T23:29:13,2026-2027,4,crystal palace vs ipswich,2026-09-12,crystal palace,ipswich,fouls,Total,23.5,0.326,UNDER
2026-09-02T23:29:13,2026-2027,4,crystal palace vs ipswich,2026-09-12,crystal palace,ipswich,fouls,Total,25.5,0.1881,UNDER
2026-09-02T23:29:13,2026-2027,4,crystal palace vs ipswich,2026-09-12,crystal palace,ipswich,shots,Total,20.5,0.8061,OVER
2026-09-02T23:29:13,2026-2027,4,crystal palace vs ipswich,2026-09-12,crystal palace,ipswich,shots,Total,22.5,0.6906,OVER
2026-09-02T23:29:13,2026-2027,4,crystal palace vs ipswich,2026-09-12,crystal palace,ipswich,shots,Total,24.5,0.5495,OVER
2026-09-02T23:29:13,2026-2027,4,crystal palace vs ipswich,2026-09-12,crystal palace,ipswich,shots,Total,26.5,0.4014,UNDER
2026-09-02T23:29:13,2026-2027,4,crystal palace vs ipswich,2026-09-12,crystal palace,ipswich,shots,Local,9.5,0.8898,OVER
2026-09-02T23:29:13,2026-2027,4,crystal palace vs ipswich,2026-09-12,crystal palace,ipswich,shots,Local,11.5,0.7697,OVER
2026-09-02T23:29:13,2026-2027,4,crystal palace vs ipswich,2026-09-12,crystal palace,ipswich,shots,Local,13.5,0.6163,OVER
2026-09-02T23:29:13,2026-2027,4,crystal palace vs ipswich,2026-09-12,crystal palace,ipswich,shots,Visitante,9.5,0.5416,OVER
2026-09-02T23:29:13,2026-2027,4,crystal palace vs ipswich,2026-09-12,crystal palace,ipswich,shots,Visitante,11.5,0.3498,UNDER
2026-09-02T23:29:13,2026-2027,4,crystal palace vs ipswich,2026-09-12,crystal palace,ipswich,shots,Visitante,13.5,0.2038,UNDER
2026-09-02T23:29:13,2026-2027,4,crystal palace vs ipswich,2026-09-12,crystal palace,ipswich,sot,Total,6.5,0.7296,OVER
2026-09-02T23:29:13,2026-2027,4,crystal palace vs ipswich,2026-09-12,crystal palace,ipswich,sot,Total,7.5,0.6015,OVER
2026-09-02T23:29:13,2026-2027,4,crystal palace vs ipswich,2026-09-12,crystal palace,ipswich,sot,Total,8.5,0.4673,UNDER
2026-09-02T23:29:13,2026-2027,4,crystal palace vs ipswich,2026-09-12,crystal palace,ipswich,sot,Total,9.5,0.3418,UNDER
2026-09-02T23:29:13,2026-2027,4,crystal palace vs ipswich,2026-09-12,crystal palace,ipswich,booking_pts,Total,30.5,0.5333,OVER
2026-09-02T23:29:13,2026-2027,4,crystal palace vs ipswich,2026-09-12,crystal palace,ipswich,booking_pts,Total,40.5,0.363,UNDER
2026-09-02T23:29:13,2026-2027,4,crystal palace vs ipswich,2026-09-12,crystal palace,ipswich,booking_pts,Total,50.5,0.2279,UNDER
2026-09-02T23:29:13,2026-2027,4,liverpool vs fulham,2026-09-12,liverpool,fulham,1X2,Total,,0.6015,1
2026-09-02T23:29:13,2026-2027,4,liverpool vs fulham,2026-09-12,liverpool,fulham,Goles,Total,2.5,0.5287,OVER
2026-09-02T23:29:13,2026-2027,4,liverpool vs fulham,2026-09-12,liverpool,fulham,corners,Total,7.5,0.8,OVER
2026-09-02T23:29:13,2026-2027,4,liverpool vs fulham,2026-09-12,liverpool,fulham,corners,Total,8.5,0.7028,OVER
2026-09-02T23:29:13,2026-2027,4,liverpool vs fulham,2026-09-12,liverpool,fulham,corners,Total,9.5,0.5842,OVER
2026-09-02T23:29:13,2026-2027,4,liverpool vs fulham,2026-09-12,liverpool,fulham,corners,Total,10.5,0.4638,UNDER
2026-09-02T23:29:13,2026-2027,4,liverpool vs fulham,2026-09-12,liverpool,fulham,corners,Total,11.5,0.3517,UNDER
2026-09-02T23:29:13,2026-2027,4,liverpool vs fulham,2026-09-12,liverpool,fulham,corners,Local,3.5,0.8586,OVER
2026-09-02T23:29:13,2026-2027,4,liverpool vs fulham,2026-09-12,liverpool,fulham,corners,Local,4.5,0.7485,OVER
2026-09-02T23:29:13,2026-2027,4,liverpool vs fulham,2026-09-12,liverpool,fulham,corners,Local,5.5,0.6219,OVER
2026-09-02T23:29:13,2026-2027,4,liverpool vs fulham,2026-09-12,liverpool,fulham,corners,Visitante,3.5,0.4996,UNDER
2026-09-02T23:29:13,2026-2027,4,liverpool vs fulham,2026-09-12,liverpool,fulham,corners,Visitante,4.5,0.3373,UNDER
2026-09-02T23:29:13,2026-2027,4,liverpool vs fulham,2026-09-12,liverpool,fulham,corners,Visitante,5.5,0.2161,UNDER
2026-09-02T23:29:13,2026-2027,4,liverpool vs fulham,2026-09-12,liverpool,fulham,yellows,Total,2.5,0.721,OVER
2026-09-02T23:29:13,2026-2027,4,liverpool vs fulham,2026-09-12,liverpool,fulham,yellows,Total,3.5,0.5255,OVER
2026-09-02T23:29:13,2026-2027,4,liverpool vs fulham,2026-09-12,liverpool,fulham,yellows,Total,4.5,0.3421,UNDER
2026-09-02T23:29:13,2026-2027,4,liverpool vs fulham,2026-09-12,liverpool,fulham,yellows,Total,5.5,0.2005,UNDER
2026-09-02T23:29:13,2026-2027,4,liverpool vs fulham,2026-09-12,liverpool,fulham,yellows,Total,6.5,0.1069,UNDER
2026-09-02T23:29:13,2026-2027,4,liverpool vs fulham,2026-09-12,liverpool,fulham,yellows,Local,1.5,0.4526,UNDER
2026-09-02T23:29:13,2026-2027,4,liverpool vs fulham,2026-09-12,liverpool,fulham,yellows,Local,2.5,0.1872,UNDER
2026-09-02T23:29:13,2026-2027,4,liverpool vs fulham,2026-09-12,liverpool,fulham,yellows,Visitante,1.5,0.7103,OVER
2026-09-02T23:29:13,2026-2027,4,liverpool vs fulham,2026-09-12,liverpool,fulham,yellows,Visitante,2.5,0.4218,UNDER
2026-09-02T23:29:13,2026-2027,4,liverpool vs fulham,2026-09-12,liverpool,fulham,fouls,Total,19.5,0.6811,OVER
2026-09-02T23:29:13,2026-2027,4,liverpool vs fulham,2026-09-12,liverpool,fulham,fouls,Total,21.5,0.5019,OVER
2026-09-02T23:29:13,2026-2027,4,liverpool vs fulham,2026-09-12,liverpool,fulham,fouls,Total,23.5,0.3277,UNDER
2026-09-02T23:29:13,2026-2027,4,liverpool vs fulham,2026-09-12,liverpool,fulham,fouls,Total,25.5,0.1893,UNDER
2026-09-02T23:29:13,2026-2027,4,liverpool vs fulham,2026-09-12,liverpool,fulham,shots,Total,20.5,0.8993,OVER
2026-09-02T23:29:13,2026-2027,4,liverpool vs fulham,2026-09-12,liverpool,fulham,shots,Total,22.5,0.8223,OVER
2026-09-02T23:29:13,2026-2027,4,liverpool vs fulham,2026-09-12,liverpool,fulham,shots,Total,24.5,0.7061,OVER
2026-09-02T23:29:13,2026-2027,4,liverpool vs fulham,2026-09-12,liverpool,fulham,shots,Total,26.5,0.5616,OVER
2026-09-02T23:29:13,2026-2027,4,liverpool vs fulham,2026-09-12,liverpool,fulham,shots,Local,9.5,0.9403,OVER
2026-09-02T23:29:13,2026-2027,4,liverpool vs fulham,2026-09-12,liverpool,fulham,shots,Local,11.5,0.8589,OVER
2026-09-02T23:29:13,2026-2027,4,liverpool vs fulham,2026-09-12,liverpool,fulham,shots,Local,13.5,0.739,OVER
2026-09-02T23:29:13,2026-2027,4,liverpool vs fulham,2026-09-12,liverpool,fulham,shots,Visitante,9.5,0.6329,OVER
2026-09-02T23:29:13,2026-2027,4,liverpool vs fulham,2026-09-12,liverpool,fulham,shots,Visitante,11.5,0.439,UNDER
2026-09-02T23:29:13,2026-2027,4,liverpool vs fulham,2026-09-12,liverpool,fulham,shots,Visitante,13.5,0.2746,UNDER
2026-09-02T23:29:13,2026-2027,4,liverpool vs fulham,2026-09-12,liverpool,fulham,sot,Total,6.5,0.7683,OVER
2026-09-02T23:29:13,2026-2027,4,liverpool vs fulham,2026-09-12,liverpool,fulham,sot,Total,7.5,0.6473,OVER
2026-09-02T23:29:13,2026-2027,4,liverpool vs fulham,2026-09-12,liverpool,fulham,sot,Total,8.5,0.5145,OVER
2026-09-02T23:29:13,2026-2027,4,liverpool vs fulham,2026-09-12,liverpool,fulham,sot,Total,9.5,0.3861,UNDER
2026-09-02T23:29:13,2026-2027,4,liverpool vs fulham,2026-09-12,liverpool,fulham,booking_pts,Total,30.5,0.5778,OVER
2026-09-02T23:29:13,2026-2027,4,liverpool vs fulham,2026-09-12,liverpool,fulham,booking_pts,Total,40.5,0.4059,UNDER
2026-09-02T23:29:13,2026-2027,4,liverpool vs fulham,2026-09-12,liverpool,fulham,booking_pts,Total,50.5,0.2631,UNDER
2026-09-02T23:29:13,2026-2027,4,strasbourg vs monaco,2026-09-12,strasbourg,monaco,1X2,Total,,0.3896,1
2026-09-02T23:29:13,2026-2027,4,strasbourg vs monaco,2026-09-12,strasbourg,monaco,Goles,Total,2.5,0.5191,OVER
2026-09-02T23:29:13,2026-2027,4,strasbourg vs monaco,2026-09-12,strasbourg,monaco,corners,Total,7.5,0.6687,OVER
2026-09-02T23:29:13,2026-2027,4,strasbourg vs monaco,2026-09-12,strasbourg,monaco,corners,Total,8.5,0.5481,OVER
2026-09-02T23:29:13,2026-2027,4,strasbourg vs monaco,2026-09-12,strasbourg,monaco,corners,Total,9.5,0.4316,UNDER
2026-09-02T23:29:13,2026-2027,4,strasbourg vs monaco,2026-09-12,strasbourg,monaco,corners,Total,10.5,0.3163,UNDER
2026-09-02T23:29:13,2026-2027,4,strasbourg vs monaco,2026-09-12,strasbourg,monaco,corners,Total,11.5,0.219,UNDER
2026-09-02T23:29:13,2026-2027,4,strasbourg vs monaco,2026-09-12,strasbourg,monaco,corners,Local,3.5,0.6046,OVER
2026-09-02T23:29:13,2026-2027,4,strasbourg vs monaco,2026-09-12,strasbourg,monaco,corners,Local,4.5,0.4397,UNDER
2026-09-02T23:29:13,2026-2027,4,strasbourg vs monaco,2026-09-12,strasbourg,monaco,corners,Local,5.5,0.3024,UNDER
2026-09-02T23:29:13,2026-2027,4,strasbourg vs monaco,2026-09-12,strasbourg,monaco,corners,Visitante,3.5,0.6238,OVER
2026-09-02T23:29:13,2026-2027,4,strasbourg vs monaco,2026-09-12,strasbourg,monaco,corners,Visitante,4.5,0.4597,UNDER
2026-09-02T23:29:13,2026-2027,4,strasbourg vs monaco,2026-09-12,strasbourg,monaco,corners,Visitante,5.5,0.3203,UNDER
2026-09-02T23:29:13,2026-2027,4,strasbourg vs monaco,2026-09-12,strasbourg,monaco,yellows,Total,2.5,0.7266,OVER
2026-09-02T23:29:13,2026-2027,4,strasbourg vs monaco,2026-09-12,strasbourg,monaco,yellows,Total,3.5,0.5324,OVER
2026-09-02T23:29:13,2026-2027,4,strasbourg vs monaco,2026-09-12,strasbourg,monaco,yellows,Total,4.5,0.3487,UNDER
2026-09-02T23:29:13,2026-2027,4,strasbourg vs monaco,2026-09-12,strasbourg,monaco,yellows,Total,5.5,0.2057,UNDER
2026-09-02T23:29:13,2026-2027,4,strasbourg vs monaco,2026-09-12,strasbourg,monaco,yellows,Total,6.5,0.1103,UNDER
2026-09-02T23:29:13,2026-2027,4,strasbourg vs monaco,2026-09-12,strasbourg,monaco,yellows,Local,1.5,0.5548,OVER
2026-09-02T23:29:13,2026-2027,4,strasbourg vs monaco,2026-09-12,strasbourg,monaco,yellows,Local,2.5,0.2658,UNDER
2026-09-02T23:29:13,2026-2027,4,strasbourg vs monaco,2026-09-12,strasbourg,monaco,yellows,Visitante,1.5,0.6447,OVER
2026-09-02T23:29:13,2026-2027,4,strasbourg vs monaco,2026-09-12,strasbourg,monaco,yellows,Visitante,2.5,0.3497,UNDER
2026-09-02T23:29:13,2026-2027,4,strasbourg vs monaco,2026-09-12,strasbourg,monaco,fouls,Total,19.5,0.8287,OVER
2026-09-02T23:29:13,2026-2027,4,strasbourg vs monaco,2026-09-12,strasbourg,monaco,fouls,Total,21.5,0.697,OVER
2026-09-02T23:29:13,2026-2027,4,strasbourg vs monaco,2026-09-12,strasbourg,monaco,fouls,Total,23.5,0.5315,OVER
2026-09-02T23:29:13,2026-2027,4,strasbourg vs monaco,2026-09-12,strasbourg,monaco,fouls,Total,25.5,0.3685,UNDER
2026-09-02T23:29:13,2026-2027,4,strasbourg vs monaco,2026-09-12,strasbourg,monaco,shots,Total,20.5,0.8312,OVER
2026-09-02T23:29:13,2026-2027,4,strasbourg vs monaco,2026-09-12,strasbourg,monaco,shots,Total,22.5,0.7243,OVER
2026-09-02T23:29:13,2026-2027,4,strasbourg vs monaco,2026-09-12,strasbourg,monaco,shots,Total,24.5,0.5872,OVER
2026-09-02T23:29:13,2026-2027,4,strasbourg vs monaco,2026-09-12,strasbourg,monaco,shots,Total,26.5,0.4377,UNDER
2026-09-02T23:29:13,2026-2027,4,strasbourg vs monaco,2026-09-12,strasbourg,monaco,shots,Local,9.5,0.7828,OVER
2026-09-02T23:29:13,2026-2027,4,strasbourg vs monaco,2026-09-12,strasbourg,monaco,shots,Local,11.5,0.6137,OVER
2026-09-02T23:29:13,2026-2027,4,strasbourg vs monaco,2026-09-12,strasbourg,monaco,shots,Local,13.5,0.4372,UNDER
2026-09-02T23:29:13,2026-2027,4,strasbourg vs monaco,2026-09-12,strasbourg,monaco,shots,Visitante,9.5,0.7746,OVER
2026-09-02T23:29:13,2026-2027,4,strasbourg vs monaco,2026-09-12,strasbourg,monaco,shots,Visitante,11.5,0.603,OVER
2026-09-02T23:29:13,2026-2027,4,strasbourg vs monaco,2026-09-12,strasbourg,monaco,shots,Visitante,13.5,0.4262,UNDER
2026-09-02T23:29:13,2026-2027,4,strasbourg vs monaco,2026-09-12,strasbourg,monaco,sot,Total,6.5,0.8276,OVER
2026-09-02T23:29:13,2026-2027,4,strasbourg vs monaco,2026-09-12,strasbourg,monaco,sot,Total,7.5,0.7218,OVER
2026-09-02T23:29:13,2026-2027,4,strasbourg vs monaco,2026-09-12,strasbourg,monaco,sot,Total,8.5,0.5959,OVER
2026-09-02T23:29:13,2026-2027,4,strasbourg vs monaco,2026-09-12,strasbourg,monaco,sot,Total,9.5,0.4665,UNDER
2026-09-02T23:29:13,2026-2027,4,strasbourg vs monaco,2026-09-12,strasbourg,monaco,booking_pts,Total,30.5,0.6315,OVER
2026-09-02T23:29:13,2026-2027,4,strasbourg vs monaco,2026-09-12,strasbourg,monaco,booking_pts,Total,40.5,0.4713,UNDER
2026-09-02T23:29:13,2026-2027,4,strasbourg vs monaco,2026-09-12,strasbourg,monaco,booking_pts,Total,50.5,0.3285,UNDER
2026-09-02T23:29:13,2026-2027,4,tottenham vs everton,2026-09-12,tottenham,everton,1X2,Total,,0.5053,1
2026-09-02T23:29:13,2026-2027,4,tottenham vs everton,2026-09-12,tottenham,everton,Goles,Total,2.5,0.4666,UNDER
2026-09-02T23:29:13,2026-2027,4,tottenham vs everton,2026-09-12,tottenham,everton,corners,Total,7.5,0.7471,OVER
2026-09-02T23:29:13,2026-2027,4,tottenham vs everton,2026-09-12,tottenham,everton,corners,Total,8.5,0.6382,OVER
2026-09-02T23:29:13,2026-2027,4,tottenham vs everton,2026-09-12,tottenham,everton,corners,Total,9.5,0.5182,OVER
2026-09-02T23:29:13,2026-2027,4,tottenham vs everton,2026-09-12,tottenham,everton,corners,Total,10.5,0.398,UNDER
2026-09-02T23:29:13,2026-2027,4,tottenham vs everton,2026-09-12,tottenham,everton,corners,Total,11.5,0.2905,UNDER
2026-09-02T23:29:13,2026-2027,4,tottenham vs everton,2026-09-12,tottenham,everton,corners,Local,3.5,0.7794,OVER
2026-09-02T23:29:13,2026-2027,4,tottenham vs everton,2026-09-12,tottenham,everton,corners,Local,4.5,0.6406,OVER
2026-09-02T23:29:13,2026-2027,4,tottenham vs everton,2026-09-12,tottenham,everton,corners,Local,5.5,0.4989,UNDER
2026-09-02T23:29:13,2026-2027,4,tottenham vs everton,2026-09-12,tottenham,everton,corners,Visitante,3.5,0.542,OVER
2026-09-02T23:29:13,2026-2027,4,tottenham vs everton,2026-09-12,tottenham,everton,corners,Visitante,4.5,0.3773,UNDER
2026-09-02T23:29:13,2026-2027,4,tottenham vs everton,2026-09-12,tottenham,everton,corners,Visitante,5.5,0.2487,UNDER
2026-09-02T23:29:13,2026-2027,4,tottenham vs everton,2026-09-12,tottenham,everton,yellows,Total,2.5,0.7731,OVER
2026-09-02T23:29:13,2026-2027,4,tottenham vs everton,2026-09-12,tottenham,everton,yellows,Total,3.5,0.5924,OVER
2026-09-02T23:29:13,2026-2027,4,tottenham vs everton,2026-09-12,tottenham,everton,yellows,Total,4.5,0.4085,UNDER
2026-09-02T23:29:13,2026-2027,4,tottenham vs everton,2026-09-12,tottenham,everton,yellows,Total,5.5,0.2546,UNDER
2026-09-02T23:29:13,2026-2027,4,tottenham vs everton,2026-09-12,tottenham,everton,yellows,Total,6.5,0.1446,UNDER
2026-09-02T23:29:13,2026-2027,4,tottenham vs everton,2026-09-12,tottenham,everton,yellows,Local,1.5,0.6127,OVER
2026-09-02T23:29:13,2026-2027,4,tottenham vs everton,2026-09-12,tottenham,everton,yellows,Local,2.5,0.3181,UNDER
2026-09-02T23:29:13,2026-2027,4,tottenham vs everton,2026-09-12,tottenham,everton,yellows,Visitante,1.5,0.6844,OVER
2026-09-02T23:29:13,2026-2027,4,tottenham vs everton,2026-09-12,tottenham,everton,yellows,Visitante,2.5,0.3922,UNDER
2026-09-02T23:29:13,2026-2027,4,tottenham vs everton,2026-09-12,tottenham,everton,fouls,Total,19.5,0.8469,OVER
2026-09-02T23:29:13,2026-2027,4,tottenham vs everton,2026-09-12,tottenham,everton,fouls,Total,21.5,0.7159,OVER
2026-09-02T23:29:13,2026-2027,4,tottenham vs everton,2026-09-12,tottenham,everton,fouls,Total,23.5,0.545,OVER
2026-09-02T23:29:13,2026-2027,4,tottenham vs everton,2026-09-12,tottenham,everton,fouls,Total,25.5,0.3736,UNDER
2026-09-02T23:29:13,2026-2027,4,tottenham vs everton,2026-09-12,tottenham,everton,shots,Total,20.5,0.8215,OVER
2026-09-02T23:29:13,2026-2027,4,tottenham vs everton,2026-09-12,tottenham,everton,shots,Total,22.5,0.7111,OVER
2026-09-02T23:29:13,2026-2027,4,tottenham vs everton,2026-09-12,tottenham,everton,shots,Total,24.5,0.5723,OVER
2026-09-02T23:29:13,2026-2027,4,tottenham vs everton,2026-09-12,tottenham,everton,shots,Total,26.5,0.4232,UNDER
2026-09-02T23:29:13,2026-2027,4,tottenham vs everton,2026-09-12,tottenham,everton,shots,Local,9.5,0.8689,OVER
2026-09-02T23:29:13,2026-2027,4,tottenham vs everton,2026-09-12,tottenham,everton,shots,Local,11.5,0.7364,OVER
2026-09-02T23:29:13,2026-2027,4,tottenham vs everton,2026-09-12,tottenham,everton,shots,Local,13.5,0.5747,OVER
2026-09-02T23:29:13,2026-2027,4,tottenham vs everton,2026-09-12,tottenham,everton,shots,Visitante,9.5,0.6273,OVER
2026-09-02T23:29:13,2026-2027,4,tottenham vs everton,2026-09-12,tottenham,everton,shots,Visitante,11.5,0.4332,UNDER
2026-09-02T23:29:13,2026-2027,4,tottenham vs everton,2026-09-12,tottenham,everton,shots,Visitante,13.5,0.2697,UNDER
2026-09-02T23:29:13,2026-2027,4,tottenham vs everton,2026-09-12,tottenham,everton,sot,Total,6.5,0.7531,OVER
2026-09-02T23:29:13,2026-2027,4,tottenham vs everton,2026-09-12,tottenham,everton,sot,Total,7.5,0.629,OVER
2026-09-02T23:29:13,2026-2027,4,tottenham vs everton,2026-09-12,tottenham,everton,sot,Total,8.5,0.4954,UNDER
2026-09-02T23:29:13,2026-2027,4,tottenham vs everton,2026-09-12,tottenham,everton,sot,Total,9.5,0.368,UNDER
2026-09-02T23:29:13,2026-2027,4,tottenham vs everton,2026-09-12,tottenham,everton,booking_pts,Total,30.5,0.6377,OVER
2026-09-02T23:29:13,2026-2027,4,tottenham vs everton,2026-09-12,tottenham,everton,booking_pts,Total,40.5,0.4675,UNDER
2026-09-02T23:29:13,2026-2027,4,tottenham vs everton,2026-09-12,tottenham,everton,booking_pts,Total,50.5,0.3166,UNDER
2026-09-02T23:29:13,2026-2027,3,fc koln vs werder bremen,2026-09-12,fc koln,werder bremen,1X2,Total,,0.492,1
2026-09-02T23:29:13,2026-2027,3,fc koln vs werder bremen,2026-09-12,fc koln,werder bremen,Goles,Total,2.5,0.5633,OVER
2026-09-02T23:29:13,2026-2027,3,fc koln vs werder bremen,2026-09-12,fc koln,werder bremen,corners,Total,7.5,0.7474,OVER
2026-09-02T23:29:13,2026-2027,3,fc koln vs werder bremen,2026-09-12,fc koln,werder bremen,corners,Total,8.5,0.6386,OVER
2026-09-02T23:29:13,2026-2027,3,fc koln vs werder bremen,2026-09-12,fc koln,werder bremen,corners,Total,9.5,0.5186,OVER
2026-09-02T23:29:13,2026-2027,3,fc koln vs werder bremen,2026-09-12,fc koln,werder bremen,corners,Total,10.5,0.3983,UNDER
2026-09-02T23:29:13,2026-2027,3,fc koln vs werder bremen,2026-09-12,fc koln,werder bremen,corners,Total,11.5,0.2909,UNDER
2026-09-02T23:29:13,2026-2027,3,fc koln vs werder bremen,2026-09-12,fc koln,werder bremen,corners,Local,3.5,0.7496,OVER
2026-09-02T23:29:13,2026-2027,3,fc koln vs werder bremen,2026-09-12,fc koln,werder bremen,corners,Local,4.5,0.6031,OVER
2026-09-02T23:29:13,2026-2027,3,fc koln vs werder bremen,2026-09-12,fc koln,werder bremen,corners,Local,5.5,0.4593,UNDER
2026-09-02T23:29:13,2026-2027,3,fc koln vs werder bremen,2026-09-12,fc koln,werder bremen,corners,Visitante,3.5,0.5885,OVER
2026-09-02T23:29:13,2026-2027,3,fc koln vs werder bremen,2026-09-12,fc koln,werder bremen,corners,Visitante,4.5,0.4232,UNDER
2026-09-02T23:29:13,2026-2027,3,fc koln vs werder bremen,2026-09-12,fc koln,werder bremen,corners,Visitante,5.5,0.2879,UNDER
2026-09-02T23:29:13,2026-2027,3,fc koln vs werder bremen,2026-09-12,fc koln,werder bremen,yellows,Total,2.5,0.7524,OVER
2026-09-02T23:29:13,2026-2027,3,fc koln vs werder bremen,2026-09-12,fc koln,werder bremen,yellows,Total,3.5,0.5652,OVER
2026-09-02T23:29:13,2026-2027,3,fc koln vs werder bremen,2026-09-12,fc koln,werder bremen,yellows,Total,4.5,0.3808,UNDER
2026-09-02T23:29:13,2026-2027,3,fc koln vs werder bremen,2026-09-12,fc koln,werder bremen,yellows,Total,5.5,0.2315,UNDER
2026-09-02T23:29:13,2026-2027,3,fc koln vs werder bremen,2026-09-12,fc koln,werder bremen,yellows,Total,6.5,0.1281,UNDER
2026-09-02T23:29:13,2026-2027,3,fc koln vs werder bremen,2026-09-12,fc koln,werder bremen,yellows,Local,1.5,0.5476,OVER
2026-09-02T23:29:13,2026-2027,3,fc koln vs werder bremen,2026-09-12,fc koln,werder bremen,yellows,Local,2.5,0.2598,UNDER
2026-09-02T23:29:13,2026-2027,3,fc koln vs werder bremen,2026-09-12,fc koln,werder bremen,yellows,Visitante,1.5,0.6974,OVER
2026-09-02T23:29:13,2026-2027,3,fc koln vs werder bremen,2026-09-12,fc koln,werder bremen,yellows,Visitante,2.5,0.4068,UNDER
2026-09-02T23:29:13,2026-2027,3,fc koln vs werder bremen,2026-09-12,fc koln,werder bremen,fouls,Total,19.5,0.3428,UNDER
2026-09-02T23:29:13,2026-2027,3,fc koln vs werder bremen,2026-09-12,fc koln,werder bremen,fouls,Total,21.5,0.2162,UNDER
2026-09-02T23:29:13,2026-2027,3,fc koln vs werder bremen,2026-09-12,fc koln,werder bremen,fouls,Total,23.5,0.1292,UNDER
2026-09-02T23:29:13,2026-2027,3,fc koln vs werder bremen,2026-09-12,fc koln,werder bremen,fouls,Total,25.5,0.0699,UNDER
2026-09-02T23:29:13,2026-2027,3,fc koln vs werder bremen,2026-09-12,fc koln,werder bremen,shots,Total,20.5,0.856,OVER
2026-09-02T23:29:13,2026-2027,3,fc koln vs werder bremen,2026-09-12,fc koln,werder bremen,shots,Total,22.5,0.7589,OVER
2026-09-02T23:29:13,2026-2027,3,fc koln vs werder bremen,2026-09-12,fc koln,werder bremen,shots,Total,24.5,0.6275,OVER
2026-09-02T23:29:13,2026-2027,3,fc koln vs werder bremen,2026-09-12,fc koln,werder bremen,shots,Total,26.5,0.478,UNDER
2026-09-02T23:29:13,2026-2027,3,fc koln vs werder bremen,2026-09-12,fc koln,werder bremen,shots,Local,9.5,0.8868,OVER
2026-09-02T23:29:13,2026-2027,3,fc koln vs werder bremen,2026-09-12,fc koln,werder bremen,shots,Local,11.5,0.7649,OVER
2026-09-02T23:29:13,2026-2027,3,fc koln vs werder bremen,2026-09-12,fc koln,werder bremen,shots,Local,13.5,0.6101,OVER
2026-09-02T23:29:13,2026-2027,3,fc koln vs werder bremen,2026-09-12,fc koln,werder bremen,shots,Visitante,9.5,0.6692,OVER
2026-09-02T23:29:13,2026-2027,3,fc koln vs werder bremen,2026-09-12,fc koln,werder bremen,shots,Visitante,11.5,0.4777,UNDER
2026-09-02T23:29:13,2026-2027,3,fc koln vs werder bremen,2026-09-12,fc koln,werder bremen,shots,Visitante,13.5,0.3077,UNDER
2026-09-02T23:29:13,2026-2027,3,fc koln vs werder bremen,2026-09-12,fc koln,werder bremen,sot,Total,6.5,0.7663,OVER
2026-09-02T23:29:13,2026-2027,3,fc koln vs werder bremen,2026-09-12,fc koln,werder bremen,sot,Total,7.5,0.6449,OVER
2026-09-02T23:29:13,2026-2027,3,fc koln vs werder bremen,2026-09-12,fc koln,werder bremen,sot,Total,8.5,0.512,OVER
2026-09-02T23:29:13,2026-2027,3,fc koln vs werder bremen,2026-09-12,fc koln,werder bremen,sot,Total,9.5,0.3837,UNDER
2026-09-02T23:29:13,2026-2027,3,fc koln vs werder bremen,2026-09-12,fc koln,werder bremen,booking_pts,Total,30.5,0.623,OVER
2026-09-02T23:29:13,2026-2027,3,fc koln vs werder bremen,2026-09-12,fc koln,werder bremen,booking_pts,Total,40.5,0.4542,UNDER
2026-09-02T23:29:13,2026-2027,3,fc koln vs werder bremen,2026-09-12,fc koln,werder bremen,booking_pts,Total,50.5,0.3067,UNDER
2026-09-02T23:29:13,2026-2027,4,atalanta vs cagliari,2026-09-12,atalanta,cagliari,1X2,Total,,0.5421,1
2026-09-02T23:29:13,2026-2027,4,atalanta vs cagliari,2026-09-12,atalanta,cagliari,Goles,Total,2.5,0.507,OVER
2026-09-02T23:29:13,2026-2027,4,atalanta vs cagliari,2026-09-12,atalanta,cagliari,corners,Total,7.5,0.7108,OVER
2026-09-02T23:29:13,2026-2027,4,atalanta vs cagliari,2026-09-12,atalanta,cagliari,corners,Total,8.5,0.5957,OVER
2026-09-02T23:29:13,2026-2027,4,atalanta vs cagliari,2026-09-12,atalanta,cagliari,corners,Total,9.5,0.4766,UNDER
2026-09-02T23:29:13,2026-2027,4,atalanta vs cagliari,2026-09-12,atalanta,cagliari,corners,Total,10.5,0.3581,UNDER
2026-09-02T23:29:13,2026-2027,4,atalanta vs cagliari,2026-09-12,atalanta,cagliari,corners,Total,11.5,0.255,UNDER
2026-09-02T23:29:13,2026-2027,4,atalanta vs cagliari,2026-09-12,atalanta,cagliari,corners,Local,3.5,0.7976,OVER
2026-09-02T23:29:13,2026-2027,4,atalanta vs cagliari,2026-09-12,atalanta,cagliari,corners,Local,4.5,0.6642,OVER
2026-09-02T23:29:13,2026-2027,4,atalanta vs cagliari,2026-09-12,atalanta,cagliari,corners,Local,5.5,0.5246,OVER
2026-09-02T23:29:13,2026-2027,4,atalanta vs cagliari,2026-09-12,atalanta,cagliari,corners,Visitante,3.5,0.4358,UNDER
2026-09-02T23:29:13,2026-2027,4,atalanta vs cagliari,2026-09-12,atalanta,cagliari,corners,Visitante,4.5,0.2808,UNDER
2026-09-02T23:29:13,2026-2027,4,atalanta vs cagliari,2026-09-12,atalanta,cagliari,corners,Visitante,5.5,0.1722,UNDER
2026-09-02T23:29:13,2026-2027,4,atalanta vs cagliari,2026-09-12,atalanta,cagliari,yellows,Total,2.5,0.6158,OVER
2026-09-02T23:29:13,2026-2027,4,atalanta vs cagliari,2026-09-12,atalanta,cagliari,yellows,Total,3.5,0.4055,UNDER
2026-09-02T23:29:13,2026-2027,4,atalanta vs cagliari,2026-09-12,atalanta,cagliari,yellows,Total,4.5,0.236,UNDER
2026-09-02T23:29:13,2026-2027,4,atalanta vs cagliari,2026-09-12,atalanta,cagliari,yellows,Total,5.5,0.1229,UNDER
2026-09-02T23:29:13,2026-2027,4,atalanta vs cagliari,2026-09-12,atalanta,cagliari,yellows,Total,6.5,0.0581,UNDER
2026-09-02T23:29:13,2026-2027,4,atalanta vs cagliari,2026-09-12,atalanta,cagliari,yellows,Local,1.5,0.4378,UNDER
2026-09-02T23:29:13,2026-2027,4,atalanta vs cagliari,2026-09-12,atalanta,cagliari,yellows,Local,2.5,0.1771,UNDER
2026-09-02T23:29:13,2026-2027,4,atalanta vs cagliari,2026-09-12,atalanta,cagliari,yellows,Visitante,1.5,0.5482,OVER
2026-09-02T23:29:13,2026-2027,4,atalanta vs cagliari,2026-09-12,atalanta,cagliari,yellows,Visitante,2.5,0.2602,UNDER
2026-09-02T23:29:13,2026-2027,4,atalanta vs cagliari,2026-09-12,atalanta,cagliari,fouls,Total,19.5,0.8071,OVER
2026-09-02T23:29:13,2026-2027,4,atalanta vs cagliari,2026-09-12,atalanta,cagliari,fouls,Total,21.5,0.6756,OVER
2026-09-02T23:29:13,2026-2027,4,atalanta vs cagliari,2026-09-12,atalanta,cagliari,fouls,Total,23.5,0.5167,OVER
2026-09-02T23:29:13,2026-2027,4,atalanta vs cagliari,2026-09-12,atalanta,cagliari,fouls,Total,25.5,0.3631,UNDER
2026-09-02T23:29:13,2026-2027,4,atalanta vs cagliari,2026-09-12,atalanta,cagliari,shots,Total,20.5,0.8524,OVER
2026-09-02T23:29:13,2026-2027,4,atalanta vs cagliari,2026-09-12,atalanta,cagliari,shots,Total,22.5,0.7538,OVER
2026-09-02T23:29:13,2026-2027,4,atalanta vs cagliari,2026-09-12,atalanta,cagliari,shots,Total,24.5,0.6214,OVER
2026-09-02T23:29:13,2026-2027,4,atalanta vs cagliari,2026-09-12,atalanta,cagliari,shots,Total,26.5,0.4718,UNDER
2026-09-02T23:29:13,2026-2027,4,atalanta vs cagliari,2026-09-12,atalanta,cagliari,shots,Local,9.5,0.8963,OVER
2026-09-02T23:29:13,2026-2027,4,atalanta vs cagliari,2026-09-12,atalanta,cagliari,shots,Local,11.5,0.7806,OVER
2026-09-02T23:29:13,2026-2027,4,atalanta vs cagliari,2026-09-12,atalanta,cagliari,shots,Local,13.5,0.6303,OVER
2026-09-02T23:29:13,2026-2027,4,atalanta vs cagliari,2026-09-12,atalanta,cagliari,shots,Visitante,9.5,0.6371,OVER
2026-09-02T23:29:13,2026-2027,4,atalanta vs cagliari,2026-09-12,atalanta,cagliari,shots,Visitante,11.5,0.4433,UNDER
2026-09-02T23:29:13,2026-2027,4,atalanta vs cagliari,2026-09-12,atalanta,cagliari,shots,Visitante,13.5,0.2782,UNDER
2026-09-02T23:29:13,2026-2027,4,atalanta vs cagliari,2026-09-12,atalanta,cagliari,sot,Total,6.5,0.739,OVER
2026-09-02T23:29:13,2026-2027,4,atalanta vs cagliari,2026-09-12,atalanta,cagliari,sot,Total,7.5,0.6124,OVER
2026-09-02T23:29:13,2026-2027,4,atalanta vs cagliari,2026-09-12,atalanta,cagliari,sot,Total,8.5,0.4784,UNDER
2026-09-02T23:29:13,2026-2027,4,atalanta vs cagliari,2026-09-12,atalanta,cagliari,sot,Total,9.5,0.3521,UNDER
2026-09-02T23:29:13,2026-2027,4,atalanta vs cagliari,2026-09-12,atalanta,cagliari,booking_pts,Total,30.5,0.5192,OVER
2026-09-02T23:29:13,2026-2027,4,atalanta vs cagliari,2026-09-12,atalanta,cagliari,booking_pts,Total,40.5,0.3599,UNDER
2026-09-02T23:29:13,2026-2027,4,atalanta vs cagliari,2026-09-12,atalanta,cagliari,booking_pts,Total,50.5,0.2321,UNDER
2026-09-02T23:29:13,2026-2027,4,lorient vs toulouse,2026-09-12,lorient,toulouse,1X2,Total,,0.4406,1
2026-09-02T23:29:13,2026-2027,4,lorient vs toulouse,2026-09-12,lorient,toulouse,Goles,Total,2.5,0.4422,UNDER
2026-09-02T23:29:13,2026-2027,4,lorient vs toulouse,2026-09-12,lorient,toulouse,corners,Total,7.5,0.6816,OVER
2026-09-02T23:29:13,2026-2027,4,lorient vs toulouse,2026-09-12,lorient,toulouse,corners,Total,8.5,0.5625,OVER
2026-09-02T23:29:13,2026-2027,4,lorient vs toulouse,2026-09-12,lorient,toulouse,corners,Total,9.5,0.4451,UNDER
2026-09-02T23:29:13,2026-2027,4,lorient vs toulouse,2026-09-12,lorient,toulouse,corners,Total,10.5,0.3287,UNDER
2026-09-02T23:29:13,2026-2027,4,lorient vs toulouse,2026-09-12,lorient,toulouse,corners,Total,11.5,0.2295,UNDER
2026-09-02T23:29:13,2026-2027,4,lorient vs toulouse,2026-09-12,lorient,toulouse,corners,Local,3.5,0.6333,OVER
2026-09-02T23:29:13,2026-2027,4,lorient vs toulouse,2026-09-12,lorient,toulouse,corners,Local,4.5,0.4698,UNDER
2026-09-02T23:29:13,2026-2027,4,lorient vs toulouse,2026-09-12,lorient,toulouse,corners,Local,5.5,0.3295,UNDER
2026-09-02T23:29:13,2026-2027,4,lorient vs toulouse,2026-09-12,lorient,toulouse,corners,Visitante,3.5,0.6149,OVER
2026-09-02T23:29:13,2026-2027,4,lorient vs toulouse,2026-09-12,lorient,toulouse,corners,Visitante,4.5,0.4504,UNDER
2026-09-02T23:29:13,2026-2027,4,lorient vs toulouse,2026-09-12,lorient,toulouse,corners,Visitante,5.5,0.3119,UNDER
2026-09-02T23:29:13,2026-2027,4,lorient vs toulouse,2026-09-12,lorient,toulouse,yellows,Total,2.5,0.7283,OVER
2026-09-02T23:29:13,2026-2027,4,lorient vs toulouse,2026-09-12,lorient,toulouse,yellows,Total,3.5,0.5345,OVER
2026-09-02T23:29:13,2026-2027,4,lorient vs toulouse,2026-09-12,lorient,toulouse,yellows,Total,4.5,0.3508,UNDER
2026-09-02T23:29:13,2026-2027,4,lorient vs toulouse,2026-09-12,lorient,toulouse,yellows,Total,5.5,0.2073,UNDER
2026-09-02T23:29:13,2026-2027,4,lorient vs toulouse,2026-09-12,lorient,toulouse,yellows,Total,6.5,0.1114,UNDER
2026-09-02T23:29:13,2026-2027,4,lorient vs toulouse,2026-09-12,lorient,toulouse,yellows,Local,1.5,0.4648,UNDER
2026-09-02T23:29:13,2026-2027,4,lorient vs toulouse,2026-09-12,lorient,toulouse,yellows,Local,2.5,0.1958,UNDER
2026-09-02T23:29:13,2026-2027,4,lorient vs toulouse,2026-09-12,lorient,toulouse,yellows,Visitante,1.5,0.7138,OVER
2026-09-02T23:29:13,2026-2027,4,lorient vs toulouse,2026-09-12,lorient,toulouse,yellows,Visitante,2.5,0.426,UNDER
2026-09-02T23:29:13,2026-2027,4,lorient vs toulouse,2026-09-12,lorient,toulouse,fouls,Total,19.5,0.7905,OVER
2026-09-02T23:29:13,2026-2027,4,lorient vs toulouse,2026-09-12,lorient,toulouse,fouls,Total,21.5,0.6447,OVER
2026-09-02T23:29:13,2026-2027,4,lorient vs toulouse,2026-09-12,lorient,toulouse,fouls,Total,23.5,0.4743,UNDER
2026-09-02T23:29:13,2026-2027,4,lorient vs toulouse,2026-09-12,lorient,toulouse,fouls,Total,25.5,0.3158,UNDER
2026-09-02T23:29:13,2026-2027,4,lorient vs toulouse,2026-09-12,lorient,toulouse,shots,Total,20.5,0.7085,OVER
2026-09-02T23:29:13,2026-2027,4,lorient vs toulouse,2026-09-12,lorient,toulouse,shots,Total,22.5,0.5682,OVER
2026-09-02T23:29:13,2026-2027,4,lorient vs toulouse,2026-09-12,lorient,toulouse,shots,Total,24.5,0.4233,UNDER
2026-09-02T23:29:13,2026-2027,4,lorient vs toulouse,2026-09-12,lorient,toulouse,shots,Total,26.5,0.2887,UNDER
2026-09-02T23:29:13,2026-2027,4,lorient vs toulouse,2026-09-12,lorient,toulouse,shots,Local,9.5,0.7664,OVER
2026-09-02T23:29:13,2026-2027,4,lorient vs toulouse,2026-09-12,lorient,toulouse,shots,Local,11.5,0.5924,OVER
2026-09-02T23:29:13,2026-2027,4,lorient vs toulouse,2026-09-12,lorient,toulouse,shots,Local,13.5,0.4154,UNDER
2026-09-02T23:29:13,2026-2027,4,lorient vs toulouse,2026-09-12,lorient,toulouse,shots,Visitante,9.5,0.5849,OVER
2026-09-02T23:29:13,2026-2027,4,lorient vs toulouse,2026-09-12,lorient,toulouse,shots,Visitante,11.5,0.3908,UNDER
2026-09-02T23:29:13,2026-2027,4,lorient vs toulouse,2026-09-12,lorient,toulouse,shots,Visitante,13.5,0.2354,UNDER
2026-09-02T23:29:13,2026-2027,4,lorient vs toulouse,2026-09-12,lorient,toulouse,sot,Total,6.5,0.691,OVER
2026-09-02T23:29:13,2026-2027,4,lorient vs toulouse,2026-09-12,lorient,toulouse,sot,Total,7.5,0.5577,OVER
2026-09-02T23:29:13,2026-2027,4,lorient vs toulouse,2026-09-12,lorient,toulouse,sot,Total,8.5,0.4239,UNDER
2026-09-02T23:29:13,2026-2027,4,lorient vs toulouse,2026-09-12,lorient,toulouse,sot,Total,9.5,0.3027,UNDER
2026-09-02T23:29:13,2026-2027,4,lorient vs toulouse,2026-09-12,lorient,toulouse,booking_pts,Total,30.5,0.6331,OVER
2026-09-02T23:29:13,2026-2027,4,lorient vs toulouse,2026-09-12,lorient,toulouse,booking_pts,Total,40.5,0.4729,UNDER
2026-09-02T23:29:13,2026-2027,4,lorient vs toulouse,2026-09-12,lorient,toulouse,booking_pts,Total,50.5,0.3299,UNDER
2026-09-02T23:29:13,2026-2027,4,auxerre vs nice,2026-09-12,auxerre,nice,1X2,Total,,0.4064,1
2026-09-02T23:29:13,2026-2027,4,auxerre vs nice,2026-09-12,auxerre,nice,Goles,Total,2.5,0.4076,UNDER
2026-09-02T23:29:13,2026-2027,4,auxerre vs nice,2026-09-12,auxerre,nice,corners,Total,7.5,0.7664,OVER
2026-09-02T23:29:13,2026-2027,4,auxerre vs nice,2026-09-12,auxerre,nice,corners,Total,8.5,0.6614,OVER
2026-09-02T23:29:13,2026-2027,4,auxerre vs nice,2026-09-12,auxerre,nice,corners,Total,9.5,0.5415,OVER
2026-09-02T23:29:13,2026-2027,4,auxerre vs nice,2026-09-12,auxerre,nice,corners,Total,10.5,0.4208,UNDER
2026-09-02T23:29:13,2026-2027,4,auxerre vs nice,2026-09-12,auxerre,nice,corners,Total,11.5,0.3114,UNDER
2026-09-02T23:29:13,2026-2027,4,auxerre vs nice,2026-09-12,auxerre,nice,corners,Local,3.5,0.7489,OVER
2026-09-02T23:29:13,2026-2027,4,auxerre vs nice,2026-09-12,auxerre,nice,corners,Local,4.5,0.6022,OVER
2026-09-02T23:29:13,2026-2027,4,auxerre vs nice,2026-09-12,auxerre,nice,corners,Local,5.5,0.4583,UNDER
2026-09-02T23:29:13,2026-2027,4,auxerre vs nice,2026-09-12,auxerre,nice,corners,Visitante,3.5,0.6256,OVER
2026-09-02T23:29:13,2026-2027,4,auxerre vs nice,2026-09-12,auxerre,nice,corners,Visitante,4.5,0.4616,UNDER
2026-09-02T23:29:13,2026-2027,4,auxerre vs nice,2026-09-12,auxerre,nice,corners,Visitante,5.5,0.322,UNDER
2026-09-02T23:29:13,2026-2027,4,auxerre vs nice,2026-09-12,auxerre,nice,yellows,Total,2.5,0.7584,OVER
2026-09-02T23:29:13,2026-2027,4,auxerre vs nice,2026-09-12,auxerre,nice,yellows,Total,3.5,0.5729,OVER
2026-09-02T23:29:13,2026-2027,4,auxerre vs nice,2026-09-12,auxerre,nice,yellows,Total,4.5,0.3886,UNDER
2026-09-02T23:29:13,2026-2027,4,auxerre vs nice,2026-09-12,auxerre,nice,yellows,Total,5.5,0.238,UNDER
2026-09-02T23:29:13,2026-2027,4,auxerre vs nice,2026-09-12,auxerre,nice,yellows,Total,6.5,0.1327,UNDER
2026-09-02T23:29:13,2026-2027,4,auxerre vs nice,2026-09-12,auxerre,nice,yellows,Local,1.5,0.5712,OVER
2026-09-02T23:29:13,2026-2027,4,auxerre vs nice,2026-09-12,auxerre,nice,yellows,Local,2.5,0.28,UNDER
2026-09-02T23:29:13,2026-2027,4,auxerre vs nice,2026-09-12,auxerre,nice,yellows,Visitante,1.5,0.6903,OVER
2026-09-02T23:29:13,2026-2027,4,auxerre vs nice,2026-09-12,auxerre,nice,yellows,Visitante,2.5,0.3987,UNDER
2026-09-02T23:29:13,2026-2027,4,auxerre vs nice,2026-09-12,auxerre,nice,fouls,Total,19.5,0.9112,OVER
2026-09-02T23:29:13,2026-2027,4,auxerre vs nice,2026-09-12,auxerre,nice,fouls,Total,21.5,0.8229,OVER
2026-09-02T23:29:13,2026-2027,4,auxerre vs nice,2026-09-12,auxerre,nice,fouls,Total,23.5,0.6881,OVER
2026-09-02T23:29:13,2026-2027,4,auxerre vs nice,2026-09-12,auxerre,nice,fouls,Total,25.5,0.5322,OVER
2026-09-02T23:29:13,2026-2027,4,auxerre vs nice,2026-09-12,auxerre,nice,shots,Total,20.5,0.7165,OVER
2026-09-02T23:29:13,2026-2027,4,auxerre vs nice,2026-09-12,auxerre,nice,shots,Total,22.5,0.5778,OVER
2026-09-02T23:29:13,2026-2027,4,auxerre vs nice,2026-09-12,auxerre,nice,shots,Total,24.5,0.4326,UNDER
2026-09-02T23:29:13,2026-2027,4,auxerre vs nice,2026-09-12,auxerre,nice,shots,Total,26.5,0.2966,UNDER
2026-09-02T23:29:13,2026-2027,4,auxerre vs nice,2026-09-12,auxerre,nice,shots,Local,9.5,0.7959,OVER
2026-09-02T23:29:13,2026-2027,4,auxerre vs nice,2026-09-12,auxerre,nice,shots,Local,11.5,0.631,OVER
2026-09-02T23:29:13,2026-2027,4,auxerre vs nice,2026-09-12,auxerre,nice,shots,Local,13.5,0.4553,UNDER
2026-09-02T23:29:13,2026-2027,4,auxerre vs nice,2026-09-12,auxerre,nice,shots,Visitante,9.5,0.5539,OVER
2026-09-02T23:29:13,2026-2027,4,auxerre vs nice,2026-09-12,auxerre,nice,shots,Visitante,11.5,0.3612,UNDER
2026-09-02T23:29:13,2026-2027,4,auxerre vs nice,2026-09-12,auxerre,nice,shots,Visitante,13.5,0.2124,UNDER
2026-09-02T23:29:13,2026-2027,4,auxerre vs nice,2026-09-12,auxerre,nice,sot,Total,6.5,0.6872,OVER
2026-09-02T23:29:13,2026-2027,4,auxerre vs nice,2026-09-12,auxerre,nice,sot,Total,7.5,0.5535,OVER
2026-09-02T23:29:13,2026-2027,4,auxerre vs nice,2026-09-12,auxerre,nice,sot,Total,8.5,0.4198,UNDER
2026-09-02T23:29:13,2026-2027,4,auxerre vs nice,2026-09-12,auxerre,nice,sot,Total,9.5,0.2991,UNDER
2026-09-02T23:29:13,2026-2027,4,auxerre vs nice,2026-09-12,auxerre,nice,booking_pts,Total,30.5,0.6645,OVER
2026-09-02T23:29:13,2026-2027,4,auxerre vs nice,2026-09-12,auxerre,nice,booking_pts,Total,40.5,0.5063,OVER
2026-09-02T23:29:13,2026-2027,4,auxerre vs nice,2026-09-12,auxerre,nice,booking_pts,Total,50.5,0.3604,UNDER
2026-09-02T23:29:13,2026-2027,4,le havre vs angers,2026-09-12,le havre,angers,1X2,Total,,0.4485,1
2026-09-02T23:29:13,2026-2027,4,le havre vs angers,2026-09-12,le havre,angers,Goles,Total,2.5,0.4219,UNDER
2026-09-02T23:29:13,2026-2027,4,le havre vs angers,2026-09-12,le havre,angers,corners,Total,7.5,0.6469,OVER
2026-09-02T23:29:13,2026-2027,4,le havre vs angers,2026-09-12,le havre,angers,corners,Total,8.5,0.5241,OVER
2026-09-02T23:29:13,2026-2027,4,le havre vs angers,2026-09-12,le havre,angers,corners,Total,9.5,0.4095,UNDER
2026-09-02T23:29:13,2026-2027,4,le havre vs angers,2026-09-12,le havre,angers,corners,Total,10.5,0.2963,UNDER
2026-09-02T23:29:13,2026-2027,4,le havre vs angers,2026-09-12,le havre,angers,corners,Total,11.5,0.2021,UNDER
2026-09-02T23:29:13,2026-2027,4,le havre vs angers,2026-09-12,le havre,angers,corners,Local,3.5,0.6882,OVER
2026-09-02T23:29:13,2026-2027,4,le havre vs angers,2026-09-12,le havre,angers,corners,Local,4.5,0.5304,OVER
2026-09-02T23:29:13,2026-2027,4,le havre vs angers,2026-09-12,le havre,angers,corners,Local,5.5,0.3864,UNDER
2026-09-02T23:29:13,2026-2027,4,le havre vs angers,2026-09-12,le havre,angers,corners,Visitante,3.5,0.4931,UNDER
2026-09-02T23:29:13,2026-2027,4,le havre vs angers,2026-09-12,le havre,angers,corners,Visitante,4.5,0.3314,UNDER
2026-09-02T23:29:13,2026-2027,4,le havre vs angers,2026-09-12,le havre,angers,corners,Visitante,5.5,0.2114,UNDER
2026-09-02T23:29:13,2026-2027,4,le havre vs angers,2026-09-12,le havre,angers,yellows,Total,2.5,0.6956,OVER
2026-09-02T23:29:13,2026-2027,4,le havre vs angers,2026-09-12,le havre,angers,yellows,Total,3.5,0.4947,UNDER
2026-09-02T23:29:13,2026-2027,4,le havre vs angers,2026-09-12,le havre,angers,yellows,Total,4.5,0.3134,UNDER
2026-09-02T23:29:13,2026-2027,4,le havre vs angers,2026-09-12,le havre,angers,yellows,Total,5.5,0.1784,UNDER
2026-09-02T23:29:13,2026-2027,4,le havre vs angers,2026-09-12,le havre,angers,yellows,Total,6.5,0.0923,UNDER
2026-09-02T23:29:13,2026-2027,4,le havre vs angers,2026-09-12,le havre,angers,yellows,Local,1.5,0.5276,OVER
2026-09-02T23:29:13,2026-2027,4,le havre vs angers,2026-09-12,le havre,angers,yellows,Local,2.5,0.2434,UNDER
2026-09-02T23:29:13,2026-2027,4,le havre vs angers,2026-09-12,le havre,angers,yellows,Visitante,1.5,0.6108,OVER
2026-09-02T23:29:13,2026-2027,4,le havre vs angers,2026-09-12,le havre,angers,yellows,Visitante,2.5,0.3163,UNDER
2026-09-02T23:29:13,2026-2027,4,le havre vs angers,2026-09-12,le havre,angers,fouls,Total,19.5,0.9243,OVER
2026-09-02T23:29:13,2026-2027,4,le havre vs angers,2026-09-12,le havre,angers,fouls,Total,21.5,0.8452,OVER
2026-09-02T23:29:13,2026-2027,4,le havre vs angers,2026-09-12,le havre,angers,fouls,Total,23.5,0.7193,OVER
2026-09-02T23:29:13,2026-2027,4,le havre vs angers,2026-09-12,le havre,angers,fouls,Total,25.5,0.5687,OVER
2026-09-02T23:29:13,2026-2027,4,le havre vs angers,2026-09-12,le havre,angers,shots,Total,20.5,0.7642,OVER
2026-09-02T23:29:13,2026-2027,4,le havre vs angers,2026-09-12,le havre,angers,shots,Total,22.5,0.6363,OVER
2026-09-02T23:29:13,2026-2027,4,le havre vs angers,2026-09-12,le havre,angers,shots,Total,24.5,0.4917,UNDER
2026-09-02T23:29:13,2026-2027,4,le havre vs angers,2026-09-12,le havre,angers,shots,Total,26.5,0.3482,UNDER
2026-09-02T23:29:13,2026-2027,4,le havre vs angers,2026-09-12,le havre,angers,shots,Local,9.5,0.8395,OVER
2026-09-02T23:29:13,2026-2027,4,le havre vs angers,2026-09-12,le havre,angers,shots,Local,11.5,0.692,OVER
2026-09-02T23:29:13,2026-2027,4,le havre vs angers,2026-09-12,le havre,angers,shots,Local,13.5,0.5224,OVER
2026-09-02T23:29:13,2026-2027,4,le havre vs angers,2026-09-12,le havre,angers,shots,Visitante,9.5,0.5664,OVER
2026-09-02T23:29:13,2026-2027,4,le havre vs angers,2026-09-12,le havre,angers,shots,Visitante,11.5,0.373,UNDER
2026-09-02T23:29:13,2026-2027,4,le havre vs angers,2026-09-12,le havre,angers,shots,Visitante,13.5,0.2215,UNDER
2026-09-02T23:29:13,2026-2027,4,le havre vs angers,2026-09-12,le havre,angers,sot,Total,6.5,0.7441,OVER
2026-09-02T23:29:13,2026-2027,4,le havre vs angers,2026-09-12,le havre,angers,sot,Total,7.5,0.6184,OVER
2026-09-02T23:29:13,2026-2027,4,le havre vs angers,2026-09-12,le havre,angers,sot,Total,8.5,0.4845,UNDER
2026-09-02T23:29:13,2026-2027,4,le havre vs angers,2026-09-12,le havre,angers,sot,Total,9.5,0.3578,UNDER
2026-09-02T23:29:13,2026-2027,4,le havre vs angers,2026-09-12,le havre,angers,booking_pts,Total,30.5,0.6017,OVER
2026-09-02T23:29:13,2026-2027,4,le havre vs angers,2026-09-12,le havre,angers,booking_pts,Total,40.5,0.4409,UNDER
2026-09-02T23:29:13,2026-2027,4,le havre vs angers,2026-09-12,le havre,angers,booking_pts,Total,50.5,0.3014,UNDER
2026-09-02T23:29:13,2026-2027,4,paris fc vs lyon,2026-09-12,paris fc,lyon,1X2,Total,,0.4037,1
2026-09-02T23:29:13,2026-2027,4,paris fc vs lyon,2026-09-12,paris fc,lyon,Goles,Total,2.5,0.5478,OVER
2026-09-02T23:29:13,2026-2027,4,paris fc vs lyon,2026-09-12,paris fc,lyon,corners,Total,7.5,0.7868,OVER
2026-09-02T23:29:13,2026-2027,4,paris fc vs lyon,2026-09-12,paris fc,lyon,corners,Total,8.5,0.6863,OVER
2026-09-02T23:29:13,2026-2027,4,paris fc vs lyon,2026-09-12,paris fc,lyon,corners,Total,9.5,0.567,OVER
2026-09-02T23:29:13,2026-2027,4,paris fc vs lyon,2026-09-12,paris fc,lyon,corners,Total,10.5,0.4464,UNDER
2026-09-02T23:29:13,2026-2027,4,paris fc vs lyon,2026-09-12,paris fc,lyon,corners,Total,11.5,0.3352,UNDER
2026-09-02T23:29:13,2026-2027,4,paris fc vs lyon,2026-09-12,paris fc,lyon,corners,Local,3.5,0.691,OVER
2026-09-02T23:29:13,2026-2027,4,paris fc vs lyon,2026-09-12,paris fc,lyon,corners,Local,4.5,0.5336,OVER
2026-09-02T23:29:13,2026-2027,4,paris fc vs lyon,2026-09-12,paris fc,lyon,corners,Local,5.5,0.3895,UNDER
2026-09-02T23:29:13,2026-2027,4,paris fc vs lyon,2026-09-12,paris fc,lyon,corners,Visitante,3.5,0.7257,OVER
2026-09-02T23:29:13,2026-2027,4,paris fc vs lyon,2026-09-12,paris fc,lyon,corners,Visitante,4.5,0.5742,OVER
2026-09-02T23:29:13,2026-2027,4,paris fc vs lyon,2026-09-12,paris fc,lyon,corners,Visitante,5.5,0.4296,UNDER
2026-09-02T23:29:13,2026-2027,4,paris fc vs lyon,2026-09-12,paris fc,lyon,yellows,Total,2.5,0.7612,OVER
2026-09-02T23:29:13,2026-2027,4,paris fc vs lyon,2026-09-12,paris fc,lyon,yellows,Total,3.5,0.5766,OVER
2026-09-02T23:29:13,2026-2027,4,paris fc vs lyon,2026-09-12,paris fc,lyon,yellows,Total,4.5,0.3923,UNDER
2026-09-02T23:29:13,2026-2027,4,paris fc vs lyon,2026-09-12,paris fc,lyon,yellows,Total,5.5,0.241,UNDER
2026-09-02T23:29:13,2026-2027,4,paris fc vs lyon,2026-09-12,paris fc,lyon,yellows,Total,6.5,0.1348,UNDER
2026-09-02T23:29:13,2026-2027,4,paris fc vs lyon,2026-09-12,paris fc,lyon,yellows,Local,1.5,0.7063,OVER
2026-09-02T23:29:13,2026-2027,4,paris fc vs lyon,2026-09-12,paris fc,lyon,yellows,Local,2.5,0.4171,UNDER
2026-09-02T23:29:13,2026-2027,4,paris fc vs lyon,2026-09-12,paris fc,lyon,yellows,Visitante,1.5,0.5566,OVER
2026-09-02T23:29:13,2026-2027,4,paris fc vs lyon,2026-09-12,paris fc,lyon,yellows,Visitante,2.5,0.2674,UNDER
2026-09-02T23:29:13,2026-2027,4,paris fc vs lyon,2026-09-12,paris fc,lyon,fouls,Total,19.5,0.8147,OVER
2026-09-02T23:29:13,2026-2027,4,paris fc vs lyon,2026-09-12,paris fc,lyon,fouls,Total,21.5,0.6774,OVER
2026-09-02T23:29:13,2026-2027,4,paris fc vs lyon,2026-09-12,paris fc,lyon,fouls,Total,23.5,0.5095,OVER
2026-09-02T23:29:13,2026-2027,4,paris fc vs lyon,2026-09-12,paris fc,lyon,fouls,Total,25.5,0.3479,UNDER
2026-09-02T23:29:13,2026-2027,4,paris fc vs lyon,2026-09-12,paris fc,lyon,shots,Total,20.5,0.7617,OVER
2026-09-02T23:29:13,2026-2027,4,paris fc vs lyon,2026-09-12,paris fc,lyon,shots,Total,22.5,0.6331,OVER
2026-09-02T23:29:13,2026-2027,4,paris fc vs lyon,2026-09-12,paris fc,lyon,shots,Total,24.5,0.4884,UNDER
2026-09-02T23:29:13,2026-2027,4,paris fc vs lyon,2026-09-12,paris fc,lyon,shots,Total,26.5,0.3452,UNDER
2026-09-02T23:29:13,2026-2027,4,paris fc vs lyon,2026-09-12,paris fc,lyon,shots,Local,9.5,0.81,OVER
2026-09-02T23:29:13,2026-2027,4,paris fc vs lyon,2026-09-12,paris fc,lyon,shots,Local,11.5,0.6502,OVER
2026-09-02T23:29:13,2026-2027,4,paris fc vs lyon,2026-09-12,paris fc,lyon,shots,Local,13.5,0.4758,UNDER
2026-09-02T23:29:13,2026-2027,4,paris fc vs lyon,2026-09-12,paris fc,lyon,shots,Visitante,9.5,0.6138,OVER
2026-09-02T23:29:13,2026-2027,4,paris fc vs lyon,2026-09-12,paris fc,lyon,shots,Visitante,11.5,0.4194,UNDER
2026-09-02T23:29:13,2026-2027,4,paris fc vs lyon,2026-09-12,paris fc,lyon,shots,Visitante,13.5,0.2584,UNDER
2026-09-02T23:29:13,2026-2027,4,paris fc vs lyon,2026-09-12,paris fc,lyon,sot,Total,6.5,0.713,OVER
2026-09-02T23:29:13,2026-2027,4,paris fc vs lyon,2026-09-12,paris fc,lyon,sot,Total,7.5,0.5825,OVER
2026-09-02T23:29:13,2026-2027,4,paris fc vs lyon,2026-09-12,paris fc,lyon,sot,Total,8.5,0.4483,UNDER
2026-09-02T23:29:13,2026-2027,4,paris fc vs lyon,2026-09-12,paris fc,lyon,sot,Total,9.5,0.3245,UNDER
2026-09-02T23:29:13,2026-2027,4,paris fc vs lyon,2026-09-12,paris fc,lyon,booking_pts,Total,30.5,0.6674,OVER
2026-09-02T23:29:13,2026-2027,4,paris fc vs lyon,2026-09-12,paris fc,lyon,booking_pts,Total,40.5,0.5094,OVER
2026-09-02T23:29:13,2026-2027,4,paris fc vs lyon,2026-09-12,paris fc,lyon,booking_pts,Total,50.5,0.3634,UNDER
2026-09-02T23:29:13,2026-2027,4,sunderland vs arsenal,2026-09-12,sunderland,arsenal,1X2,Total,,0.5397,2
2026-09-02T23:29:13,2026-2027,4,sunderland vs arsenal,2026-09-12,sunderland,arsenal,Goles,Total,2.5,0.4795,UNDER
2026-09-02T23:29:13,2026-2027,4,sunderland vs arsenal,2026-09-12,sunderland,arsenal,corners,Total,7.5,0.6699,OVER
2026-09-02T23:29:13,2026-2027,4,sunderland vs arsenal,2026-09-12,sunderland,arsenal,corners,Total,8.5,0.5495,OVER
2026-09-02T23:29:13,2026-2027,4,sunderland vs arsenal,2026-09-12,sunderland,arsenal,corners,Total,9.5,0.4328,UNDER
2026-09-02T23:29:13,2026-2027,4,sunderland vs arsenal,2026-09-12,sunderland,arsenal,corners,Total,10.5,0.3175,UNDER
2026-09-02T23:29:13,2026-2027,4,sunderland vs arsenal,2026-09-12,sunderland,arsenal,corners,Total,11.5,0.2199,UNDER
2026-09-02T23:29:13,2026-2027,4,sunderland vs arsenal,2026-09-12,sunderland,arsenal,corners,Local,3.5,0.4277,UNDER
2026-09-02T23:29:13,2026-2027,4,sunderland vs arsenal,2026-09-12,sunderland,arsenal,corners,Local,4.5,0.2739,UNDER
2026-09-02T23:29:13,2026-2027,4,sunderland vs arsenal,2026-09-12,sunderland,arsenal,corners,Local,5.5,0.167,UNDER
2026-09-02T23:29:13,2026-2027,4,sunderland vs arsenal,2026-09-12,sunderland,arsenal,corners,Visitante,3.5,0.7588,OVER
2026-09-02T23:29:13,2026-2027,4,sunderland vs arsenal,2026-09-12,sunderland,arsenal,corners,Visitante,4.5,0.6146,OVER
2026-09-02T23:29:13,2026-2027,4,sunderland vs arsenal,2026-09-12,sunderland,arsenal,corners,Visitante,5.5,0.4712,UNDER
2026-09-02T23:29:13,2026-2027,4,sunderland vs arsenal,2026-09-12,sunderland,arsenal,yellows,Total,2.5,0.7104,OVER
2026-09-02T23:29:13,2026-2027,4,sunderland vs arsenal,2026-09-12,sunderland,arsenal,yellows,Total,3.5,0.5125,OVER
2026-09-02T23:29:13,2026-2027,4,sunderland vs arsenal,2026-09-12,sunderland,arsenal,yellows,Total,4.5,0.3299,UNDER
2026-09-02T23:29:13,2026-2027,4,sunderland vs arsenal,2026-09-12,sunderland,arsenal,yellows,Total,5.5,0.191,UNDER
2026-09-02T23:29:13,2026-2027,4,sunderland vs arsenal,2026-09-12,sunderland,arsenal,yellows,Total,6.5,0.1005,UNDER
2026-09-02T23:29:13,2026-2027,4,sunderland vs arsenal,2026-09-12,sunderland,arsenal,yellows,Local,1.5,0.6401,OVER
2026-09-02T23:29:13,2026-2027,4,sunderland vs arsenal,2026-09-12,sunderland,arsenal,yellows,Local,2.5,0.3451,UNDER
2026-09-02T23:29:13,2026-2027,4,sunderland vs arsenal,2026-09-12,sunderland,arsenal,yellows,Visitante,1.5,0.5248,OVER
2026-09-02T23:29:13,2026-2027,4,sunderland vs arsenal,2026-09-12,sunderland,arsenal,yellows,Visitante,2.5,0.2411,UNDER
2026-09-02T23:29:13,2026-2027,4,sunderland vs arsenal,2026-09-12,sunderland,arsenal,fouls,Total,19.5,0.8311,OVER
2026-09-02T23:29:13,2026-2027,4,sunderland vs arsenal,2026-09-12,sunderland,arsenal,fouls,Total,21.5,0.6929,OVER
2026-09-02T23:29:13,2026-2027,4,sunderland vs arsenal,2026-09-12,sunderland,arsenal,fouls,Total,23.5,0.5185,OVER
2026-09-02T23:29:13,2026-2027,4,sunderland vs arsenal,2026-09-12,sunderland,arsenal,fouls,Total,25.5,0.3485,UNDER
2026-09-02T23:29:13,2026-2027,4,sunderland vs arsenal,2026-09-12,sunderland,arsenal,shots,Total,20.5,0.6913,OVER
2026-09-02T23:29:13,2026-2027,4,sunderland vs arsenal,2026-09-12,sunderland,arsenal,shots,Total,22.5,0.548,OVER
2026-09-02T23:29:13,2026-2027,4,sunderland vs arsenal,2026-09-12,sunderland,arsenal,shots,Total,24.5,0.4038,UNDER
2026-09-02T23:29:13,2026-2027,4,sunderland vs arsenal,2026-09-12,sunderland,arsenal,shots,Total,26.5,0.2724,UNDER
2026-09-02T23:29:13,2026-2027,4,sunderland vs arsenal,2026-09-12,sunderland,arsenal,shots,Local,9.5,0.4801,UNDER
2026-09-02T23:29:13,2026-2027,4,sunderland vs arsenal,2026-09-12,sunderland,arsenal,shots,Local,11.5,0.2956,UNDER
2026-09-02T23:29:13,2026-2027,4,sunderland vs arsenal,2026-09-12,sunderland,arsenal,shots,Local,13.5,0.1644,UNDER
2026-09-02T23:29:13,2026-2027,4,sunderland vs arsenal,2026-09-12,sunderland,arsenal,shots,Visitante,9.5,0.8124,OVER
2026-09-02T23:29:13,2026-2027,4,sunderland vs arsenal,2026-09-12,sunderland,arsenal,shots,Visitante,11.5,0.6535,OVER
2026-09-02T23:29:13,2026-2027,4,sunderland vs arsenal,2026-09-12,sunderland,arsenal,shots,Visitante,13.5,0.4794,UNDER
2026-09-02T23:29:13,2026-2027,4,sunderland vs arsenal,2026-09-12,sunderland,arsenal,sot,Total,6.5,0.6384,OVER
2026-09-02T23:29:13,2026-2027,4,sunderland vs arsenal,2026-09-12,sunderland,arsenal,sot,Total,7.5,0.5008,OVER
2026-09-02T23:29:13,2026-2027,4,sunderland vs arsenal,2026-09-12,sunderland,arsenal,sot,Total,8.5,0.3699,UNDER
2026-09-02T23:29:13,2026-2027,4,sunderland vs arsenal,2026-09-12,sunderland,arsenal,sot,Total,9.5,0.2558,UNDER
2026-09-02T23:29:13,2026-2027,4,sunderland vs arsenal,2026-09-12,sunderland,arsenal,booking_pts,Total,30.5,0.5673,OVER
2026-09-02T23:29:13,2026-2027,4,sunderland vs arsenal,2026-09-12,sunderland,arsenal,booking_pts,Total,40.5,0.3956,UNDER
2026-09-02T23:29:13,2026-2027,4,sunderland vs arsenal,2026-09-12,sunderland,arsenal,booking_pts,Total,50.5,0.2545,UNDER
2026-09-02T23:58:28,2026-2027,4,vallecano vs santander,2026-09-05,vallecano,santander,corners,Total,7.5,0.9675,OVER
2026-09-02T23:58:28,2026-2027,4,vallecano vs santander,2026-09-05,vallecano,santander,corners,Total,8.5,0.9393,OVER
2026-09-02T23:58:28,2026-2027,4,vallecano vs santander,2026-09-05,vallecano,santander,corners,Total,9.5,0.8791,OVER
2026-09-02T23:58:28,2026-2027,4,vallecano vs santander,2026-09-05,vallecano,santander,corners,Total,10.5,0.8076,OVER
2026-09-02T23:58:28,2026-2027,4,vallecano vs santander,2026-09-05,vallecano,santander,corners,Total,11.5,0.7233,OVER
2026-09-02T23:58:28,2026-2027,4,vallecano vs santander,2026-09-05,vallecano,santander,corners,Local,3.5,0.9742,OVER
2026-09-02T23:58:28,2026-2027,4,vallecano vs santander,2026-09-05,vallecano,santander,corners,Local,4.5,0.9407,OVER
2026-09-02T23:58:28,2026-2027,4,vallecano vs santander,2026-09-05,vallecano,santander,corners,Local,5.5,0.8878,OVER
2026-09-02T23:58:28,2026-2027,4,vallecano vs santander,2026-09-05,vallecano,santander,corners,Visitante,3.5,0.6897,OVER
2026-09-02T23:58:28,2026-2027,4,vallecano vs santander,2026-09-05,vallecano,santander,corners,Visitante,4.5,0.5321,OVER
2026-09-02T23:58:28,2026-2027,4,vallecano vs santander,2026-09-05,vallecano,santander,corners,Visitante,5.5,0.388,UNDER
2026-09-02T23:58:28,2026-2027,4,vallecano vs santander,2026-09-05,vallecano,santander,yellows,Total,2.5,0.8055,OVER
2026-09-02T23:58:28,2026-2027,4,vallecano vs santander,2026-09-05,vallecano,santander,yellows,Total,3.5,0.6369,OVER
2026-09-02T23:58:28,2026-2027,4,vallecano vs santander,2026-09-05,vallecano,santander,yellows,Total,4.5,0.4556,UNDER
2026-09-02T23:58:28,2026-2027,4,vallecano vs santander,2026-09-05,vallecano,santander,yellows,Total,5.5,0.2956,UNDER
2026-09-02T23:58:28,2026-2027,4,vallecano vs santander,2026-09-05,vallecano,santander,yellows,Total,6.5,0.1751,UNDER
2026-09-02T23:58:28,2026-2027,4,vallecano vs santander,2026-09-05,vallecano,santander,yellows,Local,1.5,0.6268,OVER
2026-09-02T23:58:28,2026-2027,4,vallecano vs santander,2026-09-05,vallecano,santander,yellows,Local,2.5,0.3318,UNDER
2026-09-02T23:58:28,2026-2027,4,vallecano vs santander,2026-09-05,vallecano,santander,yellows,Visitante,1.5,0.736,OVER
2026-09-02T23:58:28,2026-2027,4,vallecano vs santander,2026-09-05,vallecano,santander,yellows,Visitante,2.5,0.453,UNDER
2026-09-02T23:58:28,2026-2027,4,vallecano vs santander,2026-09-05,vallecano,santander,fouls,Total,19.5,0.9791,OVER
2026-09-02T23:58:28,2026-2027,4,vallecano vs santander,2026-09-05,vallecano,santander,fouls,Total,21.5,0.9481,OVER
2026-09-02T23:58:28,2026-2027,4,vallecano vs santander,2026-09-05,vallecano,santander,fouls,Total,23.5,0.8839,OVER
2026-09-02T23:58:28,2026-2027,4,vallecano vs santander,2026-09-05,vallecano,santander,fouls,Total,25.5,0.788,OVER
2026-09-02T23:58:28,2026-2027,4,vallecano vs santander,2026-09-05,vallecano,santander,shots,Total,20.5,0.8611,OVER
2026-09-02T23:58:28,2026-2027,4,vallecano vs santander,2026-09-05,vallecano,santander,shots,Total,22.5,0.7662,OVER
2026-09-02T23:58:28,2026-2027,4,vallecano vs santander,2026-09-05,vallecano,santander,shots,Total,24.5,0.6362,OVER
2026-09-02T23:58:28,2026-2027,4,vallecano vs santander,2026-09-05,vallecano,santander,shots,Total,26.5,0.487,UNDER
2026-09-02T23:58:28,2026-2027,4,vallecano vs santander,2026-09-05,vallecano,santander,shots,Local,9.5,0.8838,OVER
2026-09-02T23:58:28,2026-2027,4,vallecano vs santander,2026-09-05,vallecano,santander,shots,Local,11.5,0.7601,OVER
2026-09-02T23:58:28,2026-2027,4,vallecano vs santander,2026-09-05,vallecano,santander,shots,Local,13.5,0.6042,OVER
2026-09-02T23:58:28,2026-2027,4,vallecano vs santander,2026-09-05,vallecano,santander,shots,Visitante,9.5,0.6881,OVER
2026-09-02T23:58:28,2026-2027,4,vallecano vs santander,2026-09-05,vallecano,santander,shots,Visitante,11.5,0.4988,UNDER
2026-09-02T23:58:28,2026-2027,4,vallecano vs santander,2026-09-05,vallecano,santander,shots,Visitante,13.5,0.3264,UNDER
2026-09-02T23:58:28,2026-2027,4,vallecano vs santander,2026-09-05,vallecano,santander,sot,Total,6.5,0.8009,OVER
2026-09-02T23:58:28,2026-2027,4,vallecano vs santander,2026-09-05,vallecano,santander,sot,Total,7.5,0.6875,OVER
2026-09-02T23:58:28,2026-2027,4,vallecano vs santander,2026-09-05,vallecano,santander,sot,Total,8.5,0.5577,OVER
2026-09-02T23:58:28,2026-2027,4,vallecano vs santander,2026-09-05,vallecano,santander,sot,Total,9.5,0.4282,UNDER
2026-09-02T23:58:28,2026-2027,4,vallecano vs santander,2026-09-05,vallecano,santander,booking_pts,Total,30.5,0.7116,OVER
2026-09-02T23:58:28,2026-2027,4,vallecano vs santander,2026-09-05,vallecano,santander,booking_pts,Total,40.5,0.5579,OVER
2026-09-02T23:58:28,2026-2027,4,vallecano vs santander,2026-09-05,vallecano,santander,booking_pts,Total,50.5,0.4091,UNDER
2026-09-03T01:01:28,2026-2027,3,toulouse vs lille,2026-09-03,toulouse,lille,ht_1x2,Total,,0.4782,X
2026-09-03T01:01:28,2026-2027,3,toulouse vs lille,2026-09-03,toulouse,lille,ht_goles,Total,0.5,0.6144,OVER
2026-09-03T01:01:28,2026-2027,3,toulouse vs lille,2026-09-03,toulouse,lille,ht_goles,Total,1.5,0.247,UNDER
2026-09-03T01:01:28,2026-2027,3,toulouse vs lille,2026-09-03,toulouse,lille,ht_goles,Total,2.5,0.0719,UNDER
2026-09-03T01:01:28,2026-2027,3,toulouse vs lille,2026-09-03,toulouse,lille,ht_ft,Total,,0.2056,X/X
2026-09-03T01:01:28,2026-2027,6,sociedad vs celta,2026-09-03,sociedad,celta,ht_1x2,Total,,0.4208,X
2026-09-03T01:01:28,2026-2027,6,sociedad vs celta,2026-09-03,sociedad,celta,ht_goles,Total,0.5,0.6933,OVER
2026-09-03T01:01:28,2026-2027,6,sociedad vs celta,2026-09-03,sociedad,celta,ht_goles,Total,1.5,0.3308,UNDER
2026-09-03T01:01:28,2026-2027,6,sociedad vs celta,2026-09-03,sociedad,celta,ht_goles,Total,2.5,0.1166,UNDER
2026-09-03T01:01:28,2026-2027,6,sociedad vs celta,2026-09-03,sociedad,celta,ht_ft,Total,,0.275,1/1
2026-09-03T01:01:28,2026-2027,3,lyon vs auxerre,2026-09-04,lyon,auxerre,ht_1x2,Total,,0.4237,X
2026-09-03T01:01:28,2026-2027,3,lyon vs auxerre,2026-09-04,lyon,auxerre,ht_goles,Total,0.5,0.6814,OVER
2026-09-03T01:01:28,2026-2027,3,lyon vs auxerre,2026-09-04,lyon,auxerre,ht_goles,Total,1.5,0.317,UNDER
2026-09-03T01:01:28,2026-2027,3,lyon vs auxerre,2026-09-04,lyon,auxerre,ht_goles,Total,2.5,0.1086,UNDER
2026-09-03T01:01:28,2026-2027,3,lyon vs auxerre,2026-09-04,lyon,auxerre,ht_ft,Total,,0.3199,1/1
2026-09-03T01:01:28,2026-2027,2,stuttgart vs fc koln,2026-09-04,stuttgart,fc koln,ht_1x2,Total,,0.4146,1
2026-09-03T01:01:28,2026-2027,2,stuttgart vs fc koln,2026-09-04,stuttgart,fc koln,ht_goles,Total,0.5,0.7741,OVER
2026-09-03T01:01:28,2026-2027,2,stuttgart vs fc koln,2026-09-04,stuttgart,fc koln,ht_goles,Total,1.5,0.438,UNDER
2026-09-03T01:01:28,2026-2027,2,stuttgart vs fc koln,2026-09-04,stuttgart,fc koln,ht_goles,Total,2.5,0.188,UNDER
2026-09-03T01:01:28,2026-2027,2,stuttgart vs fc koln,2026-09-04,stuttgart,fc koln,ht_ft,Total,,0.3422,1/1
2026-09-03T01:01:28,2026-2027,3,genoa vs como,2026-09-04,genoa,como,ht_1x2,Total,,0.459,X
2026-09-03T01:01:28,2026-2027,3,genoa vs como,2026-09-04,genoa,como,ht_goles,Total,0.5,0.6405,OVER
2026-09-03T01:01:28,2026-2027,3,genoa vs como,2026-09-04,genoa,como,ht_goles,Total,1.5,0.2727,UNDER
2026-09-03T01:01:28,2026-2027,3,genoa vs como,2026-09-04,genoa,como,ht_goles,Total,2.5,0.0846,UNDER
2026-09-03T01:01:28,2026-2027,3,genoa vs como,2026-09-04,genoa,como,ht_ft,Total,,0.238,2/2
2026-09-03T01:01:28,2026-2027,4,betis vs real madrid,2026-09-04,betis,real madrid,ht_1x2,Total,,0.4245,X
2026-09-03T01:01:28,2026-2027,4,betis vs real madrid,2026-09-04,betis,real madrid,ht_goles,Total,0.5,0.6905,OVER
2026-09-03T01:01:28,2026-2027,4,betis vs real madrid,2026-09-04,betis,real madrid,ht_goles,Total,1.5,0.3276,UNDER
2026-09-03T01:01:28,2026-2027,4,betis vs real madrid,2026-09-04,betis,real madrid,ht_goles,Total,2.5,0.1147,UNDER
2026-09-03T01:01:28,2026-2027,4,betis vs real madrid,2026-09-04,betis,real madrid,ht_ft,Total,,0.2491,2/2
2026-09-03T01:01:28,2026-2027,3,ipswich vs liverpool,2026-09-04,ipswich,liverpool,ht_1x2,Total,,0.4183,X
2026-09-03T01:01:28,2026-2027,3,ipswich vs liverpool,2026-09-04,ipswich,liverpool,ht_goles,Total,0.5,0.6949,OVER
2026-09-03T01:01:28,2026-2027,3,ipswich vs liverpool,2026-09-04,ipswich,liverpool,ht_goles,Total,1.5,0.3327,UNDER
2026-09-03T01:01:28,2026-2027,3,ipswich vs liverpool,2026-09-04,ipswich,liverpool,ht_goles,Total,2.5,0.1177,UNDER
2026-09-03T01:01:28,2026-2027,3,ipswich vs liverpool,2026-09-04,ipswich,liverpool,ht_ft,Total,,0.2935,2/2
2026-09-03T01:01:28,2026-2027,3,paris sg vs monaco,2026-09-04,paris sg,monaco,ht_1x2,Total,,0.4292,1
2026-09-03T01:01:28,2026-2027,3,paris sg vs monaco,2026-09-04,paris sg,monaco,ht_goles,Total,0.5,0.7284,OVER
2026-09-03T01:01:28,2026-2027,3,paris sg vs monaco,2026-09-04,paris sg,monaco,ht_goles,Total,1.5,0.3744,UNDER
2026-09-03T01:01:28,2026-2027,3,paris sg vs monaco,2026-09-04,paris sg,monaco,ht_goles,Total,2.5,0.1437,UNDER
2026-09-03T01:01:28,2026-2027,3,paris sg vs monaco,2026-09-04,paris sg,monaco,ht_ft,Total,,0.3678,1/1
2026-09-03T01:01:28,2026-2027,3,newcastle vs bournemouth,2026-09-05,newcastle,bournemouth,ht_1x2,Total,,0.4026,X
2026-09-03T01:01:28,2026-2027,3,newcastle vs bournemouth,2026-09-05,newcastle,bournemouth,ht_goles,Total,0.5,0.7229,OVER
2026-09-03T01:01:28,2026-2027,3,newcastle vs bournemouth,2026-09-05,newcastle,bournemouth,ht_goles,Total,1.5,0.3672,UNDER
2026-09-03T01:01:28,2026-2027,3,newcastle vs bournemouth,2026-09-05,newcastle,bournemouth,ht_goles,Total,2.5,0.139,UNDER
2026-09-03T01:01:28,2026-2027,3,newcastle vs bournemouth,2026-09-05,newcastle,bournemouth,ht_ft,Total,,0.2541,1/1
2026-09-03T01:01:28,2026-2027,3,fiorentina vs torino,2026-09-05,fiorentina,torino,ht_1x2,Total,,0.4492,X
2026-09-03T01:01:28,2026-2027,3,fiorentina vs torino,2026-09-05,fiorentina,torino,ht_goles,Total,0.5,0.6525,OVER
2026-09-03T01:01:28,2026-2027,3,fiorentina vs torino,2026-09-05,fiorentina,torino,ht_goles,Total,1.5,0.2852,UNDER
2026-09-03T01:01:28,2026-2027,3,fiorentina vs torino,2026-09-05,fiorentina,torino,ht_goles,Total,2.5,0.0911,UNDER
2026-09-03T01:01:28,2026-2027,3,fiorentina vs torino,2026-09-05,fiorentina,torino,ht_ft,Total,,0.2606,1/1
2026-09-03T01:01:28,2026-2027,2,hoffenheim vs dortmund,2026-09-05,hoffenheim,dortmund,ht_1x2,Total,,0.378,X
2026-09-03T01:01:28,2026-2027,2,hoffenheim vs dortmund,2026-09-05,hoffenheim,dortmund,ht_goles,Total,0.5,0.7607,OVER
2026-09-03T01:01:28,2026-2027,2,hoffenheim vs dortmund,2026-09-05,hoffenheim,dortmund,ht_goles,Total,1.5,0.4185,UNDER
2026-09-03T01:01:28,2026-2027,2,hoffenheim vs dortmund,2026-09-05,hoffenheim,dortmund,ht_goles,Total,2.5,0.1738,UNDER
2026-09-03T01:01:28,2026-2027,2,hoffenheim vs dortmund,2026-09-05,hoffenheim,dortmund,ht_ft,Total,,0.2443,2/2
2026-09-03T01:01:28,2026-2027,2,paderborn vs freiburg,2026-09-05,paderborn,freiburg,ht_1x2,Total,,0.4248,X
2026-09-03T01:01:28,2026-2027,2,paderborn vs freiburg,2026-09-05,paderborn,freiburg,ht_goles,Total,0.5,0.6906,OVER
2026-09-03T01:01:28,2026-2027,2,paderborn vs freiburg,2026-09-05,paderborn,freiburg,ht_goles,Total,1.5,0.3277,UNDER
2026-09-03T01:01:28,2026-2027,2,paderborn vs freiburg,2026-09-05,paderborn,freiburg,ht_goles,Total,2.5,0.1148,UNDER
2026-09-03T01:01:28,2026-2027,2,paderborn vs freiburg,2026-09-05,paderborn,freiburg,ht_ft,Total,,0.2416,2/2
2026-09-03T01:01:28,2026-2027,2,werder bremen vs rb leipzig,2026-09-05,werder bremen,rb leipzig,ht_1x2,Total,,0.3774,X
2026-09-03T01:01:28,2026-2027,2,werder bremen vs rb leipzig,2026-09-05,werder bremen,rb leipzig,ht_goles,Total,0.5,0.7576,OVER
2026-09-03T01:01:28,2026-2027,2,werder bremen vs rb leipzig,2026-09-05,werder bremen,rb leipzig,ht_goles,Total,1.5,0.414,UNDER
2026-09-03T01:01:28,2026-2027,2,werder bremen vs rb leipzig,2026-09-05,werder bremen,rb leipzig,ht_goles,Total,2.5,0.1706,UNDER
2026-09-03T01:01:28,2026-2027,2,werder bremen vs rb leipzig,2026-09-05,werder bremen,rb leipzig,ht_ft,Total,,0.2941,2/2
2026-09-03T01:01:28,2026-2027,2,leverkusen vs union berlin,2026-09-05,leverkusen,union berlin,ht_1x2,Total,,0.4682,1
2026-09-03T01:01:28,2026-2027,2,leverkusen vs union berlin,2026-09-05,leverkusen,union berlin,ht_goles,Total,0.5,0.7823,OVER
2026-09-03T01:01:28,2026-2027,2,leverkusen vs union berlin,2026-09-05,leverkusen,union berlin,ht_goles,Total,1.5,0.4503,UNDER
2026-09-03T01:01:28,2026-2027,2,leverkusen vs union berlin,2026-09-05,leverkusen,union berlin,ht_goles,Total,2.5,0.1973,UNDER
2026-09-03T01:01:28,2026-2027,2,leverkusen vs union berlin,2026-09-05,leverkusen,union berlin,ht_ft,Total,,0.4054,1/1
2026-09-03T01:01:28,2026-2027,3,man city vs coventry,2026-09-05,man city,coventry,ht_1x2,Total,,0.4732,1
2026-09-03T01:01:28,2026-2027,3,man city vs coventry,2026-09-05,man city,coventry,ht_goles,Total,0.5,0.7194,OVER
2026-09-03T01:01:28,2026-2027,3,man city vs coventry,2026-09-05,man city,coventry,ht_goles,Total,1.5,0.3628,UNDER
2026-09-03T01:01:28,2026-2027,3,man city vs coventry,2026-09-05,man city,coventry,ht_goles,Total,2.5,0.1362,UNDER
2026-09-03T01:01:28,2026-2027,3,man city vs coventry,2026-09-05,man city,coventry,ht_ft,Total,,0.4229,1/1
2026-09-03T01:01:28,2026-2027,3,fulham vs crystal palace,2026-09-05,fulham,crystal palace,ht_1x2,Total,,0.4307,X
2026-09-03T01:01:28,2026-2027,3,fulham vs crystal palace,2026-09-05,fulham,crystal palace,ht_goles,Total,0.5,0.6803,OVER
2026-09-03T01:01:28,2026-2027,3,fulham vs crystal palace,2026-09-05,fulham,crystal palace,ht_goles,Total,1.5,0.3157,UNDER
2026-09-03T01:01:28,2026-2027,3,fulham vs crystal palace,2026-09-05,fulham,crystal palace,ht_goles,Total,2.5,0.1078,UNDER
2026-09-03T01:01:28,2026-2027,3,fulham vs crystal palace,2026-09-05,fulham,crystal palace,ht_ft,Total,,0.2584,1/1
2026-09-03T01:01:28,2026-2027,3,brighton vs leeds,2026-09-05,brighton,leeds,ht_1x2,Total,,0.4201,X
2026-09-03T01:01:28,2026-2027,3,brighton vs leeds,2026-09-05,brighton,leeds,ht_goles,Total,0.5,0.6944,OVER
2026-09-03T01:01:28,2026-2027,3,brighton vs leeds,2026-09-05,brighton,leeds,ht_goles,Total,1.5,0.3321,UNDER
2026-09-03T01:01:28,2026-2027,3,brighton vs leeds,2026-09-05,brighton,leeds,ht_goles,Total,2.5,0.1173,UNDER
2026-09-03T01:01:28,2026-2027,3,brighton vs leeds,2026-09-05,brighton,leeds,ht_ft,Total,,0.2753,1/1
2026-09-03T01:01:28,2026-2027,3,brentford vs sunderland,2026-09-05,brentford,sunderland,ht_1x2,Total,,0.4175,X
2026-09-03T01:01:28,2026-2027,3,brentford vs sunderland,2026-09-05,brentford,sunderland,ht_goles,Total,0.5,0.6945,OVER
2026-09-03T01:01:28,2026-2027,3,brentford vs sunderland,2026-09-05,brentford,sunderland,ht_goles,Total,1.5,0.3322,UNDER
2026-09-03T01:01:28,2026-2027,3,brentford vs sunderland,2026-09-05,brentford,sunderland,ht_goles,Total,2.5,0.1174,UNDER
2026-09-03T01:01:28,2026-2027,3,brentford vs sunderland,2026-09-05,brentford,sunderland,ht_ft,Total,,0.3009,1/1
2026-09-03T01:01:28,2026-2027,3,nott m forest vs tottenham,2026-09-05,nott m forest,tottenham,ht_1x2,Total,,0.426,X
2026-09-03T01:01:28,2026-2027,3,nott m forest vs tottenham,2026-09-05,nott m forest,tottenham,ht_goles,Total,0.5,0.6896,OVER
2026-09-03T01:01:28,2026-2027,3,nott m forest vs tottenham,2026-09-05,nott m forest,tottenham,ht_goles,Total,1.5,0.3265,UNDER
2026-09-03T01:01:28,2026-2027,3,nott m forest vs tottenham,2026-09-05,nott m forest,tottenham,ht_goles,Total,2.5,0.114,UNDER
2026-09-03T01:01:28,2026-2027,3,nott m forest vs tottenham,2026-09-05,nott m forest,tottenham,ht_ft,Total,,0.2177,1/1
2026-09-03T01:01:28,2026-2027,4,ath bilbao vs ath madrid,2026-09-05,ath bilbao,ath madrid,ht_1x2,Total,,0.4353,X
2026-09-03T01:01:28,2026-2027,4,ath bilbao vs ath madrid,2026-09-05,ath bilbao,ath madrid,ht_goles,Total,0.5,0.6758,OVER
2026-09-03T01:01:28,2026-2027,4,ath bilbao vs ath madrid,2026-09-05,ath bilbao,ath madrid,ht_goles,Total,1.5,0.3107,UNDER
2026-09-03T01:01:28,2026-2027,4,ath bilbao vs ath madrid,2026-09-05,ath bilbao,ath madrid,ht_goles,Total,2.5,0.105,UNDER
2026-09-03T01:01:28,2026-2027,4,ath bilbao vs ath madrid,2026-09-05,ath bilbao,ath madrid,ht_ft,Total,,0.2245,1/1
2026-09-03T01:01:28,2026-2027,3,lens vs lorient,2026-09-05,lens,lorient,ht_1x2,Total,,0.4277,1
2026-09-03T01:01:28,2026-2027,3,lens vs lorient,2026-09-05,lens,lorient,ht_goles,Total,0.5,0.7179,OVER
2026-09-03T01:01:28,2026-2027,3,lens vs lorient,2026-09-05,lens,lorient,ht_goles,Total,1.5,0.361,UNDER
2026-09-03T01:01:28,2026-2027,3,lens vs lorient,2026-09-05,lens,lorient,ht_goles,Total,2.5,0.1351,UNDER
2026-09-03T01:01:28,2026-2027,3,lens vs lorient,2026-09-05,lens,lorient,ht_ft,Total,,0.3679,1/1
2026-09-03T01:01:28,2026-2027,3,inter vs napoli,2026-09-05,inter,napoli,ht_1x2,Total,,0.4251,X
2026-09-03T01:01:28,2026-2027,3,inter vs napoli,2026-09-05,inter,napoli,ht_goles,Total,0.5,0.6833,OVER
2026-09-03T01:01:28,2026-2027,3,inter vs napoli,2026-09-05,inter,napoli,ht_goles,Total,1.5,0.3191,UNDER
2026-09-03T01:01:28,2026-2027,3,inter vs napoli,2026-09-05,inter,napoli,ht_goles,Total,2.5,0.1098,UNDER
2026-09-03T01:01:28,2026-2027,3,inter vs napoli,2026-09-05,inter,napoli,ht_ft,Total,,0.2983,1/1
2026-09-03T01:01:28,2026-2027,3,hull vs aston villa,2026-09-05,hull,aston villa,ht_1x2,Total,,0.4376,X
2026-09-03T01:01:28,2026-2027,3,hull vs aston villa,2026-09-05,hull,aston villa,ht_goles,Total,0.5,0.6699,OVER
2026-09-03T01:01:28,2026-2027,3,hull vs aston villa,2026-09-05,hull,aston villa,ht_goles,Total,1.5,0.304,UNDER
2026-09-03T01:01:28,2026-2027,3,hull vs aston villa,2026-09-05,hull,aston villa,ht_goles,Total,2.5,0.1013,UNDER
2026-09-03T01:01:28,2026-2027,3,hull vs aston villa,2026-09-05,hull,aston villa,ht_ft,Total,,0.2618,2/2
2026-09-03T01:01:28,2026-2027,4,vallecano vs santander,2026-09-05,vallecano,santander,ht_1x2,Total,,0.4417,X
2026-09-03T01:01:28,2026-2027,4,vallecano vs santander,2026-09-05,vallecano,santander,ht_goles,Total,0.5,0.6625,OVER
2026-09-03T01:01:28,2026-2027,4,vallecano vs santander,2026-09-05,vallecano,santander,ht_goles,Total,1.5,0.2959,UNDER
2026-09-03T01:01:28,2026-2027,4,vallecano vs santander,2026-09-05,vallecano,santander,ht_goles,Total,2.5,0.0968,UNDER
2026-09-03T01:01:28,2026-2027,4,vallecano vs santander,2026-09-05,vallecano,santander,ht_ft,Total,,0.2702,1/1
2026-09-03T01:01:28,2026-2027,2,schalke 04 vs bayern munich,2026-09-05,schalke 04,bayern munich,ht_1x2,Total,,0.4633,2
2026-09-03T01:01:28,2026-2027,2,schalke 04 vs bayern munich,2026-09-05,schalke 04,bayern munich,ht_goles,Total,0.5,0.7968,OVER
2026-09-03T01:01:28,2026-2027,2,schalke 04 vs bayern munich,2026-09-05,schalke 04,bayern munich,ht_goles,Total,1.5,0.473,UNDER
2026-09-03T01:01:28,2026-2027,2,schalke 04 vs bayern munich,2026-09-05,schalke 04,bayern munich,ht_goles,Total,2.5,0.215,UNDER
2026-09-03T01:01:28,2026-2027,2,schalke 04 vs bayern munich,2026-09-05,schalke 04,bayern munich,ht_ft,Total,,0.4004,2/2
2026-09-03T01:01:28,2026-2027,3,le havre vs brest,2026-09-05,le havre,brest,ht_1x2,Total,,0.4415,X
2026-09-03T01:01:28,2026-2027,3,le havre vs brest,2026-09-05,le havre,brest,ht_goles,Total,0.5,0.6657,OVER
2026-09-03T01:01:28,2026-2027,3,le havre vs brest,2026-09-05,le havre,brest,ht_goles,Total,1.5,0.2994,UNDER
2026-09-03T01:01:28,2026-2027,3,le havre vs brest,2026-09-05,le havre,brest,ht_goles,Total,2.5,0.0987,UNDER
2026-09-03T01:01:28,2026-2027,3,le havre vs brest,2026-09-05,le havre,brest,ht_ft,Total,,0.2413,1/1
2026-09-03T01:01:28,2026-2027,3,roma vs atalanta,2026-09-05,roma,atalanta,ht_1x2,Total,,0.4078,X
2026-09-03T01:01:28,2026-2027,3,roma vs atalanta,2026-09-05,roma,atalanta,ht_goles,Total,0.5,0.7047,OVER
2026-09-03T01:01:28,2026-2027,3,roma vs atalanta,2026-09-05,roma,atalanta,ht_goles,Total,1.5,0.3445,UNDER
2026-09-03T01:01:28,2026-2027,3,roma vs atalanta,2026-09-05,roma,atalanta,ht_goles,Total,2.5,0.1248,UNDER
2026-09-03T01:01:28,2026-2027,3,roma vs atalanta,2026-09-05,roma,atalanta,ht_ft,Total,,0.326,1/1
2026-09-03T01:01:28,2026-2027,3,nice vs le mans,2026-09-05,nice,le mans,ht_1x2,Total,,0.4618,X
2026-09-03T01:01:28,2026-2027,3,nice vs le mans,2026-09-05,nice,le mans,ht_goles,Total,0.5,0.635,OVER
2026-09-03T01:01:28,2026-2027,3,nice vs le mans,2026-09-05,nice,le mans,ht_goles,Total,1.5,0.2671,UNDER
2026-09-03T01:01:28,2026-2027,3,nice vs le mans,2026-09-05,nice,le mans,ht_goles,Total,2.5,0.0818,UNDER
2026-09-03T01:01:28,2026-2027,3,nice vs le mans,2026-09-05,nice,le mans,ht_ft,Total,,0.2518,1/1
2026-09-03T01:01:28,2026-2027,4,villarreal vs la coruna,2026-09-05,villarreal,la coruna,ht_1x2,Total,,0.4121,X
2026-09-03T01:01:28,2026-2027,4,villarreal vs la coruna,2026-09-05,villarreal,la coruna,ht_goles,Total,0.5,0.6998,OVER
2026-09-03T01:01:28,2026-2027,4,villarreal vs la coruna,2026-09-05,villarreal,la coruna,ht_goles,Total,1.5,0.3385,UNDER
2026-09-03T01:01:28,2026-2027,4,villarreal vs la coruna,2026-09-05,villarreal,la coruna,ht_goles,Total,2.5,0.1212,UNDER
2026-09-03T01:01:28,2026-2027,4,villarreal vs la coruna,2026-09-05,villarreal,la coruna,ht_ft,Total,,0.3179,1/1
2026-09-03T01:01:28,2026-2027,3,parma vs monza,2026-09-06,parma,monza,ht_1x2,Total,,0.463,X
2026-09-03T01:01:28,2026-2027,3,parma vs monza,2026-09-06,parma,monza,ht_goles,Total,0.5,0.6319,OVER
2026-09-03T01:01:28,2026-2027,3,parma vs monza,2026-09-06,parma,monza,ht_goles,Total,1.5,0.264,UNDER
2026-09-03T01:01:28,2026-2027,3,parma vs monza,2026-09-06,parma,monza,ht_goles,Total,2.5,0.0802,UNDER
2026-09-03T01:01:28,2026-2027,3,parma vs monza,2026-09-06,parma,monza,ht_ft,Total,,0.2634,1/1
2026-09-03T01:01:28,2026-2027,3,troyes vs strasbourg,2026-09-06,troyes,strasbourg,ht_1x2,Total,,0.4258,X
2026-09-03T01:01:28,2026-2027,3,troyes vs strasbourg,2026-09-06,troyes,strasbourg,ht_goles,Total,0.5,0.6858,OVER
2026-09-03T01:01:28,2026-2027,3,troyes vs strasbourg,2026-09-06,troyes,strasbourg,ht_goles,Total,1.5,0.322,UNDER
2026-09-03T01:01:28,2026-2027,3,troyes vs strasbourg,2026-09-06,troyes,strasbourg,ht_goles,Total,2.5,0.1115,UNDER
2026-09-03T01:01:28,2026-2027,3,troyes vs strasbourg,2026-09-06,troyes,strasbourg,ht_ft,Total,,0.2768,2/2
2026-09-03T01:01:28,2026-2027,3,frosinone vs venezia,2026-09-06,frosinone,venezia,ht_1x2,Total,,0.4498,X
2026-09-03T01:01:28,2026-2027,3,frosinone vs venezia,2026-09-06,frosinone,venezia,ht_goles,Total,0.5,0.6512,OVER
2026-09-03T01:01:28,2026-2027,3,frosinone vs venezia,2026-09-06,frosinone,venezia,ht_goles,Total,1.5,0.2839,UNDER
2026-09-03T01:01:28,2026-2027,3,frosinone vs venezia,2026-09-06,frosinone,venezia,ht_goles,Total,2.5,0.0904,UNDER
2026-09-03T01:01:28,2026-2027,3,frosinone vs venezia,2026-09-06,frosinone,venezia,ht_ft,Total,,0.2646,1/1
2026-09-03T01:01:28,2026-2027,3,everton vs man united,2026-09-06,everton,man united,ht_1x2,Total,,0.4291,X
2026-09-03T01:01:28,2026-2027,3,everton vs man united,2026-09-06,everton,man united,ht_goles,Total,0.5,0.6832,OVER
2026-09-03T01:01:28,2026-2027,3,everton vs man united,2026-09-06,everton,man united,ht_goles,Total,1.5,0.319,UNDER
2026-09-03T01:01:28,2026-2027,3,everton vs man united,2026-09-06,everton,man united,ht_goles,Total,2.5,0.1097,UNDER
2026-09-03T01:01:28,2026-2027,3,everton vs man united,2026-09-06,everton,man united,ht_ft,Total,,0.2545,2/2
2026-09-03T01:01:28,2026-2027,2,hamburg vs mainz,2026-09-06,hamburg,mainz,ht_1x2,Total,,0.3809,X
2026-09-03T01:01:28,2026-2027,2,hamburg vs mainz,2026-09-06,hamburg,mainz,ht_goles,Total,0.5,0.7538,OVER
2026-09-03T01:01:28,2026-2027,2,hamburg vs mainz,2026-09-06,hamburg,mainz,ht_goles,Total,1.5,0.4087,UNDER
2026-09-03T01:01:28,2026-2027,2,hamburg vs mainz,2026-09-06,hamburg,mainz,ht_goles,Total,2.5,0.1669,UNDER
2026-09-03T01:01:28,2026-2027,2,hamburg vs mainz,2026-09-06,hamburg,mainz,ht_ft,Total,,0.2804,2/2
2026-09-03T01:01:28,2026-2027,4,valencia vs barcelona,2026-09-06,valencia,barcelona,ht_1x2,Total,,0.4156,X
2026-09-03T01:01:28,2026-2027,4,valencia vs barcelona,2026-09-06,valencia,barcelona,ht_goles,Total,0.5,0.7029,OVER
2026-09-03T01:01:28,2026-2027,4,valencia vs barcelona,2026-09-06,valencia,barcelona,ht_goles,Total,1.5,0.3423,UNDER
2026-09-03T01:01:28,2026-2027,4,valencia vs barcelona,2026-09-06,valencia,barcelona,ht_goles,Total,2.5,0.1235,UNDER
2026-09-03T01:01:28,2026-2027,4,valencia vs barcelona,2026-09-06,valencia,barcelona,ht_ft,Total,,0.2611,2/2
2026-09-03T01:01:28,2026-2027,3,angers vs rennes,2026-09-06,angers,rennes,ht_1x2,Total,,0.4315,X
2026-09-03T01:01:28,2026-2027,3,angers vs rennes,2026-09-06,angers,rennes,ht_goles,Total,0.5,0.6813,OVER
2026-09-03T01:01:28,2026-2027,3,angers vs rennes,2026-09-06,angers,rennes,ht_goles,Total,1.5,0.3169,UNDER
2026-09-03T01:01:28,2026-2027,3,angers vs rennes,2026-09-06,angers,rennes,ht_goles,Total,2.5,0.1085,UNDER
2026-09-03T01:01:28,2026-2027,3,angers vs rennes,2026-09-06,angers,rennes,ht_ft,Total,,0.2283,2/2
2026-09-03T01:01:28,2026-2027,2,ein frankfurt vs augsburg,2026-09-06,ein frankfurt,augsburg,ht_1x2,Total,,0.3975,X
2026-09-03T01:01:28,2026-2027,2,ein frankfurt vs augsburg,2026-09-06,ein frankfurt,augsburg,ht_goles,Total,0.5,0.7302,OVER
2026-09-03T01:01:28,2026-2027,2,ein frankfurt vs augsburg,2026-09-06,ein frankfurt,augsburg,ht_goles,Total,1.5,0.3767,UNDER
2026-09-03T01:01:28,2026-2027,2,ein frankfurt vs augsburg,2026-09-06,ein frankfurt,augsburg,ht_goles,Total,2.5,0.1452,UNDER
2026-09-03T01:01:28,2026-2027,2,ein frankfurt vs augsburg,2026-09-06,ein frankfurt,augsburg,ht_ft,Total,,0.2596,1/1
2026-09-03T01:01:28,2026-2027,3,arsenal vs chelsea,2026-09-06,arsenal,chelsea,ht_1x2,Total,,0.4,X
2026-09-03T01:01:28,2026-2027,3,arsenal vs chelsea,2026-09-06,arsenal,chelsea,ht_goles,Total,0.5,0.7151,OVER
2026-09-03T01:01:28,2026-2027,3,arsenal vs chelsea,2026-09-06,arsenal,chelsea,ht_goles,Total,1.5,0.3574,UNDER
2026-09-03T01:01:28,2026-2027,3,arsenal vs chelsea,2026-09-06,arsenal,chelsea,ht_goles,Total,2.5,0.1328,UNDER
2026-09-03T01:01:28,2026-2027,3,arsenal vs chelsea,2026-09-06,arsenal,chelsea,ht_ft,Total,,0.3342,1/1
2026-09-03T01:01:28,2026-2027,3,bologna vs sassuolo,2026-09-06,bologna,sassuolo,ht_1x2,Total,,0.4466,X
2026-09-03T01:01:28,2026-2027,3,bologna vs sassuolo,2026-09-06,bologna,sassuolo,ht_goles,Total,0.5,0.6573,OVER
2026-09-03T01:01:28,2026-2027,3,bologna vs sassuolo,2026-09-06,bologna,sassuolo,ht_goles,Total,1.5,0.2903,UNDER
2026-09-03T01:01:28,2026-2027,3,bologna vs sassuolo,2026-09-06,bologna,sassuolo,ht_goles,Total,2.5,0.0938,UNDER
2026-09-03T01:01:28,2026-2027,3,bologna vs sassuolo,2026-09-06,bologna,sassuolo,ht_ft,Total,,0.252,1/1
2026-09-03T01:01:28,2026-2027,4,malaga vs levante,2026-09-06,malaga,levante,ht_1x2,Total,,0.4351,X
2026-09-03T01:01:28,2026-2027,4,malaga vs levante,2026-09-06,malaga,levante,ht_goles,Total,0.5,0.6763,OVER
2026-09-03T01:01:28,2026-2027,4,malaga vs levante,2026-09-06,malaga,levante,ht_goles,Total,1.5,0.3112,UNDER
2026-09-03T01:01:28,2026-2027,4,malaga vs levante,2026-09-06,malaga,levante,ht_goles,Total,2.5,0.1053,UNDER
2026-09-03T01:01:28,2026-2027,4,malaga vs levante,2026-09-06,malaga,levante,ht_ft,Total,,0.2121,1/1
2026-09-03T01:01:28,2026-2027,4,alaves vs osasuna,2026-09-06,alaves,osasuna,ht_1x2,Total,,0.462,X
2026-09-03T01:01:28,2026-2027,4,alaves vs osasuna,2026-09-06,alaves,osasuna,ht_goles,Total,0.5,0.6356,OVER
2026-09-03T01:01:28,2026-2027,4,alaves vs osasuna,2026-09-06,alaves,osasuna,ht_goles,Total,1.5,0.2678,UNDER
2026-09-03T01:01:28,2026-2027,4,alaves vs osasuna,2026-09-06,alaves,osasuna,ht_goles,Total,2.5,0.0821,UNDER
2026-09-03T01:01:28,2026-2027,4,alaves vs osasuna,2026-09-06,alaves,osasuna,ht_ft,Total,,0.2413,1/1
2026-09-03T01:01:28,2026-2027,3,juventus vs milan,2026-09-06,juventus,milan,ht_1x2,Total,,0.4167,X
2026-09-03T01:01:28,2026-2027,3,juventus vs milan,2026-09-06,juventus,milan,ht_goles,Total,0.5,0.686,OVER
2026-09-03T01:01:28,2026-2027,3,juventus vs milan,2026-09-06,juventus,milan,ht_goles,Total,1.5,0.3223,UNDER
2026-09-03T01:01:28,2026-2027,3,juventus vs milan,2026-09-06,juventus,milan,ht_goles,Total,2.5,0.1116,UNDER
2026-09-03T01:01:28,2026-2027,3,juventus vs milan,2026-09-06,juventus,milan,ht_ft,Total,,0.3479,1/1
2026-09-03T01:01:28,2026-2027,3,marseille vs paris fc,2026-09-06,marseille,paris fc,ht_1x2,Total,,0.3998,1
2026-09-03T01:01:28,2026-2027,3,marseille vs paris fc,2026-09-06,marseille,paris fc,ht_goles,Total,0.5,0.7371,OVER
2026-09-03T01:01:28,2026-2027,3,marseille vs paris fc,2026-09-06,marseille,paris fc,ht_goles,Total,1.5,0.3858,UNDER
2026-09-03T01:01:28,2026-2027,3,marseille vs paris fc,2026-09-06,marseille,paris fc,ht_goles,Total,2.5,0.1512,UNDER
2026-09-03T01:01:28,2026-2027,3,marseille vs paris fc,2026-09-06,marseille,paris fc,ht_ft,Total,,0.3311,1/1
2026-09-03T01:01:28,2026-2027,4,espanol vs sevilla,2026-09-06,espanol,sevilla,ht_1x2,Total,,0.4703,X
2026-09-03T01:01:28,2026-2027,4,espanol vs sevilla,2026-09-06,espanol,sevilla,ht_goles,Total,0.5,0.6256,OVER
2026-09-03T01:01:28,2026-2027,4,espanol vs sevilla,2026-09-06,espanol,sevilla,ht_goles,Total,1.5,0.2577,UNDER
2026-09-03T01:01:28,2026-2027,4,espanol vs sevilla,2026-09-06,espanol,sevilla,ht_goles,Total,2.5,0.0771,UNDER
2026-09-03T01:01:28,2026-2027,4,espanol vs sevilla,2026-09-06,espanol,sevilla,ht_ft,Total,,0.2069,1/1
2026-09-03T01:01:28,2026-2027,3,cagliari vs lecce,2026-09-07,cagliari,lecce,ht_1x2,Total,,0.4326,X
2026-09-03T01:01:28,2026-2027,3,cagliari vs lecce,2026-09-07,cagliari,lecce,ht_goles,Total,0.5,0.6718,OVER
2026-09-03T01:01:28,2026-2027,3,cagliari vs lecce,2026-09-07,cagliari,lecce,ht_goles,Total,1.5,0.3062,UNDER
2026-09-03T01:01:28,2026-2027,3,cagliari vs lecce,2026-09-07,cagliari,lecce,ht_goles,Total,2.5,0.1025,UNDER
2026-09-03T01:01:28,2026-2027,3,cagliari vs lecce,2026-09-07,cagliari,lecce,ht_ft,Total,,0.2993,1/1
2026-09-03T01:01:28,2026-2027,4,getafe vs celta,2026-09-07,getafe,celta,ht_1x2,Total,,0.4755,X
2026-09-03T01:01:28,2026-2027,4,getafe vs celta,2026-09-07,getafe,celta,ht_goles,Total,0.5,0.6165,OVER
2026-09-03T01:01:28,2026-2027,4,getafe vs celta,2026-09-07,getafe,celta,ht_goles,Total,1.5,0.2489,UNDER
2026-09-03T01:01:28,2026-2027,4,getafe vs celta,2026-09-07,getafe,celta,ht_goles,Total,2.5,0.0728,UNDER
2026-09-03T01:01:28,2026-2027,4,getafe vs celta,2026-09-07,getafe,celta,ht_ft,Total,,0.2373,1/1
2026-09-03T01:01:28,2026-2027,3,udinese vs lazio,2026-09-07,udinese,lazio,ht_1x2,Total,,0.4594,X
2026-09-03T01:01:28,2026-2027,3,udinese vs lazio,2026-09-07,udinese,lazio,ht_goles,Total,0.5,0.641,OVER
2026-09-03T01:01:28,2026-2027,3,udinese vs lazio,2026-09-07,udinese,lazio,ht_goles,Total,1.5,0.2732,UNDER
2026-09-03T01:01:28,2026-2027,3,udinese vs lazio,2026-09-07,udinese,lazio,ht_goles,Total,2.5,0.0849,UNDER
2026-09-03T01:01:28,2026-2027,3,udinese vs lazio,2026-09-07,udinese,lazio,ht_ft,Total,,0.215,1/1
2026-09-03T01:01:28,2026-2027,4,elche vs sociedad,2026-09-07,elche,sociedad,ht_1x2,Total,,0.4388,X
2026-09-03T01:01:28,2026-2027,4,elche vs sociedad,2026-09-07,elche,sociedad,ht_goles,Total,0.5,0.6708,OVER
2026-09-03T01:01:28,2026-2027,4,elche vs sociedad,2026-09-07,elche,sociedad,ht_goles,Total,1.5,0.305,UNDER
2026-09-03T01:01:28,2026-2027,4,elche vs sociedad,2026-09-07,elche,sociedad,ht_goles,Total,2.5,0.1018,UNDER
2026-09-03T01:01:28,2026-2027,4,elche vs sociedad,2026-09-07,elche,sociedad,ht_ft,Total,,0.2184,1/1
2026-09-03T01:01:28,2026-2027,3,union berlin vs schalke 04,2026-09-11,union berlin,schalke 04,ht_1x2,Total,,0.4182,X
2026-09-03T01:01:28,2026-2027,3,union berlin vs schalke 04,2026-09-11,union berlin,schalke 04,ht_goles,Total,0.5,0.6977,OVER
2026-09-03T01:01:28,2026-2027,3,union berlin vs schalke 04,2026-09-11,union berlin,schalke 04,ht_goles,Total,1.5,0.336,UNDER
2026-09-03T01:01:28,2026-2027,3,union berlin vs schalke 04,2026-09-11,union berlin,schalke 04,ht_goles,Total,2.5,0.1197,UNDER
2026-09-03T01:01:28,2026-2027,3,union berlin vs schalke 04,2026-09-11,union berlin,schalke 04,ht_ft,Total,,0.2717,1/1
2026-09-03T01:01:28,2026-2027,4,rennes vs marseille,2026-09-11,rennes,marseille,ht_1x2,Total,,0.3967,X
2026-09-03T01:01:28,2026-2027,4,rennes vs marseille,2026-09-11,rennes,marseille,ht_goles,Total,0.5,0.7328,OVER
2026-09-03T01:01:28,2026-2027,4,rennes vs marseille,2026-09-11,rennes,marseille,ht_goles,Total,1.5,0.3802,UNDER
2026-09-03T01:01:28,2026-2027,4,rennes vs marseille,2026-09-11,rennes,marseille,ht_goles,Total,2.5,0.1475,UNDER
2026-09-03T01:01:28,2026-2027,4,rennes vs marseille,2026-09-11,rennes,marseille,ht_ft,Total,,0.233,2/2
2026-09-03T01:01:28,2026-2027,4,venezia vs fiorentina,2026-09-11,venezia,fiorentina,ht_1x2,Total,,0.4688,X
2026-09-03T01:01:28,2026-2027,4,venezia vs fiorentina,2026-09-11,venezia,fiorentina,ht_goles,Total,0.5,0.6275,OVER
2026-09-03T01:01:28,2026-2027,4,venezia vs fiorentina,2026-09-11,venezia,fiorentina,ht_goles,Total,1.5,0.2596,UNDER
2026-09-03T01:01:28,2026-2027,4,venezia vs fiorentina,2026-09-11,venezia,fiorentina,ht_goles,Total,2.5,0.078,UNDER
2026-09-03T01:01:28,2026-2027,4,venezia vs fiorentina,2026-09-11,venezia,fiorentina,ht_ft,Total,,0.2175,2/2
2026-09-03T01:01:28,2026-2027,4,sassuolo vs juventus,2026-09-12,sassuolo,juventus,ht_1x2,Total,,0.4202,X
2026-09-03T01:01:28,2026-2027,4,sassuolo vs juventus,2026-09-12,sassuolo,juventus,ht_goles,Total,0.5,0.6904,OVER
2026-09-03T01:01:28,2026-2027,4,sassuolo vs juventus,2026-09-12,sassuolo,juventus,ht_goles,Total,1.5,0.3274,UNDER
2026-09-03T01:01:28,2026-2027,4,sassuolo vs juventus,2026-09-12,sassuolo,juventus,ht_goles,Total,2.5,0.1146,UNDER
2026-09-03T01:01:28,2026-2027,4,sassuolo vs juventus,2026-09-12,sassuolo,juventus,ht_ft,Total,,0.3032,2/2
2026-09-03T01:01:28,2026-2027,4,genoa vs frosinone,2026-09-12,genoa,frosinone,ht_1x2,Total,,0.4466,X
2026-09-03T01:01:28,2026-2027,4,genoa vs frosinone,2026-09-12,genoa,frosinone,ht_goles,Total,0.5,0.6541,OVER
2026-09-03T01:01:28,2026-2027,4,genoa vs frosinone,2026-09-12,genoa,frosinone,ht_goles,Total,1.5,0.2869,UNDER
2026-09-03T01:01:28,2026-2027,4,genoa vs frosinone,2026-09-12,genoa,frosinone,ht_goles,Total,2.5,0.092,UNDER
2026-09-03T01:01:28,2026-2027,4,genoa vs frosinone,2026-09-12,genoa,frosinone,ht_ft,Total,,0.2785,1/1
2026-09-03T01:01:28,2026-2027,3,freiburg vs m gladbach,2026-09-12,freiburg,m gladbach,ht_1x2,Total,,0.4239,X
2026-09-03T01:01:28,2026-2027,3,freiburg vs m gladbach,2026-09-12,freiburg,m gladbach,ht_goles,Total,0.5,0.6905,OVER
2026-09-03T01:01:28,2026-2027,3,freiburg vs m gladbach,2026-09-12,freiburg,m gladbach,ht_goles,Total,1.5,0.3275,UNDER
2026-09-03T01:01:28,2026-2027,3,freiburg vs m gladbach,2026-09-12,freiburg,m gladbach,ht_goles,Total,2.5,0.1147,UNDER
2026-09-03T01:01:28,2026-2027,3,freiburg vs m gladbach,2026-09-12,freiburg,m gladbach,ht_ft,Total,,0.2582,1/1
2026-09-03T01:01:28,2026-2027,3,dortmund vs paderborn,2026-09-12,dortmund,paderborn,ht_1x2,Total,,0.5574,1
2026-09-03T01:01:28,2026-2027,3,dortmund vs paderborn,2026-09-12,dortmund,paderborn,ht_goles,Total,0.5,0.7768,OVER
2026-09-03T01:01:28,2026-2027,3,dortmund vs paderborn,2026-09-12,dortmund,paderborn,ht_goles,Total,1.5,0.4421,UNDER
2026-09-03T01:01:28,2026-2027,3,dortmund vs paderborn,2026-09-12,dortmund,paderborn,ht_goles,Total,2.5,0.1911,UNDER
2026-09-03T01:01:28,2026-2027,3,dortmund vs paderborn,2026-09-12,dortmund,paderborn,ht_ft,Total,,0.516,1/1
2026-09-03T01:01:28,2026-2027,3,mainz vs ein frankfurt,2026-09-12,mainz,ein frankfurt,ht_1x2,Total,,0.4272,1
2026-09-03T01:01:28,2026-2027,3,mainz vs ein frankfurt,2026-09-12,mainz,ein frankfurt,ht_goles,Total,0.5,0.7605,OVER
2026-09-03T01:01:28,2026-2027,3,mainz vs ein frankfurt,2026-09-12,mainz,ein frankfurt,ht_goles,Total,1.5,0.4182,UNDER
2026-09-03T01:01:28,2026-2027,3,mainz vs ein frankfurt,2026-09-12,mainz,ein frankfurt,ht_goles,Total,2.5,0.1736,UNDER
2026-09-03T01:01:28,2026-2027,3,mainz vs ein frankfurt,2026-09-12,mainz,ein frankfurt,ht_ft,Total,,0.3597,1/1
2026-09-03T01:01:28,2026-2027,3,augsburg vs leverkusen,2026-09-12,augsburg,leverkusen,ht_1x2,Total,,0.3566,X
2026-09-03T01:01:28,2026-2027,3,augsburg vs leverkusen,2026-09-12,augsburg,leverkusen,ht_goles,Total,0.5,0.7919,OVER
2026-09-03T01:01:28,2026-2027,3,augsburg vs leverkusen,2026-09-12,augsburg,leverkusen,ht_goles,Total,1.5,0.4653,UNDER
2026-09-03T01:01:28,2026-2027,3,augsburg vs leverkusen,2026-09-12,augsburg,leverkusen,ht_goles,Total,2.5,0.2089,UNDER
2026-09-03T01:01:28,2026-2027,3,augsburg vs leverkusen,2026-09-12,augsburg,leverkusen,ht_ft,Total,,0.27,2/2
2026-09-03T01:01:28,2026-2027,3,hoffenheim vs stuttgart,2026-09-12,hoffenheim,stuttgart,ht_1x2,Total,,0.3682,1
2026-09-03T01:01:28,2026-2027,3,hoffenheim vs stuttgart,2026-09-12,hoffenheim,stuttgart,ht_goles,Total,0.5,0.7818,OVER
2026-09-03T01:01:28,2026-2027,3,hoffenheim vs stuttgart,2026-09-12,hoffenheim,stuttgart,ht_goles,Total,1.5,0.4496,UNDER
2026-09-03T01:01:28,2026-2027,3,hoffenheim vs stuttgart,2026-09-12,hoffenheim,stuttgart,ht_goles,Total,2.5,0.1967,UNDER
2026-09-03T01:01:28,2026-2027,3,hoffenheim vs stuttgart,2026-09-12,hoffenheim,stuttgart,ht_ft,Total,,0.2864,1/1
2026-09-03T01:01:28,2026-2027,4,chelsea vs hull,2026-09-12,chelsea,hull,ht_1x2,Total,,0.466,1
2026-09-03T01:01:28,2026-2027,4,chelsea vs hull,2026-09-12,chelsea,hull,ht_goles,Total,0.5,0.7122,OVER
2026-09-03T01:01:28,2026-2027,4,chelsea vs hull,2026-09-12,chelsea,hull,ht_goles,Total,1.5,0.3537,UNDER
2026-09-03T01:01:28,2026-2027,4,chelsea vs hull,2026-09-12,chelsea,hull,ht_goles,Total,2.5,0.1305,UNDER
2026-09-03T01:01:28,2026-2027,4,chelsea vs hull,2026-09-12,chelsea,hull,ht_ft,Total,,0.4154,1/1
2026-09-03T01:01:28,2026-2027,4,crystal palace vs ipswich,2026-09-12,crystal palace,ipswich,ht_1x2,Total,,0.4221,X
2026-09-03T01:01:28,2026-2027,4,crystal palace vs ipswich,2026-09-12,crystal palace,ipswich,ht_goles,Total,0.5,0.6864,OVER
2026-09-03T01:01:28,2026-2027,4,crystal palace vs ipswich,2026-09-12,crystal palace,ipswich,ht_goles,Total,1.5,0.3227,UNDER
2026-09-03T01:01:28,2026-2027,4,crystal palace vs ipswich,2026-09-12,crystal palace,ipswich,ht_goles,Total,2.5,0.1119,UNDER
2026-09-03T01:01:28,2026-2027,4,crystal palace vs ipswich,2026-09-12,crystal palace,ipswich,ht_ft,Total,,0.3073,1/1
2026-09-03T01:01:28,2026-2027,4,liverpool vs fulham,2026-09-12,liverpool,fulham,ht_1x2,Total,,0.4103,1
2026-09-03T01:01:28,2026-2027,4,liverpool vs fulham,2026-09-12,liverpool,fulham,ht_goles,Total,0.5,0.7084,OVER
2026-09-03T01:01:28,2026-2027,4,liverpool vs fulham,2026-09-12,liverpool,fulham,ht_goles,Total,1.5,0.349,UNDER
2026-09-03T01:01:28,2026-2027,4,liverpool vs fulham,2026-09-12,liverpool,fulham,ht_goles,Total,2.5,0.1276,UNDER
2026-09-03T01:01:28,2026-2027,4,liverpool vs fulham,2026-09-12,liverpool,fulham,ht_ft,Total,,0.3489,1/1
2026-09-03T01:01:28,2026-2027,4,bournemouth vs brentford,2026-09-12,bournemouth,brentford,ht_1x2,Total,,0.3916,X
2026-09-03T01:01:28,2026-2027,4,bournemouth vs brentford,2026-09-12,bournemouth,brentford,ht_goles,Total,0.5,0.7373,OVER
2026-09-03T01:01:28,2026-2027,4,bournemouth vs brentford,2026-09-12,bournemouth,brentford,ht_goles,Total,1.5,0.3861,UNDER
2026-09-03T01:01:28,2026-2027,4,bournemouth vs brentford,2026-09-12,bournemouth,brentford,ht_goles,Total,2.5,0.1514,UNDER
2026-09-03T01:01:28,2026-2027,4,bournemouth vs brentford,2026-09-12,bournemouth,brentford,ht_ft,Total,,0.2794,1/1
2026-09-03T01:01:28,2026-2027,4,aston villa vs nott m forest,2026-09-12,aston villa,nott m forest,ht_1x2,Total,,0.4118,X
2026-09-03T01:01:28,2026-2027,4,aston villa vs nott m forest,2026-09-12,aston villa,nott m forest,ht_goles,Total,0.5,0.7032,OVER
2026-09-03T01:01:28,2026-2027,4,aston villa vs nott m forest,2026-09-12,aston villa,nott m forest,ht_goles,Total,1.5,0.3427,UNDER
2026-09-03T01:01:28,2026-2027,4,aston villa vs nott m forest,2026-09-12,aston villa,nott m forest,ht_goles,Total,2.5,0.1237,UNDER
2026-09-03T01:01:28,2026-2027,4,aston villa vs nott m forest,2026-09-12,aston villa,nott m forest,ht_ft,Total,,0.301,1/1
2026-09-03T01:01:28,2026-2027,4,strasbourg vs monaco,2026-09-12,strasbourg,monaco,ht_1x2,Total,,0.417,X
2026-09-03T01:01:28,2026-2027,4,strasbourg vs monaco,2026-09-12,strasbourg,monaco,ht_goles,Total,0.5,0.7025,OVER
2026-09-03T01:01:28,2026-2027,4,strasbourg vs monaco,2026-09-12,strasbourg,monaco,ht_goles,Total,1.5,0.3418,UNDER
2026-09-03T01:01:28,2026-2027,4,strasbourg vs monaco,2026-09-12,strasbourg,monaco,ht_goles,Total,2.5,0.1232,UNDER
2026-09-03T01:01:28,2026-2027,4,strasbourg vs monaco,2026-09-12,strasbourg,monaco,ht_ft,Total,,0.2335,1/1
2026-09-03T01:01:28,2026-2027,3,fc koln vs werder bremen,2026-09-12,fc koln,werder bremen,ht_1x2,Total,,0.3977,X
2026-09-03T01:01:28,2026-2027,3,fc koln vs werder bremen,2026-09-12,fc koln,werder bremen,ht_goles,Total,0.5,0.7267,OVER
2026-09-03T01:01:28,2026-2027,3,fc koln vs werder bremen,2026-09-12,fc koln,werder bremen,ht_goles,Total,1.5,0.3722,UNDER
2026-09-03T01:01:28,2026-2027,3,fc koln vs werder bremen,2026-09-12,fc koln,werder bremen,ht_goles,Total,2.5,0.1423,UNDER
2026-09-03T01:01:28,2026-2027,3,fc koln vs werder bremen,2026-09-12,fc koln,werder bremen,ht_ft,Total,,0.2887,1/1
2026-09-03T01:01:28,2026-2027,4,tottenham vs everton,2026-09-12,tottenham,everton,ht_1x2,Total,,0.4321,X
2026-09-03T01:01:28,2026-2027,4,tottenham vs everton,2026-09-12,tottenham,everton,ht_goles,Total,0.5,0.6738,OVER
2026-09-03T01:01:28,2026-2027,4,tottenham vs everton,2026-09-12,tottenham,everton,ht_goles,Total,1.5,0.3084,UNDER
2026-09-03T01:01:28,2026-2027,4,tottenham vs everton,2026-09-12,tottenham,everton,ht_goles,Total,2.5,0.1037,UNDER
2026-09-03T01:01:28,2026-2027,4,tottenham vs everton,2026-09-12,tottenham,everton,ht_ft,Total,,0.2916,1/1
2026-09-03T01:01:28,2026-2027,4,auxerre vs nice,2026-09-12,auxerre,nice,ht_1x2,Total,,0.4596,X
2026-09-03T01:01:28,2026-2027,4,auxerre vs nice,2026-09-12,auxerre,nice,ht_goles,Total,0.5,0.6395,OVER
2026-09-03T01:01:28,2026-2027,4,auxerre vs nice,2026-09-12,auxerre,nice,ht_goles,Total,1.5,0.2717,UNDER
2026-09-03T01:01:28,2026-2027,4,auxerre vs nice,2026-09-12,auxerre,nice,ht_goles,Total,2.5,0.084,UNDER
2026-09-03T01:01:28,2026-2027,4,auxerre vs nice,2026-09-12,auxerre,nice,ht_ft,Total,,0.2381,1/1
2026-09-03T01:01:28,2026-2027,4,le havre vs angers,2026-09-12,le havre,angers,ht_1x2,Total,,0.4523,X
2026-09-03T01:01:28,2026-2027,4,le havre vs angers,2026-09-12,le havre,angers,ht_goles,Total,0.5,0.6481,OVER
2026-09-03T01:01:28,2026-2027,4,le havre vs angers,2026-09-12,le havre,angers,ht_goles,Total,1.5,0.2805,UNDER
2026-09-03T01:01:28,2026-2027,4,le havre vs angers,2026-09-12,le havre,angers,ht_goles,Total,2.5,0.0886,UNDER
2026-09-03T01:01:28,2026-2027,4,le havre vs angers,2026-09-12,le havre,angers,ht_ft,Total,,0.2602,1/1
2026-09-03T01:01:28,2026-2027,4,paris fc vs lyon,2026-09-12,paris fc,lyon,ht_1x2,Total,,0.406,X
2026-09-03T01:01:28,2026-2027,4,paris fc vs lyon,2026-09-12,paris fc,lyon,ht_goles,Total,0.5,0.7183,OVER
2026-09-03T01:01:28,2026-2027,4,paris fc vs lyon,2026-09-12,paris fc,lyon,ht_goles,Total,1.5,0.3614,UNDER
2026-09-03T01:01:28,2026-2027,4,paris fc vs lyon,2026-09-12,paris fc,lyon,ht_goles,Total,2.5,0.1353,UNDER
2026-09-03T01:01:28,2026-2027,4,paris fc vs lyon,2026-09-12,paris fc,lyon,ht_ft,Total,,0.2462,1/1
2026-09-03T01:01:28,2026-2027,4,atalanta vs cagliari,2026-09-12,atalanta,cagliari,ht_1x2,Total,,0.4149,X
2026-09-03T01:01:28,2026-2027,4,atalanta vs cagliari,2026-09-12,atalanta,cagliari,ht_goles,Total,0.5,0.6963,OVER
2026-09-03T01:01:28,2026-2027,4,atalanta vs cagliari,2026-09-12,atalanta,cagliari,ht_goles,Total,1.5,0.3344,UNDER
2026-09-03T01:01:28,2026-2027,4,atalanta vs cagliari,2026-09-12,atalanta,cagliari,ht_goles,Total,2.5,0.1187,UNDER
2026-09-03T01:01:28,2026-2027,4,atalanta vs cagliari,2026-09-12,atalanta,cagliari,ht_ft,Total,,0.3136,1/1
2026-09-03T01:01:28,2026-2027,4,lorient vs toulouse,2026-09-12,lorient,toulouse,ht_1x2,Total,,0.4445,X
2026-09-03T01:01:28,2026-2027,4,lorient vs toulouse,2026-09-12,lorient,toulouse,ht_goles,Total,0.5,0.6599,OVER
2026-09-03T01:01:28,2026-2027,4,lorient vs toulouse,2026-09-12,lorient,toulouse,ht_goles,Total,1.5,0.2931,UNDER
2026-09-03T01:01:28,2026-2027,4,lorient vs toulouse,2026-09-12,lorient,toulouse,ht_goles,Total,2.5,0.0953,UNDER
2026-09-03T01:01:28,2026-2027,4,lorient vs toulouse,2026-09-12,lorient,toulouse,ht_ft,Total,,0.2567,1/1
2026-09-03T01:01:28,2026-2027,4,sunderland vs arsenal,2026-09-12,sunderland,arsenal,ht_1x2,Total,,0.4268,X
2026-09-03T01:01:28,2026-2027,4,sunderland vs arsenal,2026-09-12,sunderland,arsenal,ht_goles,Total,0.5,0.6798,OVER
2026-09-03T01:01:28,2026-2027,4,sunderland vs arsenal,2026-09-12,sunderland,arsenal,ht_goles,Total,1.5,0.3151,UNDER
2026-09-03T01:01:28,2026-2027,4,sunderland vs arsenal,2026-09-12,sunderland,arsenal,ht_goles,Total,2.5,0.1075,UNDER
2026-09-03T01:01:28,2026-2027,4,sunderland vs arsenal,2026-09-12,sunderland,arsenal,ht_ft,Total,,0.306,2/2
2026-09-03T01:01:28,2026-2027,5,osasuna vs espanol,2026-09-13,osasuna,espanol,1X2,Total,,0.5087,1
2026-09-03T01:01:28,2026-2027,5,osasuna vs espanol,2026-09-13,osasuna,espanol,Goles,Total,2.5,0.426,UNDER
2026-09-03T01:01:28,2026-2027,5,osasuna vs espanol,2026-09-13,osasuna,espanol,ht_1x2,Total,,0.4475,X
2026-09-03T01:01:28,2026-2027,5,osasuna vs espanol,2026-09-13,osasuna,espanol,ht_goles,Total,0.5,0.6507,OVER
2026-09-03T01:01:28,2026-2027,5,osasuna vs espanol,2026-09-13,osasuna,espanol,ht_goles,Total,1.5,0.2832,UNDER
2026-09-03T01:01:28,2026-2027,5,osasuna vs espanol,2026-09-13,osasuna,espanol,ht_goles,Total,2.5,0.0901,UNDER
2026-09-03T01:01:28,2026-2027,5,osasuna vs espanol,2026-09-13,osasuna,espanol,ht_ft,Total,,0.2919,1/1
2026-09-03T01:01:28,2026-2027,5,osasuna vs espanol,2026-09-13,osasuna,espanol,corners,Total,7.5,0.6857,OVER
2026-09-03T01:01:28,2026-2027,5,osasuna vs espanol,2026-09-13,osasuna,espanol,corners,Total,8.5,0.5672,OVER
2026-09-03T01:01:28,2026-2027,5,osasuna vs espanol,2026-09-13,osasuna,espanol,corners,Total,9.5,0.4495,UNDER
2026-09-03T01:01:28,2026-2027,5,osasuna vs espanol,2026-09-13,osasuna,espanol,corners,Total,10.5,0.3328,UNDER
2026-09-03T01:01:28,2026-2027,5,osasuna vs espanol,2026-09-13,osasuna,espanol,corners,Total,11.5,0.233,UNDER
2026-09-03T01:01:28,2026-2027,5,osasuna vs espanol,2026-09-13,osasuna,espanol,corners,Local,3.5,0.7229,OVER
2026-09-03T01:01:28,2026-2027,5,osasuna vs espanol,2026-09-13,osasuna,espanol,corners,Local,4.5,0.5708,OVER
2026-09-03T01:01:28,2026-2027,5,osasuna vs espanol,2026-09-13,osasuna,espanol,corners,Local,5.5,0.4262,UNDER
2026-09-03T01:01:28,2026-2027,5,osasuna vs espanol,2026-09-13,osasuna,espanol,corners,Visitante,3.5,0.5129,OVER
2026-09-03T01:01:28,2026-2027,5,osasuna vs espanol,2026-09-13,osasuna,espanol,corners,Visitante,4.5,0.3496,UNDER
2026-09-03T01:01:28,2026-2027,5,osasuna vs espanol,2026-09-13,osasuna,espanol,corners,Visitante,5.5,0.226,UNDER
2026-09-03T01:01:28,2026-2027,5,osasuna vs espanol,2026-09-13,osasuna,espanol,yellows,Total,2.5,0.8512,OVER
2026-09-03T01:01:28,2026-2027,5,osasuna vs espanol,2026-09-13,osasuna,espanol,yellows,Total,3.5,0.7045,OVER
2026-09-03T01:01:28,2026-2027,5,osasuna vs espanol,2026-09-13,osasuna,espanol,yellows,Total,4.5,0.5325,OVER
2026-09-03T01:01:28,2026-2027,5,osasuna vs espanol,2026-09-13,osasuna,espanol,yellows,Total,5.5,0.3672,UNDER
2026-09-03T01:01:28,2026-2027,5,osasuna vs espanol,2026-09-13,osasuna,espanol,yellows,Total,6.5,0.232,UNDER
2026-09-03T01:01:28,2026-2027,5,osasuna vs espanol,2026-09-13,osasuna,espanol,yellows,Local,1.5,0.6601,OVER
2026-09-03T01:01:28,2026-2027,5,osasuna vs espanol,2026-09-13,osasuna,espanol,yellows,Local,2.5,0.3657,UNDER
2026-09-03T01:01:28,2026-2027,5,osasuna vs espanol,2026-09-13,osasuna,espanol,yellows,Visitante,1.5,0.8002,OVER
2026-09-03T01:01:28,2026-2027,5,osasuna vs espanol,2026-09-13,osasuna,espanol,yellows,Visitante,2.5,0.5402,OVER
2026-09-03T01:01:28,2026-2027,5,osasuna vs espanol,2026-09-13,osasuna,espanol,fouls,Total,19.5,0.9497,OVER
2026-09-03T01:01:28,2026-2027,5,osasuna vs espanol,2026-09-13,osasuna,espanol,fouls,Total,21.5,0.8895,OVER
2026-09-03T01:01:28,2026-2027,5,osasuna vs espanol,2026-09-13,osasuna,espanol,fouls,Total,23.5,0.784,OVER
2026-09-03T01:01:28,2026-2027,5,osasuna vs espanol,2026-09-13,osasuna,espanol,fouls,Total,25.5,0.6473,OVER
2026-09-03T01:01:28,2026-2027,5,osasuna vs espanol,2026-09-13,osasuna,espanol,shots,Total,20.5,0.8054,OVER
2026-09-03T01:01:28,2026-2027,5,osasuna vs espanol,2026-09-13,osasuna,espanol,shots,Total,22.5,0.6896,OVER
2026-09-03T01:01:28,2026-2027,5,osasuna vs espanol,2026-09-13,osasuna,espanol,shots,Total,24.5,0.5485,OVER
2026-09-03T01:01:28,2026-2027,5,osasuna vs espanol,2026-09-13,osasuna,espanol,shots,Total,26.5,0.4006,UNDER
2026-09-03T01:01:28,2026-2027,5,osasuna vs espanol,2026-09-13,osasuna,espanol,shots,Local,9.5,0.8987,OVER
2026-09-03T01:01:28,2026-2027,5,osasuna vs espanol,2026-09-13,osasuna,espanol,shots,Local,11.5,0.7846,OVER
2026-09-03T01:01:28,2026-2027,5,osasuna vs espanol,2026-09-13,osasuna,espanol,shots,Local,13.5,0.6356,OVER
2026-09-03T01:01:28,2026-2027,5,osasuna vs espanol,2026-09-13,osasuna,espanol,shots,Visitante,9.5,0.5144,OVER
2026-09-03T01:01:28,2026-2027,5,osasuna vs espanol,2026-09-13,osasuna,espanol,shots,Visitante,11.5,0.3253,UNDER
2026-09-03T01:01:28,2026-2027,5,osasuna vs espanol,2026-09-13,osasuna,espanol,shots,Visitante,13.5,0.1857,UNDER
2026-09-03T01:01:28,2026-2027,5,osasuna vs espanol,2026-09-13,osasuna,espanol,sot,Total,6.5,0.7897,OVER
2026-09-03T01:01:28,2026-2027,5,osasuna vs espanol,2026-09-13,osasuna,espanol,sot,Total,7.5,0.6735,OVER
2026-09-03T01:01:28,2026-2027,5,osasuna vs espanol,2026-09-13,osasuna,espanol,sot,Total,8.5,0.5425,OVER
2026-09-03T01:01:28,2026-2027,5,osasuna vs espanol,2026-09-13,osasuna,espanol,sot,Total,9.5,0.4132,UNDER
2026-09-03T01:01:28,2026-2027,5,osasuna vs espanol,2026-09-13,osasuna,espanol,booking_pts,Total,30.5,0.766,OVER
2026-09-03T01:01:28,2026-2027,5,osasuna vs espanol,2026-09-13,osasuna,espanol,booking_pts,Total,40.5,0.6228,OVER
2026-09-03T01:01:28,2026-2027,5,osasuna vs espanol,2026-09-13,osasuna,espanol,booking_pts,Total,50.5,0.4745,UNDER
2026-09-03T01:01:28,2026-2027,4,torino vs roma,2026-09-13,torino,roma,1X2,Total,,0.473,2
2026-09-03T01:01:28,2026-2027,4,torino vs roma,2026-09-13,torino,roma,Goles,Total,2.5,0.4827,UNDER
2026-09-03T01:01:28,2026-2027,4,torino vs roma,2026-09-13,torino,roma,ht_1x2,Total,,0.4288,X
2026-09-03T01:01:28,2026-2027,4,torino vs roma,2026-09-13,torino,roma,ht_goles,Total,0.5,0.682,OVER
2026-09-03T01:01:28,2026-2027,4,torino vs roma,2026-09-13,torino,roma,ht_goles,Total,1.5,0.3177,UNDER
2026-09-03T01:01:28,2026-2027,4,torino vs roma,2026-09-13,torino,roma,ht_goles,Total,2.5,0.109,UNDER
2026-09-03T01:01:28,2026-2027,4,torino vs roma,2026-09-13,torino,roma,ht_ft,Total,,0.2704,2/2
2026-09-03T01:01:28,2026-2027,4,torino vs roma,2026-09-13,torino,roma,corners,Total,7.5,0.6081,OVER
2026-09-03T01:01:28,2026-2027,4,torino vs roma,2026-09-13,torino,roma,corners,Total,8.5,0.4825,UNDER
2026-09-03T01:01:28,2026-2027,4,torino vs roma,2026-09-13,torino,roma,corners,Total,9.5,0.3719,UNDER
2026-09-03T01:01:28,2026-2027,4,torino vs roma,2026-09-13,torino,roma,corners,Total,10.5,0.2631,UNDER
2026-09-03T01:01:28,2026-2027,4,torino vs roma,2026-09-13,torino,roma,corners,Total,11.5,0.1749,UNDER
2026-09-03T01:01:28,2026-2027,4,torino vs roma,2026-09-13,torino,roma,corners,Local,3.5,0.4679,UNDER
2026-09-03T01:01:28,2026-2027,4,torino vs roma,2026-09-13,torino,roma,corners,Local,4.5,0.3087,UNDER
2026-09-03T01:01:28,2026-2027,4,torino vs roma,2026-09-13,torino,roma,corners,Local,5.5,0.1935,UNDER
2026-09-03T01:01:28,2026-2027,4,torino vs roma,2026-09-13,torino,roma,corners,Visitante,3.5,0.6582,OVER
2026-09-03T01:01:28,2026-2027,4,torino vs roma,2026-09-13,torino,roma,corners,Visitante,4.5,0.4968,UNDER
2026-09-03T01:01:28,2026-2027,4,torino vs roma,2026-09-13,torino,roma,corners,Visitante,5.5,0.3544,UNDER
2026-09-03T01:01:28,2026-2027,4,torino vs roma,2026-09-13,torino,roma,yellows,Total,2.5,0.6824,OVER
2026-09-03T01:01:28,2026-2027,4,torino vs roma,2026-09-13,torino,roma,yellows,Total,3.5,0.4792,UNDER
2026-09-03T01:01:28,2026-2027,4,torino vs roma,2026-09-13,torino,roma,yellows,Total,4.5,0.2993,UNDER
2026-09-03T01:01:28,2026-2027,4,torino vs roma,2026-09-13,torino,roma,yellows,Total,5.5,0.1679,UNDER
2026-09-03T01:01:28,2026-2027,4,torino vs roma,2026-09-13,torino,roma,yellows,Total,6.5,0.0855,UNDER
2026-09-03T01:01:28,2026-2027,4,torino vs roma,2026-09-13,torino,roma,yellows,Local,1.5,0.5929,OVER
2026-09-03T01:01:28,2026-2027,4,torino vs roma,2026-09-13,torino,roma,yellows,Local,2.5,0.2995,UNDER
2026-09-03T01:01:28,2026-2027,4,torino vs roma,2026-09-13,torino,roma,yellows,Visitante,1.5,0.5206,OVER
2026-09-03T01:01:28,2026-2027,4,torino vs roma,2026-09-13,torino,roma,yellows,Visitante,2.5,0.2378,UNDER
2026-09-03T01:01:28,2026-2027,4,torino vs roma,2026-09-13,torino,roma,fouls,Total,19.5,0.7972,OVER
2026-09-03T01:01:28,2026-2027,4,torino vs roma,2026-09-13,torino,roma,fouls,Total,21.5,0.6625,OVER
2026-09-03T01:01:28,2026-2027,4,torino vs roma,2026-09-13,torino,roma,fouls,Total,23.5,0.5027,OVER
2026-09-03T01:01:28,2026-2027,4,torino vs roma,2026-09-13,torino,roma,fouls,Total,25.5,0.3502,UNDER
2026-09-03T01:01:28,2026-2027,4,torino vs roma,2026-09-13,torino,roma,shots,Total,20.5,0.7297,OVER
2026-09-03T01:01:28,2026-2027,4,torino vs roma,2026-09-13,torino,roma,shots,Total,22.5,0.5937,OVER
2026-09-03T01:01:28,2026-2027,4,torino vs roma,2026-09-13,torino,roma,shots,Total,24.5,0.4485,UNDER
2026-09-03T01:01:28,2026-2027,4,torino vs roma,2026-09-13,torino,roma,shots,Total,26.5,0.3102,UNDER
2026-09-03T01:01:28,2026-2027,4,torino vs roma,2026-09-13,torino,roma,shots,Local,9.5,0.4861,UNDER
2026-09-03T01:01:28,2026-2027,4,torino vs roma,2026-09-13,torino,roma,shots,Local,11.5,0.3008,UNDER
2026-09-03T01:01:28,2026-2027,4,torino vs roma,2026-09-13,torino,roma,shots,Local,13.5,0.1681,UNDER
2026-09-03T01:01:28,2026-2027,4,torino vs roma,2026-09-13,torino,roma,shots,Visitante,9.5,0.8456,OVER
2026-09-03T01:01:28,2026-2027,4,torino vs roma,2026-09-13,torino,roma,shots,Visitante,11.5,0.7011,OVER
2026-09-03T01:01:28,2026-2027,4,torino vs roma,2026-09-13,torino,roma,shots,Visitante,13.5,0.5328,OVER
2026-09-03T01:01:28,2026-2027,4,torino vs roma,2026-09-13,torino,roma,sot,Total,6.5,0.704,OVER
2026-09-03T01:01:28,2026-2027,4,torino vs roma,2026-09-13,torino,roma,sot,Total,7.5,0.5723,OVER
2026-09-03T01:01:28,2026-2027,4,torino vs roma,2026-09-13,torino,roma,sot,Total,8.5,0.4382,UNDER
2026-09-03T01:01:28,2026-2027,4,torino vs roma,2026-09-13,torino,roma,sot,Total,9.5,0.3155,UNDER
2026-09-03T01:01:28,2026-2027,4,torino vs roma,2026-09-13,torino,roma,booking_pts,Total,30.5,0.5803,OVER
2026-09-03T01:01:28,2026-2027,4,torino vs roma,2026-09-13,torino,roma,booking_pts,Total,40.5,0.4179,UNDER
2026-09-03T01:01:28,2026-2027,4,torino vs roma,2026-09-13,torino,roma,booking_pts,Total,50.5,0.2803,UNDER
2026-09-03T01:01:28,2026-2027,4,lazio vs milan,2026-09-13,lazio,milan,1X2,Total,,0.3914,1
2026-09-03T01:01:28,2026-2027,4,lazio vs milan,2026-09-13,lazio,milan,Goles,Total,2.5,0.4312,UNDER
2026-09-03T01:01:28,2026-2027,4,lazio vs milan,2026-09-13,lazio,milan,ht_1x2,Total,,0.4505,X
2026-09-03T01:01:28,2026-2027,4,lazio vs milan,2026-09-13,lazio,milan,ht_goles,Total,0.5,0.6532,OVER
2026-09-03T01:01:28,2026-2027,4,lazio vs milan,2026-09-13,lazio,milan,ht_goles,Total,1.5,0.286,UNDER
2026-09-03T01:01:28,2026-2027,4,lazio vs milan,2026-09-13,lazio,milan,ht_goles,Total,2.5,0.0915,UNDER
2026-09-03T01:01:28,2026-2027,4,lazio vs milan,2026-09-13,lazio,milan,ht_ft,Total,,0.2315,1/1
2026-09-03T01:01:28,2026-2027,4,lazio vs milan,2026-09-13,lazio,milan,corners,Total,7.5,0.6231,OVER
2026-09-03T01:01:28,2026-2027,4,lazio vs milan,2026-09-13,lazio,milan,corners,Total,8.5,0.4984,UNDER
2026-09-03T01:01:28,2026-2027,4,lazio vs milan,2026-09-13,lazio,milan,corners,Total,9.5,0.3861,UNDER
2026-09-03T01:01:28,2026-2027,4,lazio vs milan,2026-09-13,lazio,milan,corners,Total,10.5,0.2756,UNDER
2026-09-03T01:01:28,2026-2027,4,lazio vs milan,2026-09-13,lazio,milan,corners,Total,11.5,0.1851,UNDER
2026-09-03T01:01:28,2026-2027,4,lazio vs milan,2026-09-13,lazio,milan,corners,Local,3.5,0.6277,OVER
2026-09-03T01:01:28,2026-2027,4,lazio vs milan,2026-09-13,lazio,milan,corners,Local,4.5,0.4639,UNDER
2026-09-03T01:01:28,2026-2027,4,lazio vs milan,2026-09-13,lazio,milan,corners,Local,5.5,0.324,UNDER
2026-09-03T01:01:28,2026-2027,4,lazio vs milan,2026-09-13,lazio,milan,corners,Visitante,3.5,0.529,OVER
2026-09-03T01:01:28,2026-2027,4,lazio vs milan,2026-09-13,lazio,milan,corners,Visitante,4.5,0.3648,UNDER
2026-09-03T01:01:28,2026-2027,4,lazio vs milan,2026-09-13,lazio,milan,corners,Visitante,5.5,0.2383,UNDER
2026-09-03T01:01:28,2026-2027,4,lazio vs milan,2026-09-13,lazio,milan,yellows,Total,2.5,0.8176,OVER
2026-09-03T01:01:28,2026-2027,4,lazio vs milan,2026-09-13,lazio,milan,yellows,Total,3.5,0.6542,OVER
2026-09-03T01:01:28,2026-2027,4,lazio vs milan,2026-09-13,lazio,milan,yellows,Total,4.5,0.4747,UNDER
2026-09-03T01:01:28,2026-2027,4,lazio vs milan,2026-09-13,lazio,milan,yellows,Total,5.5,0.3128,UNDER
2026-09-03T01:01:28,2026-2027,4,lazio vs milan,2026-09-13,lazio,milan,yellows,Total,6.5,0.1883,UNDER
2026-09-03T01:01:28,2026-2027,4,lazio vs milan,2026-09-13,lazio,milan,yellows,Local,1.5,0.6786,OVER
2026-09-03T01:01:28,2026-2027,4,lazio vs milan,2026-09-13,lazio,milan,yellows,Local,2.5,0.3856,UNDER
2026-09-03T01:01:28,2026-2027,4,lazio vs milan,2026-09-13,lazio,milan,yellows,Visitante,1.5,0.718,OVER
2026-09-03T01:01:28,2026-2027,4,lazio vs milan,2026-09-13,lazio,milan,yellows,Visitante,2.5,0.431,UNDER
2026-09-03T01:01:28,2026-2027,4,lazio vs milan,2026-09-13,lazio,milan,fouls,Total,19.5,0.831,OVER
2026-09-03T01:01:28,2026-2027,4,lazio vs milan,2026-09-13,lazio,milan,fouls,Total,21.5,0.7083,OVER
2026-09-03T01:01:28,2026-2027,4,lazio vs milan,2026-09-13,lazio,milan,fouls,Total,23.5,0.5536,OVER
2026-09-03T01:01:28,2026-2027,4,lazio vs milan,2026-09-13,lazio,milan,fouls,Total,25.5,0.3988,UNDER
2026-09-03T01:01:28,2026-2027,4,lazio vs milan,2026-09-13,lazio,milan,shots,Total,20.5,0.7335,OVER
2026-09-03T01:01:28,2026-2027,4,lazio vs milan,2026-09-13,lazio,milan,shots,Total,22.5,0.5984,OVER
2026-09-03T01:01:28,2026-2027,4,lazio vs milan,2026-09-13,lazio,milan,shots,Total,24.5,0.4531,UNDER
2026-09-03T01:01:28,2026-2027,4,lazio vs milan,2026-09-13,lazio,milan,shots,Total,26.5,0.3142,UNDER
2026-09-03T01:01:28,2026-2027,4,lazio vs milan,2026-09-13,lazio,milan,shots,Local,9.5,0.734,OVER
2026-09-03T01:01:28,2026-2027,4,lazio vs milan,2026-09-13,lazio,milan,shots,Local,11.5,0.5522,OVER
2026-09-03T01:01:28,2026-2027,4,lazio vs milan,2026-09-13,lazio,milan,shots,Local,13.5,0.3761,UNDER
2026-09-03T01:01:28,2026-2027,4,lazio vs milan,2026-09-13,lazio,milan,shots,Visitante,9.5,0.6683,OVER
2026-09-03T01:01:28,2026-2027,4,lazio vs milan,2026-09-13,lazio,milan,shots,Visitante,11.5,0.4768,UNDER
2026-09-03T01:01:28,2026-2027,4,lazio vs milan,2026-09-13,lazio,milan,shots,Visitante,13.5,0.3069,UNDER
2026-09-03T01:01:28,2026-2027,4,lazio vs milan,2026-09-13,lazio,milan,sot,Total,6.5,0.653,OVER
2026-09-03T01:01:28,2026-2027,4,lazio vs milan,2026-09-13,lazio,milan,sot,Total,7.5,0.5164,OVER
2026-09-03T01:01:28,2026-2027,4,lazio vs milan,2026-09-13,lazio,milan,sot,Total,8.5,0.3845,UNDER
2026-09-03T01:01:28,2026-2027,4,lazio vs milan,2026-09-13,lazio,milan,sot,Total,9.5,0.2683,UNDER
2026-09-03T01:01:28,2026-2027,4,lazio vs milan,2026-09-13,lazio,milan,booking_pts,Total,30.5,0.723,OVER
2026-09-03T01:01:28,2026-2027,4,lazio vs milan,2026-09-13,lazio,milan,booking_pts,Total,40.5,0.5704,OVER
2026-09-03T01:01:28,2026-2027,4,lazio vs milan,2026-09-13,lazio,milan,booking_pts,Total,50.5,0.4206,UNDER
2026-09-03T01:01:28,2026-2027,4,como vs parma,2026-09-13,como,parma,1X2,Total,,0.656,1
2026-09-03T01:01:28,2026-2027,4,como vs parma,2026-09-13,como,parma,Goles,Total,2.5,0.4723,UNDER
2026-09-03T01:01:28,2026-2027,4,como vs parma,2026-09-13,como,parma,ht_1x2,Total,,0.4315,1
2026-09-03T01:01:28,2026-2027,4,como vs parma,2026-09-13,como,parma,ht_goles,Total,0.5,0.6777,OVER
2026-09-03T01:01:28,2026-2027,4,como vs parma,2026-09-13,como,parma,ht_goles,Total,1.5,0.3128,UNDER
2026-09-03T01:01:28,2026-2027,4,como vs parma,2026-09-13,como,parma,ht_goles,Total,2.5,0.1062,UNDER
2026-09-03T01:01:28,2026-2027,4,como vs parma,2026-09-13,como,parma,ht_ft,Total,,0.38,1/1
2026-09-03T01:01:28,2026-2027,4,como vs parma,2026-09-13,como,parma,corners,Total,7.5,0.676,OVER
2026-09-03T01:01:28,2026-2027,4,como vs parma,2026-09-13,como,parma,corners,Total,8.5,0.5563,OVER
2026-09-03T01:01:28,2026-2027,4,como vs parma,2026-09-13,como,parma,corners,Total,9.5,0.4392,UNDER
2026-09-03T01:01:28,2026-2027,4,como vs parma,2026-09-13,como,parma,corners,Total,10.5,0.3233,UNDER
2026-09-03T01:01:28,2026-2027,4,como vs parma,2026-09-13,como,parma,corners,Total,11.5,0.2249,UNDER
2026-09-03T01:01:28,2026-2027,4,como vs parma,2026-09-13,como,parma,corners,Local,3.5,0.8238,OVER
2026-09-03T01:01:28,2026-2027,4,como vs parma,2026-09-13,como,parma,corners,Local,4.5,0.6994,OVER
2026-09-03T01:01:28,2026-2027,4,como vs parma,2026-09-13,como,parma,corners,Local,5.5,0.5641,OVER
2026-09-03T01:01:28,2026-2027,4,como vs parma,2026-09-13,como,parma,corners,Visitante,3.5,0.3132,UNDER
2026-09-03T01:01:28,2026-2027,4,como vs parma,2026-09-13,como,parma,corners,Visitante,4.5,0.1829,UNDER
2026-09-03T01:01:28,2026-2027,4,como vs parma,2026-09-13,como,parma,corners,Visitante,5.5,0.1025,UNDER
2026-09-03T01:01:28,2026-2027,4,como vs parma,2026-09-13,como,parma,yellows,Total,2.5,0.695,OVER
2026-09-03T01:01:28,2026-2027,4,como vs parma,2026-09-13,como,parma,yellows,Total,3.5,0.4941,UNDER
2026-09-03T01:01:28,2026-2027,4,como vs parma,2026-09-13,como,parma,yellows,Total,4.5,0.3128,UNDER
2026-09-03T01:01:28,2026-2027,4,como vs parma,2026-09-13,como,parma,yellows,Total,5.5,0.178,UNDER
2026-09-03T01:01:28,2026-2027,4,como vs parma,2026-09-13,como,parma,yellows,Total,6.5,0.092,UNDER
2026-09-03T01:01:28,2026-2027,4,como vs parma,2026-09-13,como,parma,yellows,Local,1.5,0.4838,UNDER
2026-09-03T01:01:28,2026-2027,4,como vs parma,2026-09-13,como,parma,yellows,Local,2.5,0.2096,UNDER
2026-09-03T01:01:28,2026-2027,4,como vs parma,2026-09-13,como,parma,yellows,Visitante,1.5,0.646,OVER
2026-09-03T01:01:28,2026-2027,4,como vs parma,2026-09-13,como,parma,yellows,Visitante,2.5,0.351,UNDER
2026-09-03T01:01:28,2026-2027,4,como vs parma,2026-09-13,como,parma,fouls,Total,19.5,0.7928,OVER
2026-09-03T01:01:28,2026-2027,4,como vs parma,2026-09-13,como,parma,fouls,Total,21.5,0.6567,OVER
2026-09-03T01:01:28,2026-2027,4,como vs parma,2026-09-13,como,parma,fouls,Total,23.5,0.4964,UNDER
2026-09-03T01:01:28,2026-2027,4,como vs parma,2026-09-13,como,parma,fouls,Total,25.5,0.3444,UNDER
2026-09-03T01:01:28,2026-2027,4,como vs parma,2026-09-13,como,parma,shots,Total,20.5,0.8385,OVER
2026-09-03T01:01:28,2026-2027,4,como vs parma,2026-09-13,como,parma,shots,Total,22.5,0.7344,OVER
2026-09-03T01:01:28,2026-2027,4,como vs parma,2026-09-13,como,parma,shots,Total,24.5,0.5988,OVER
2026-09-03T01:01:28,2026-2027,4,como vs parma,2026-09-13,como,parma,shots,Total,26.5,0.4492,UNDER
2026-09-03T01:01:28,2026-2027,4,como vs parma,2026-09-13,como,parma,shots,Local,9.5,0.9667,OVER
2026-09-03T01:01:28,2026-2027,4,como vs parma,2026-09-13,como,parma,shots,Local,11.5,0.9127,OVER
2026-09-03T01:01:28,2026-2027,4,como vs parma,2026-09-13,como,parma,shots,Local,13.5,0.8235,OVER
2026-09-03T01:01:28,2026-2027,4,como vs parma,2026-09-13,como,parma,shots,Visitante,9.5,0.2806,UNDER
2026-09-03T01:01:28,2026-2027,4,como vs parma,2026-09-13,como,parma,shots,Visitante,11.5,0.1463,UNDER
2026-09-03T01:01:28,2026-2027,4,como vs parma,2026-09-13,como,parma,shots,Visitante,13.5,0.0695,UNDER
2026-09-03T01:01:28,2026-2027,4,como vs parma,2026-09-13,como,parma,sot,Total,6.5,0.6997,OVER
2026-09-03T01:01:28,2026-2027,4,como vs parma,2026-09-13,como,parma,sot,Total,7.5,0.5675,OVER
2026-09-03T01:01:28,2026-2027,4,como vs parma,2026-09-13,como,parma,sot,Total,8.5,0.4335,UNDER
2026-09-03T01:01:28,2026-2027,4,como vs parma,2026-09-13,como,parma,sot,Total,9.5,0.3112,UNDER
2026-09-03T01:01:28,2026-2027,4,como vs parma,2026-09-13,como,parma,booking_pts,Total,30.5,0.5919,OVER
2026-09-03T01:01:28,2026-2027,4,como vs parma,2026-09-13,como,parma,booking_pts,Total,40.5,0.4292,UNDER
2026-09-03T01:01:28,2026-2027,4,como vs parma,2026-09-13,como,parma,booking_pts,Total,50.5,0.2901,UNDER
2026-09-03T01:01:28,2026-2027,5,ath bilbao vs elche,2026-09-13,ath bilbao,elche,1X2,Total,,0.5392,1
2026-09-03T01:01:28,2026-2027,5,ath bilbao vs elche,2026-09-13,ath bilbao,elche,Goles,Total,2.5,0.4245,UNDER
2026-09-03T01:01:28,2026-2027,5,ath bilbao vs elche,2026-09-13,ath bilbao,elche,ht_1x2,Total,,0.446,X
2026-09-03T01:01:28,2026-2027,5,ath bilbao vs elche,2026-09-13,ath bilbao,elche,ht_goles,Total,0.5,0.6498,OVER
2026-09-03T01:01:28,2026-2027,5,ath bilbao vs elche,2026-09-13,ath bilbao,elche,ht_goles,Total,1.5,0.2824,UNDER
2026-09-03T01:01:28,2026-2027,5,ath bilbao vs elche,2026-09-13,ath bilbao,elche,ht_goles,Total,2.5,0.0896,UNDER
2026-09-03T01:01:28,2026-2027,5,ath bilbao vs elche,2026-09-13,ath bilbao,elche,ht_ft,Total,,0.3084,1/1
2026-09-03T01:01:28,2026-2027,5,ath bilbao vs elche,2026-09-13,ath bilbao,elche,corners,Total,7.5,0.6994,OVER
2026-09-03T01:01:28,2026-2027,5,ath bilbao vs elche,2026-09-13,ath bilbao,elche,corners,Total,8.5,0.5827,OVER
2026-09-03T01:01:28,2026-2027,5,ath bilbao vs elche,2026-09-13,ath bilbao,elche,corners,Total,9.5,0.4642,UNDER
2026-09-03T01:01:28,2026-2027,5,ath bilbao vs elche,2026-09-13,ath bilbao,elche,corners,Total,10.5,0.3464,UNDER
2026-09-03T01:01:28,2026-2027,5,ath bilbao vs elche,2026-09-13,ath bilbao,elche,corners,Total,11.5,0.2448,UNDER
2026-09-03T01:01:28,2026-2027,5,ath bilbao vs elche,2026-09-13,ath bilbao,elche,corners,Local,3.5,0.7754,OVER
2026-09-03T01:01:28,2026-2027,5,ath bilbao vs elche,2026-09-13,ath bilbao,elche,corners,Local,4.5,0.6355,OVER
2026-09-03T01:01:28,2026-2027,5,ath bilbao vs elche,2026-09-13,ath bilbao,elche,corners,Local,5.5,0.4933,UNDER
2026-09-03T01:01:28,2026-2027,5,ath bilbao vs elche,2026-09-13,ath bilbao,elche,corners,Visitante,3.5,0.4548,UNDER
2026-09-03T01:01:28,2026-2027,5,ath bilbao vs elche,2026-09-13,ath bilbao,elche,corners,Visitante,4.5,0.2972,UNDER
2026-09-03T01:01:28,2026-2027,5,ath bilbao vs elche,2026-09-13,ath bilbao,elche,corners,Visitante,5.5,0.1846,UNDER
2026-09-03T01:01:28,2026-2027,5,ath bilbao vs elche,2026-09-13,ath bilbao,elche,yellows,Total,2.5,0.7618,OVER
2026-09-03T01:01:28,2026-2027,5,ath bilbao vs elche,2026-09-13,ath bilbao,elche,yellows,Total,3.5,0.5773,OVER
2026-09-03T01:01:28,2026-2027,5,ath bilbao vs elche,2026-09-13,ath bilbao,elche,yellows,Total,4.5,0.393,UNDER
2026-09-03T01:01:28,2026-2027,5,ath bilbao vs elche,2026-09-13,ath bilbao,elche,yellows,Total,5.5,0.2416,UNDER
2026-09-03T01:01:28,2026-2027,5,ath bilbao vs elche,2026-09-13,ath bilbao,elche,yellows,Total,6.5,0.1353,UNDER
2026-09-03T01:01:28,2026-2027,5,ath bilbao vs elche,2026-09-13,ath bilbao,elche,yellows,Local,1.5,0.5995,OVER
2026-09-03T01:01:28,2026-2027,5,ath bilbao vs elche,2026-09-13,ath bilbao,elche,yellows,Local,2.5,0.3056,UNDER
2026-09-03T01:01:28,2026-2027,5,ath bilbao vs elche,2026-09-13,ath bilbao,elche,yellows,Visitante,1.5,0.6735,OVER
2026-09-03T01:01:28,2026-2027,5,ath bilbao vs elche,2026-09-13,ath bilbao,elche,yellows,Visitante,2.5,0.3801,UNDER
2026-09-03T01:01:28,2026-2027,5,ath bilbao vs elche,2026-09-13,ath bilbao,elche,fouls,Total,19.5,0.9454,OVER
2026-09-03T01:01:28,2026-2027,5,ath bilbao vs elche,2026-09-13,ath bilbao,elche,fouls,Total,21.5,0.8814,OVER
2026-09-03T01:01:28,2026-2027,5,ath bilbao vs elche,2026-09-13,ath bilbao,elche,fouls,Total,23.5,0.7714,OVER
2026-09-03T01:01:28,2026-2027,5,ath bilbao vs elche,2026-09-13,ath bilbao,elche,fouls,Total,25.5,0.6309,OVER
2026-09-03T01:01:28,2026-2027,5,ath bilbao vs elche,2026-09-13,ath bilbao,elche,shots,Total,20.5,0.7009,OVER
2026-09-03T01:01:28,2026-2027,5,ath bilbao vs elche,2026-09-13,ath bilbao,elche,shots,Total,22.5,0.5593,OVER
2026-09-03T01:01:28,2026-2027,5,ath bilbao vs elche,2026-09-13,ath bilbao,elche,shots,Total,24.5,0.4148,UNDER
2026-09-03T01:01:28,2026-2027,5,ath bilbao vs elche,2026-09-13,ath bilbao,elche,shots,Total,26.5,0.2816,UNDER
2026-09-03T01:01:28,2026-2027,5,ath bilbao vs elche,2026-09-13,ath bilbao,elche,shots,Local,9.5,0.8484,OVER
2026-09-03T01:01:28,2026-2027,5,ath bilbao vs elche,2026-09-13,ath bilbao,elche,shots,Local,11.5,0.7052,OVER
2026-09-03T01:01:28,2026-2027,5,ath bilbao vs elche,2026-09-13,ath bilbao,elche,shots,Local,13.5,0.5377,OVER
2026-09-03T01:01:28,2026-2027,5,ath bilbao vs elche,2026-09-13,ath bilbao,elche,shots,Visitante,9.5,0.4257,UNDER
2026-09-03T01:01:28,2026-2027,5,ath bilbao vs elche,2026-09-13,ath bilbao,elche,shots,Visitante,11.5,0.2511,UNDER
2026-09-03T01:01:28,2026-2027,5,ath bilbao vs elche,2026-09-13,ath bilbao,elche,shots,Visitante,13.5,0.1341,UNDER
2026-09-03T01:01:28,2026-2027,5,ath bilbao vs elche,2026-09-13,ath bilbao,elche,sot,Total,6.5,0.7759,OVER
2026-09-03T01:01:28,2026-2027,5,ath bilbao vs elche,2026-09-13,ath bilbao,elche,sot,Total,7.5,0.6565,OVER
2026-09-03T01:01:28,2026-2027,5,ath bilbao vs elche,2026-09-13,ath bilbao,elche,sot,Total,8.5,0.5243,OVER
2026-09-03T01:01:28,2026-2027,5,ath bilbao vs elche,2026-09-13,ath bilbao,elche,sot,Total,9.5,0.3955,UNDER
2026-09-03T01:01:28,2026-2027,5,ath bilbao vs elche,2026-09-13,ath bilbao,elche,booking_pts,Total,30.5,0.6641,OVER
2026-09-03T01:01:28,2026-2027,5,ath bilbao vs elche,2026-09-13,ath bilbao,elche,booking_pts,Total,40.5,0.5051,OVER
2026-09-03T01:01:28,2026-2027,5,ath bilbao vs elche,2026-09-13,ath bilbao,elche,booking_pts,Total,50.5,0.3587,UNDER
2026-09-03T01:01:28,2026-2027,5,celta vs malaga,2026-09-13,celta,malaga,1X2,Total,,0.4887,1
2026-09-03T01:01:28,2026-2027,5,celta vs malaga,2026-09-13,celta,malaga,Goles,Total,2.5,0.437,UNDER
2026-09-03T01:01:28,2026-2027,5,celta vs malaga,2026-09-13,celta,malaga,ht_1x2,Total,,0.4443,X
2026-09-03T01:01:28,2026-2027,5,celta vs malaga,2026-09-13,celta,malaga,ht_goles,Total,0.5,0.657,OVER
2026-09-03T01:01:28,2026-2027,5,celta vs malaga,2026-09-13,celta,malaga,ht_goles,Total,1.5,0.29,UNDER
2026-09-03T01:01:28,2026-2027,5,celta vs malaga,2026-09-13,celta,malaga,ht_goles,Total,2.5,0.0936,UNDER
2026-09-03T01:01:28,2026-2027,5,celta vs malaga,2026-09-13,celta,malaga,ht_ft,Total,,0.2817,1/1
2026-09-03T01:01:28,2026-2027,5,celta vs malaga,2026-09-13,celta,malaga,corners,Total,7.5,0.656,OVER
2026-09-03T01:01:28,2026-2027,5,celta vs malaga,2026-09-13,celta,malaga,corners,Total,8.5,0.5342,OVER
2026-09-03T01:01:28,2026-2027,5,celta vs malaga,2026-09-13,celta,malaga,corners,Total,9.5,0.4187,UNDER
2026-09-03T01:01:28,2026-2027,5,celta vs malaga,2026-09-13,celta,malaga,corners,Total,10.5,0.3046,UNDER
2026-09-03T01:01:28,2026-2027,5,celta vs malaga,2026-09-13,celta,malaga,corners,Total,11.5,0.2091,UNDER
2026-09-03T01:01:28,2026-2027,5,celta vs malaga,2026-09-13,celta,malaga,corners,Local,3.5,0.7117,OVER
2026-09-03T01:01:28,2026-2027,5,celta vs malaga,2026-09-13,celta,malaga,corners,Local,4.5,0.5575,OVER
2026-09-03T01:01:28,2026-2027,5,celta vs malaga,2026-09-13,celta,malaga,corners,Local,5.5,0.4129,UNDER
2026-09-03T01:01:28,2026-2027,5,celta vs malaga,2026-09-13,celta,malaga,corners,Visitante,3.5,0.4765,UNDER
2026-09-03T01:01:28,2026-2027,5,celta vs malaga,2026-09-13,celta,malaga,corners,Visitante,4.5,0.3164,UNDER
2026-09-03T01:01:28,2026-2027,5,celta vs malaga,2026-09-13,celta,malaga,corners,Visitante,5.5,0.1995,UNDER
2026-09-03T01:01:28,2026-2027,5,celta vs malaga,2026-09-13,celta,malaga,yellows,Total,2.5,0.7638,OVER
2026-09-03T01:01:28,2026-2027,5,celta vs malaga,2026-09-13,celta,malaga,yellows,Total,3.5,0.58,OVER
2026-09-03T01:01:28,2026-2027,5,celta vs malaga,2026-09-13,celta,malaga,yellows,Total,4.5,0.3957,UNDER
2026-09-03T01:01:28,2026-2027,5,celta vs malaga,2026-09-13,celta,malaga,yellows,Total,5.5,0.2439,UNDER
2026-09-03T01:01:28,2026-2027,5,celta vs malaga,2026-09-13,celta,malaga,yellows,Total,6.5,0.1369,UNDER
2026-09-03T01:01:28,2026-2027,5,celta vs malaga,2026-09-13,celta,malaga,yellows,Local,1.5,0.5189,OVER
2026-09-03T01:01:28,2026-2027,5,celta vs malaga,2026-09-13,celta,malaga,yellows,Local,2.5,0.2365,UNDER
2026-09-03T01:01:28,2026-2027,5,celta vs malaga,2026-09-13,celta,malaga,yellows,Visitante,1.5,0.7363,OVER
2026-09-03T01:01:28,2026-2027,5,celta vs malaga,2026-09-13,celta,malaga,yellows,Visitante,2.5,0.4534,UNDER
2026-09-03T01:01:28,2026-2027,5,celta vs malaga,2026-09-13,celta,malaga,fouls,Total,19.5,0.9504,OVER
2026-09-03T01:01:28,2026-2027,5,celta vs malaga,2026-09-13,celta,malaga,fouls,Total,21.5,0.8908,OVER
2026-09-03T01:01:28,2026-2027,5,celta vs malaga,2026-09-13,celta,malaga,fouls,Total,23.5,0.786,OVER
2026-09-03T01:01:28,2026-2027,5,celta vs malaga,2026-09-13,celta,malaga,fouls,Total,25.5,0.6499,OVER
2026-09-03T01:01:28,2026-2027,5,celta vs malaga,2026-09-13,celta,malaga,shots,Total,20.5,0.6107,OVER
2026-09-03T01:01:28,2026-2027,5,celta vs malaga,2026-09-13,celta,malaga,shots,Total,22.5,0.4581,UNDER
2026-09-03T01:01:28,2026-2027,5,celta vs malaga,2026-09-13,celta,malaga,shots,Total,24.5,0.3215,UNDER
2026-09-03T01:01:28,2026-2027,5,celta vs malaga,2026-09-13,celta,malaga,shots,Total,26.5,0.2065,UNDER
2026-09-03T01:01:28,2026-2027,5,celta vs malaga,2026-09-13,celta,malaga,shots,Local,9.5,0.7013,OVER
2026-09-03T01:01:28,2026-2027,5,celta vs malaga,2026-09-13,celta,malaga,shots,Local,11.5,0.5137,OVER
2026-09-03T01:01:28,2026-2027,5,celta vs malaga,2026-09-13,celta,malaga,shots,Local,13.5,0.34,UNDER
2026-09-03T01:01:28,2026-2027,5,celta vs malaga,2026-09-13,celta,malaga,shots,Visitante,9.5,0.5139,OVER
2026-09-03T01:01:28,2026-2027,5,celta vs malaga,2026-09-13,celta,malaga,shots,Visitante,11.5,0.3249,UNDER
2026-09-03T01:01:28,2026-2027,5,celta vs malaga,2026-09-13,celta,malaga,shots,Visitante,13.5,0.1854,UNDER
2026-09-03T01:01:28,2026-2027,5,celta vs malaga,2026-09-13,celta,malaga,sot,Total,6.5,0.6304,OVER
2026-09-03T01:01:28,2026-2027,5,celta vs malaga,2026-09-13,celta,malaga,sot,Total,7.5,0.4925,UNDER
2026-09-03T01:01:28,2026-2027,5,celta vs malaga,2026-09-13,celta,malaga,sot,Total,8.5,0.3622,UNDER
2026-09-03T01:01:28,2026-2027,5,celta vs malaga,2026-09-13,celta,malaga,sot,Total,9.5,0.2494,UNDER
2026-09-03T01:01:28,2026-2027,5,celta vs malaga,2026-09-13,celta,malaga,booking_pts,Total,30.5,0.6656,OVER
2026-09-03T01:01:28,2026-2027,5,celta vs malaga,2026-09-13,celta,malaga,booking_pts,Total,40.5,0.5066,OVER
2026-09-03T01:01:28,2026-2027,5,celta vs malaga,2026-09-13,celta,malaga,booking_pts,Total,50.5,0.3601,UNDER
2026-09-03T01:01:28,2026-2027,5,getafe vs la coruna,2026-09-13,getafe,la coruna,1X2,Total,,0.3956,1
2026-09-03T01:01:28,2026-2027,5,getafe vs la coruna,2026-09-13,getafe,la coruna,Goles,Total,2.5,0.3744,UNDER
2026-09-03T01:01:28,2026-2027,5,getafe vs la coruna,2026-09-13,getafe,la coruna,ht_1x2,Total,,0.4741,X
2026-09-03T01:01:28,2026-2027,5,getafe vs la coruna,2026-09-13,getafe,la coruna,ht_goles,Total,0.5,0.619,OVER
2026-09-03T01:01:28,2026-2027,5,getafe vs la coruna,2026-09-13,getafe,la coruna,ht_goles,Total,1.5,0.2514,UNDER
2026-09-03T01:01:28,2026-2027,5,getafe vs la coruna,2026-09-13,getafe,la coruna,ht_goles,Total,2.5,0.074,UNDER
2026-09-03T01:01:28,2026-2027,5,getafe vs la coruna,2026-09-13,getafe,la coruna,ht_ft,Total,,0.2314,1/1
2026-09-03T01:01:28,2026-2027,5,getafe vs la coruna,2026-09-13,getafe,la coruna,corners,Total,7.5,0.7191,OVER
2026-09-03T01:01:28,2026-2027,5,getafe vs la coruna,2026-09-13,getafe,la coruna,corners,Total,8.5,0.6054,OVER
2026-09-03T01:01:28,2026-2027,5,getafe vs la coruna,2026-09-13,getafe,la coruna,corners,Total,9.5,0.486,UNDER
2026-09-03T01:01:28,2026-2027,5,getafe vs la coruna,2026-09-13,getafe,la coruna,corners,Total,10.5,0.367,UNDER
2026-09-03T01:01:28,2026-2027,5,getafe vs la coruna,2026-09-13,getafe,la coruna,corners,Total,11.5,0.2629,UNDER
2026-09-03T01:01:28,2026-2027,5,getafe vs la coruna,2026-09-13,getafe,la coruna,corners,Local,3.5,0.7574,OVER
2026-09-03T01:01:28,2026-2027,5,getafe vs la coruna,2026-09-13,getafe,la coruna,corners,Local,4.5,0.6128,OVER
2026-09-03T01:01:28,2026-2027,5,getafe vs la coruna,2026-09-13,getafe,la coruna,corners,Local,5.5,0.4693,UNDER
2026-09-03T01:01:28,2026-2027,5,getafe vs la coruna,2026-09-13,getafe,la coruna,corners,Visitante,3.5,0.523,OVER
2026-09-03T01:01:28,2026-2027,5,getafe vs la coruna,2026-09-13,getafe,la coruna,corners,Visitante,4.5,0.3591,UNDER
2026-09-03T01:01:28,2026-2027,5,getafe vs la coruna,2026-09-13,getafe,la coruna,corners,Visitante,5.5,0.2337,UNDER
2026-09-03T01:01:28,2026-2027,5,getafe vs la coruna,2026-09-13,getafe,la coruna,yellows,Total,2.5,0.8696,OVER
2026-09-03T01:01:28,2026-2027,5,getafe vs la coruna,2026-09-13,getafe,la coruna,yellows,Total,3.5,0.7335,OVER
2026-09-03T01:01:28,2026-2027,5,getafe vs la coruna,2026-09-13,getafe,la coruna,yellows,Total,4.5,0.5676,OVER
2026-09-03T01:01:28,2026-2027,5,getafe vs la coruna,2026-09-13,getafe,la coruna,yellows,Total,5.5,0.402,UNDER
2026-09-03T01:01:28,2026-2027,5,getafe vs la coruna,2026-09-13,getafe,la coruna,yellows,Total,6.5,0.2613,UNDER
2026-09-03T01:01:28,2026-2027,5,getafe vs la coruna,2026-09-13,getafe,la coruna,yellows,Local,1.5,0.6458,OVER
2026-09-03T01:01:28,2026-2027,5,getafe vs la coruna,2026-09-13,getafe,la coruna,yellows,Local,2.5,0.3508,UNDER
2026-09-03T01:01:28,2026-2027,5,getafe vs la coruna,2026-09-13,getafe,la coruna,yellows,Visitante,1.5,0.8416,OVER
2026-09-03T01:01:28,2026-2027,5,getafe vs la coruna,2026-09-13,getafe,la coruna,yellows,Visitante,2.5,0.6048,OVER
2026-09-03T01:01:28,2026-2027,5,getafe vs la coruna,2026-09-13,getafe,la coruna,fouls,Total,19.5,0.96,OVER
2026-09-03T01:01:28,2026-2027,5,getafe vs la coruna,2026-09-13,getafe,la coruna,fouls,Total,21.5,0.9092,OVER
2026-09-03T01:01:28,2026-2027,5,getafe vs la coruna,2026-09-13,getafe,la coruna,fouls,Total,23.5,0.8157,OVER
2026-09-03T01:01:28,2026-2027,5,getafe vs la coruna,2026-09-13,getafe,la coruna,fouls,Total,25.5,0.6896,OVER
2026-09-03T01:01:28,2026-2027,5,getafe vs la coruna,2026-09-13,getafe,la coruna,shots,Total,20.5,0.6525,OVER
2026-09-03T01:01:28,2026-2027,5,getafe vs la coruna,2026-09-13,getafe,la coruna,shots,Total,22.5,0.5038,OVER
2026-09-03T01:01:28,2026-2027,5,getafe vs la coruna,2026-09-13,getafe,la coruna,shots,Total,24.5,0.3625,UNDER
2026-09-03T01:01:28,2026-2027,5,getafe vs la coruna,2026-09-13,getafe,la coruna,shots,Total,26.5,0.2388,UNDER
2026-09-03T01:01:28,2026-2027,5,getafe vs la coruna,2026-09-13,getafe,la coruna,shots,Local,9.5,0.7425,OVER
2026-09-03T01:01:28,2026-2027,5,getafe vs la coruna,2026-09-13,getafe,la coruna,shots,Local,11.5,0.5627,OVER
2026-09-03T01:01:28,2026-2027,5,getafe vs la coruna,2026-09-13,getafe,la coruna,shots,Local,13.5,0.3861,UNDER
2026-09-03T01:01:28,2026-2027,5,getafe vs la coruna,2026-09-13,getafe,la coruna,shots,Visitante,9.5,0.5251,OVER
2026-09-03T01:01:28,2026-2027,5,getafe vs la coruna,2026-09-13,getafe,la coruna,shots,Visitante,11.5,0.3349,UNDER
2026-09-03T01:01:28,2026-2027,5,getafe vs la coruna,2026-09-13,getafe,la coruna,shots,Visitante,13.5,0.1927,UNDER
2026-09-03T01:01:28,2026-2027,5,getafe vs la coruna,2026-09-13,getafe,la coruna,sot,Total,6.5,0.6015,OVER
2026-09-03T01:01:28,2026-2027,5,getafe vs la coruna,2026-09-13,getafe,la coruna,sot,Total,7.5,0.4627,UNDER
2026-09-03T01:01:28,2026-2027,5,getafe vs la coruna,2026-09-13,getafe,la coruna,sot,Total,8.5,0.3351,UNDER
2026-09-03T01:01:28,2026-2027,5,getafe vs la coruna,2026-09-13,getafe,la coruna,sot,Total,9.5,0.2268,UNDER
2026-09-03T01:01:28,2026-2027,5,getafe vs la coruna,2026-09-13,getafe,la coruna,booking_pts,Total,30.5,0.7892,OVER
2026-09-03T01:01:28,2026-2027,5,getafe vs la coruna,2026-09-13,getafe,la coruna,booking_pts,Total,40.5,0.6519,OVER
2026-09-03T01:01:28,2026-2027,5,getafe vs la coruna,2026-09-13,getafe,la coruna,booking_pts,Total,50.5,0.5054,OVER
2026-09-03T01:01:28,2026-2027,5,levante vs barcelona,2026-09-13,levante,barcelona,1X2,Total,,0.5137,2
2026-09-03T01:01:28,2026-2027,5,levante vs barcelona,2026-09-13,levante,barcelona,Goles,Total,2.5,0.5847,OVER
2026-09-03T01:01:28,2026-2027,5,levante vs barcelona,2026-09-13,levante,barcelona,ht_1x2,Total,,0.3907,X
2026-09-03T01:01:28,2026-2027,5,levante vs barcelona,2026-09-13,levante,barcelona,ht_goles,Total,0.5,0.7369,OVER
2026-09-03T01:01:28,2026-2027,5,levante vs barcelona,2026-09-13,levante,barcelona,ht_goles,Total,1.5,0.3856,UNDER
2026-09-03T01:01:28,2026-2027,5,levante vs barcelona,2026-09-13,levante,barcelona,ht_goles,Total,2.5,0.1511,UNDER
2026-09-03T01:01:28,2026-2027,5,levante vs barcelona,2026-09-13,levante,barcelona,ht_ft,Total,,0.2956,2/2
2026-09-03T01:01:28,2026-2027,5,levante vs barcelona,2026-09-13,levante,barcelona,corners,Total,7.5,0.8045,OVER
2026-09-03T01:01:28,2026-2027,5,levante vs barcelona,2026-09-13,levante,barcelona,corners,Total,8.5,0.7085,OVER
2026-09-03T01:01:28,2026-2027,5,levante vs barcelona,2026-09-13,levante,barcelona,corners,Total,9.5,0.5902,OVER
2026-09-03T01:01:28,2026-2027,5,levante vs barcelona,2026-09-13,levante,barcelona,corners,Total,10.5,0.47,UNDER
2026-09-03T01:01:28,2026-2027,5,levante vs barcelona,2026-09-13,levante,barcelona,corners,Total,11.5,0.3576,UNDER
2026-09-03T01:01:28,2026-2027,5,levante vs barcelona,2026-09-13,levante,barcelona,corners,Local,3.5,0.582,OVER
2026-09-03T01:01:28,2026-2027,5,levante vs barcelona,2026-09-13,levante,barcelona,corners,Local,4.5,0.4167,UNDER
2026-09-03T01:01:28,2026-2027,5,levante vs barcelona,2026-09-13,levante,barcelona,corners,Local,5.5,0.2822,UNDER
2026-09-03T01:01:28,2026-2027,5,levante vs barcelona,2026-09-13,levante,barcelona,corners,Visitante,3.5,0.8264,OVER
2026-09-03T01:01:28,2026-2027,5,levante vs barcelona,2026-09-13,levante,barcelona,corners,Visitante,4.5,0.7029,OVER
2026-09-03T01:01:28,2026-2027,5,levante vs barcelona,2026-09-13,levante,barcelona,corners,Visitante,5.5,0.5682,OVER
2026-09-03T01:01:28,2026-2027,5,levante vs barcelona,2026-09-13,levante,barcelona,yellows,Total,2.5,0.722,OVER
2026-09-03T01:01:28,2026-2027,5,levante vs barcelona,2026-09-13,levante,barcelona,yellows,Total,3.5,0.5266,OVER
2026-09-03T01:01:28,2026-2027,5,levante vs barcelona,2026-09-13,levante,barcelona,yellows,Total,4.5,0.3432,UNDER
2026-09-03T01:01:28,2026-2027,5,levante vs barcelona,2026-09-13,levante,barcelona,yellows,Total,5.5,0.2014,UNDER
2026-09-03T01:01:28,2026-2027,5,levante vs barcelona,2026-09-13,levante,barcelona,yellows,Total,6.5,0.1074,UNDER
2026-09-03T01:01:28,2026-2027,5,levante vs barcelona,2026-09-13,levante,barcelona,yellows,Local,1.5,0.6125,OVER
2026-09-03T01:01:28,2026-2027,5,levante vs barcelona,2026-09-13,levante,barcelona,yellows,Local,2.5,0.3179,UNDER
2026-09-03T01:01:28,2026-2027,5,levante vs barcelona,2026-09-13,levante,barcelona,yellows,Visitante,1.5,0.5808,OVER
2026-09-03T01:01:28,2026-2027,5,levante vs barcelona,2026-09-13,levante,barcelona,yellows,Visitante,2.5,0.2886,UNDER
2026-09-03T01:01:28,2026-2027,5,levante vs barcelona,2026-09-13,levante,barcelona,fouls,Total,19.5,0.7411,OVER
2026-09-03T01:01:28,2026-2027,5,levante vs barcelona,2026-09-13,levante,barcelona,fouls,Total,21.5,0.5792,OVER
2026-09-03T01:01:28,2026-2027,5,levante vs barcelona,2026-09-13,levante,barcelona,fouls,Total,23.5,0.4053,UNDER
2026-09-03T01:01:28,2026-2027,5,levante vs barcelona,2026-09-13,levante,barcelona,fouls,Total,25.5,0.2546,UNDER
2026-09-03T01:01:28,2026-2027,5,levante vs barcelona,2026-09-13,levante,barcelona,shots,Total,20.5,0.8462,OVER
2026-09-03T01:01:28,2026-2027,5,levante vs barcelona,2026-09-13,levante,barcelona,shots,Total,22.5,0.7452,OVER
2026-09-03T01:01:28,2026-2027,5,levante vs barcelona,2026-09-13,levante,barcelona,shots,Total,24.5,0.6113,OVER
2026-09-03T01:01:28,2026-2027,5,levante vs barcelona,2026-09-13,levante,barcelona,shots,Total,26.5,0.4617,UNDER
2026-09-03T01:01:28,2026-2027,5,levante vs barcelona,2026-09-13,levante,barcelona,shots,Local,9.5,0.6398,OVER
2026-09-03T01:01:28,2026-2027,5,levante vs barcelona,2026-09-13,levante,barcelona,shots,Local,11.5,0.4463,UNDER
2026-09-03T01:01:28,2026-2027,5,levante vs barcelona,2026-09-13,levante,barcelona,shots,Local,13.5,0.2807,UNDER
2026-09-03T01:01:28,2026-2027,5,levante vs barcelona,2026-09-13,levante,barcelona,shots,Visitante,9.5,0.889,OVER
2026-09-03T01:01:28,2026-2027,5,levante vs barcelona,2026-09-13,levante,barcelona,shots,Visitante,11.5,0.7686,OVER
2026-09-03T01:01:28,2026-2027,5,levante vs barcelona,2026-09-13,levante,barcelona,shots,Visitante,13.5,0.6149,OVER
2026-09-03T01:01:28,2026-2027,5,levante vs barcelona,2026-09-13,levante,barcelona,sot,Total,6.5,0.8012,OVER
2026-09-03T01:01:28,2026-2027,5,levante vs barcelona,2026-09-13,levante,barcelona,sot,Total,7.5,0.6879,OVER
2026-09-03T01:01:28,2026-2027,5,levante vs barcelona,2026-09-13,levante,barcelona,sot,Total,8.5,0.5582,OVER
2026-09-03T01:01:28,2026-2027,5,levante vs barcelona,2026-09-13,levante,barcelona,sot,Total,9.5,0.4286,UNDER
2026-09-03T01:01:28,2026-2027,5,levante vs barcelona,2026-09-13,levante,barcelona,booking_pts,Total,30.5,0.6232,OVER
2026-09-03T01:01:28,2026-2027,5,levante vs barcelona,2026-09-13,levante,barcelona,booking_pts,Total,40.5,0.4619,UNDER
2026-09-03T01:01:28,2026-2027,5,levante vs barcelona,2026-09-13,levante,barcelona,booking_pts,Total,50.5,0.3194,UNDER
2026-09-03T01:01:28,2026-2027,5,villarreal vs betis,2026-09-13,villarreal,betis,1X2,Total,,0.5188,1
2026-09-03T01:01:28,2026-2027,5,villarreal vs betis,2026-09-13,villarreal,betis,Goles,Total,2.5,0.5006,OVER
2026-09-03T01:01:28,2026-2027,5,villarreal vs betis,2026-09-13,villarreal,betis,ht_1x2,Total,,0.4186,X
2026-09-03T01:01:28,2026-2027,5,villarreal vs betis,2026-09-13,villarreal,betis,ht_goles,Total,0.5,0.6929,OVER
2026-09-03T01:01:28,2026-2027,5,villarreal vs betis,2026-09-13,villarreal,betis,ht_goles,Total,1.5,0.3304,UNDER
2026-09-03T01:01:28,2026-2027,5,villarreal vs betis,2026-09-13,villarreal,betis,ht_goles,Total,2.5,0.1164,UNDER
2026-09-03T01:01:28,2026-2027,5,villarreal vs betis,2026-09-13,villarreal,betis,ht_ft,Total,,0.3005,1/1
2026-09-03T01:01:28,2026-2027,5,villarreal vs betis,2026-09-13,villarreal,betis,corners,Total,7.5,0.7363,OVER
2026-09-03T01:01:28,2026-2027,5,villarreal vs betis,2026-09-13,villarreal,betis,corners,Total,8.5,0.6255,OVER
2026-09-03T01:01:28,2026-2027,5,villarreal vs betis,2026-09-13,villarreal,betis,corners,Total,9.5,0.5056,OVER
2026-09-03T01:01:28,2026-2027,5,villarreal vs betis,2026-09-13,villarreal,betis,corners,Total,10.5,0.3858,UNDER
2026-09-03T01:01:28,2026-2027,5,villarreal vs betis,2026-09-13,villarreal,betis,corners,Total,11.5,0.2796,UNDER
2026-09-03T01:01:28,2026-2027,5,villarreal vs betis,2026-09-13,villarreal,betis,corners,Local,3.5,0.7446,OVER
2026-09-03T01:01:28,2026-2027,5,villarreal vs betis,2026-09-13,villarreal,betis,corners,Local,4.5,0.597,OVER
2026-09-03T01:01:28,2026-2027,5,villarreal vs betis,2026-09-13,villarreal,betis,corners,Local,5.5,0.4529,UNDER
2026-09-03T01:01:28,2026-2027,5,villarreal vs betis,2026-09-13,villarreal,betis,corners,Visitante,3.5,0.5748,OVER
2026-09-03T01:01:28,2026-2027,5,villarreal vs betis,2026-09-13,villarreal,betis,corners,Visitante,4.5,0.4094,UNDER
2026-09-03T01:01:28,2026-2027,5,villarreal vs betis,2026-09-13,villarreal,betis,corners,Visitante,5.5,0.2759,UNDER
2026-09-03T01:01:28,2026-2027,5,villarreal vs betis,2026-09-13,villarreal,betis,yellows,Total,2.5,0.7672,OVER
2026-09-03T01:01:28,2026-2027,5,villarreal vs betis,2026-09-13,villarreal,betis,yellows,Total,3.5,0.5845,OVER
2026-09-03T01:01:28,2026-2027,5,villarreal vs betis,2026-09-13,villarreal,betis,yellows,Total,4.5,0.4003,UNDER
2026-09-03T01:01:28,2026-2027,5,villarreal vs betis,2026-09-13,villarreal,betis,yellows,Total,5.5,0.2477,UNDER
2026-09-03T01:01:28,2026-2027,5,villarreal vs betis,2026-09-13,villarreal,betis,yellows,Total,6.5,0.1396,UNDER
2026-09-03T01:01:28,2026-2027,5,villarreal vs betis,2026-09-13,villarreal,betis,yellows,Local,1.5,0.6128,OVER
2026-09-03T01:01:28,2026-2027,5,villarreal vs betis,2026-09-13,villarreal,betis,yellows,Local,2.5,0.3182,UNDER
2026-09-03T01:01:28,2026-2027,5,villarreal vs betis,2026-09-13,villarreal,betis,yellows,Visitante,1.5,0.6726,OVER
2026-09-03T01:01:28,2026-2027,5,villarreal vs betis,2026-09-13,villarreal,betis,yellows,Visitante,2.5,0.3791,UNDER
2026-09-03T01:01:28,2026-2027,5,villarreal vs betis,2026-09-13,villarreal,betis,fouls,Total,19.5,0.7755,OVER
2026-09-03T01:01:28,2026-2027,5,villarreal vs betis,2026-09-13,villarreal,betis,fouls,Total,21.5,0.6227,OVER
2026-09-03T01:01:28,2026-2027,5,villarreal vs betis,2026-09-13,villarreal,betis,fouls,Total,23.5,0.4489,UNDER
2026-09-03T01:01:28,2026-2027,5,villarreal vs betis,2026-09-13,villarreal,betis,fouls,Total,25.5,0.2913,UNDER
2026-09-03T01:01:28,2026-2027,5,villarreal vs betis,2026-09-13,villarreal,betis,shots,Total,20.5,0.8472,OVER
2026-09-03T01:01:28,2026-2027,5,villarreal vs betis,2026-09-13,villarreal,betis,shots,Total,22.5,0.7465,OVER
2026-09-03T01:01:28,2026-2027,5,villarreal vs betis,2026-09-13,villarreal,betis,shots,Total,24.5,0.6129,OVER
2026-09-03T01:01:28,2026-2027,5,villarreal vs betis,2026-09-13,villarreal,betis,shots,Total,26.5,0.4633,UNDER
2026-09-03T01:01:28,2026-2027,5,villarreal vs betis,2026-09-13,villarreal,betis,shots,Local,9.5,0.848,OVER
2026-09-03T01:01:28,2026-2027,5,villarreal vs betis,2026-09-13,villarreal,betis,shots,Local,11.5,0.7046,OVER
2026-09-03T01:01:28,2026-2027,5,villarreal vs betis,2026-09-13,villarreal,betis,shots,Local,13.5,0.537,OVER
2026-09-03T01:01:28,2026-2027,5,villarreal vs betis,2026-09-13,villarreal,betis,shots,Visitante,9.5,0.7221,OVER
2026-09-03T01:01:28,2026-2027,5,villarreal vs betis,2026-09-13,villarreal,betis,shots,Visitante,11.5,0.5381,OVER
2026-09-03T01:01:28,2026-2027,5,villarreal vs betis,2026-09-13,villarreal,betis,shots,Visitante,13.5,0.3626,UNDER
2026-09-03T01:01:28,2026-2027,5,villarreal vs betis,2026-09-13,villarreal,betis,sot,Total,6.5,0.8092,OVER
2026-09-03T01:01:28,2026-2027,5,villarreal vs betis,2026-09-13,villarreal,betis,sot,Total,7.5,0.6981,OVER
2026-09-03T01:01:28,2026-2027,5,villarreal vs betis,2026-09-13,villarreal,betis,sot,Total,8.5,0.5693,OVER
2026-09-03T01:01:28,2026-2027,5,villarreal vs betis,2026-09-13,villarreal,betis,sot,Total,9.5,0.4397,UNDER
2026-09-03T01:01:28,2026-2027,5,villarreal vs betis,2026-09-13,villarreal,betis,booking_pts,Total,30.5,0.6699,OVER
2026-09-03T01:01:28,2026-2027,5,villarreal vs betis,2026-09-13,villarreal,betis,booking_pts,Total,40.5,0.5114,OVER
2026-09-03T01:01:28,2026-2027,5,villarreal vs betis,2026-09-13,villarreal,betis,booking_pts,Total,50.5,0.3646,UNDER
2026-09-03T01:01:28,2026-2027,5,sevilla vs valencia,2026-09-13,sevilla,valencia,1X2,Total,,0.3781,1
2026-09-03T01:01:28,2026-2027,5,sevilla vs valencia,2026-09-13,sevilla,valencia,Goles,Total,2.5,0.4014,UNDER
2026-09-03T01:01:28,2026-2027,5,sevilla vs valencia,2026-09-13,sevilla,valencia,ht_1x2,Total,,0.463,X
2026-09-03T01:01:28,2026-2027,5,sevilla vs valencia,2026-09-13,sevilla,valencia,ht_goles,Total,0.5,0.6355,OVER
2026-09-03T01:01:28,2026-2027,5,sevilla vs valencia,2026-09-13,sevilla,valencia,ht_goles,Total,1.5,0.2676,UNDER
2026-09-03T01:01:28,2026-2027,5,sevilla vs valencia,2026-09-13,sevilla,valencia,ht_goles,Total,2.5,0.082,UNDER
2026-09-03T01:01:28,2026-2027,5,sevilla vs valencia,2026-09-13,sevilla,valencia,ht_ft,Total,,0.2237,1/1
2026-09-03T01:01:28,2026-2027,5,sevilla vs valencia,2026-09-13,sevilla,valencia,corners,Total,7.5,0.6767,OVER
2026-09-03T01:01:28,2026-2027,5,sevilla vs valencia,2026-09-13,sevilla,valencia,corners,Total,8.5,0.5571,OVER
2026-09-03T01:01:28,2026-2027,5,sevilla vs valencia,2026-09-13,sevilla,valencia,corners,Total,9.5,0.44,UNDER
2026-09-03T01:01:28,2026-2027,5,sevilla vs valencia,2026-09-13,sevilla,valencia,corners,Total,10.5,0.324,UNDER
2026-09-03T01:01:28,2026-2027,5,sevilla vs valencia,2026-09-13,sevilla,valencia,corners,Total,11.5,0.2255,UNDER
2026-09-03T01:01:28,2026-2027,5,sevilla vs valencia,2026-09-13,sevilla,valencia,corners,Local,3.5,0.6784,OVER
2026-09-03T01:01:28,2026-2027,5,sevilla vs valencia,2026-09-13,sevilla,valencia,corners,Local,4.5,0.5192,OVER
2026-09-03T01:01:28,2026-2027,5,sevilla vs valencia,2026-09-13,sevilla,valencia,corners,Local,5.5,0.3756,UNDER
2026-09-03T01:01:28,2026-2027,5,sevilla vs valencia,2026-09-13,sevilla,valencia,corners,Visitante,3.5,0.5563,OVER
2026-09-03T01:01:28,2026-2027,5,sevilla vs valencia,2026-09-13,sevilla,valencia,corners,Visitante,4.5,0.3911,UNDER
2026-09-03T01:01:28,2026-2027,5,sevilla vs valencia,2026-09-13,sevilla,valencia,corners,Visitante,5.5,0.2603,UNDER
2026-09-03T01:01:28,2026-2027,5,sevilla vs valencia,2026-09-13,sevilla,valencia,yellows,Total,2.5,0.8289,OVER
2026-09-03T01:01:28,2026-2027,5,sevilla vs valencia,2026-09-13,sevilla,valencia,yellows,Total,3.5,0.6708,OVER
2026-09-03T01:01:28,2026-2027,5,sevilla vs valencia,2026-09-13,sevilla,valencia,yellows,Total,4.5,0.4934,UNDER
2026-09-03T01:01:28,2026-2027,5,sevilla vs valencia,2026-09-13,sevilla,valencia,yellows,Total,5.5,0.3301,UNDER
2026-09-03T01:01:28,2026-2027,5,sevilla vs valencia,2026-09-13,sevilla,valencia,yellows,Total,6.5,0.2019,UNDER
2026-09-03T01:01:28,2026-2027,5,sevilla vs valencia,2026-09-13,sevilla,valencia,yellows,Local,1.5,0.7573,OVER
2026-09-03T01:01:28,2026-2027,5,sevilla vs valencia,2026-09-13,sevilla,valencia,yellows,Local,2.5,0.4804,UNDER
2026-09-03T01:01:28,2026-2027,5,sevilla vs valencia,2026-09-13,sevilla,valencia,yellows,Visitante,1.5,0.6595,OVER
2026-09-03T01:01:28,2026-2027,5,sevilla vs valencia,2026-09-13,sevilla,valencia,yellows,Visitante,2.5,0.3651,UNDER
2026-09-03T01:01:28,2026-2027,5,sevilla vs valencia,2026-09-13,sevilla,valencia,fouls,Total,19.5,0.9414,OVER
2026-09-03T01:01:28,2026-2027,5,sevilla vs valencia,2026-09-13,sevilla,valencia,fouls,Total,21.5,0.8741,OVER
2026-09-03T01:01:28,2026-2027,5,sevilla vs valencia,2026-09-13,sevilla,valencia,fouls,Total,23.5,0.7602,OVER
2026-09-03T01:01:28,2026-2027,5,sevilla vs valencia,2026-09-13,sevilla,valencia,fouls,Total,25.5,0.6167,OVER
2026-09-03T01:01:28,2026-2027,5,sevilla vs valencia,2026-09-13,sevilla,valencia,shots,Total,20.5,0.6734,OVER
2026-09-03T01:01:28,2026-2027,5,sevilla vs valencia,2026-09-13,sevilla,valencia,shots,Total,22.5,0.5274,OVER
2026-09-03T01:01:28,2026-2027,5,sevilla vs valencia,2026-09-13,sevilla,valencia,shots,Total,24.5,0.3845,UNDER
2026-09-03T01:01:28,2026-2027,5,sevilla vs valencia,2026-09-13,sevilla,valencia,shots,Total,26.5,0.2565,UNDER
2026-09-03T01:01:28,2026-2027,5,sevilla vs valencia,2026-09-13,sevilla,valencia,shots,Local,9.5,0.744,OVER
2026-09-03T01:01:28,2026-2027,5,sevilla vs valencia,2026-09-13,sevilla,valencia,shots,Local,11.5,0.5644,OVER
2026-09-03T01:01:28,2026-2027,5,sevilla vs valencia,2026-09-13,sevilla,valencia,shots,Local,13.5,0.3878,UNDER
2026-09-03T01:01:28,2026-2027,5,sevilla vs valencia,2026-09-13,sevilla,valencia,shots,Visitante,9.5,0.5575,OVER
2026-09-03T01:01:28,2026-2027,5,sevilla vs valencia,2026-09-13,sevilla,valencia,shots,Visitante,11.5,0.3647,UNDER
2026-09-03T01:01:28,2026-2027,5,sevilla vs valencia,2026-09-13,sevilla,valencia,shots,Visitante,13.5,0.2151,UNDER
2026-09-03T01:01:28,2026-2027,5,sevilla vs valencia,2026-09-13,sevilla,valencia,sot,Total,6.5,0.6143,OVER
2026-09-03T01:01:28,2026-2027,5,sevilla vs valencia,2026-09-13,sevilla,valencia,sot,Total,7.5,0.4757,UNDER
2026-09-03T01:01:28,2026-2027,5,sevilla vs valencia,2026-09-13,sevilla,valencia,sot,Total,8.5,0.3469,UNDER
2026-09-03T01:01:28,2026-2027,5,sevilla vs valencia,2026-09-13,sevilla,valencia,sot,Total,9.5,0.2366,UNDER
2026-09-03T01:01:28,2026-2027,5,sevilla vs valencia,2026-09-13,sevilla,valencia,booking_pts,Total,30.5,0.7386,OVER
2026-09-03T01:01:28,2026-2027,5,sevilla vs valencia,2026-09-13,sevilla,valencia,booking_pts,Total,40.5,0.5895,OVER
2026-09-03T01:01:28,2026-2027,5,sevilla vs valencia,2026-09-13,sevilla,valencia,booking_pts,Total,50.5,0.4404,UNDER
2026-09-03T01:01:28,2026-2027,5,sociedad vs ath madrid,2026-09-13,sociedad,ath madrid,1X2,Total,,0.3636,2
2026-09-03T01:01:28,2026-2027,5,sociedad vs ath madrid,2026-09-13,sociedad,ath madrid,Goles,Total,2.5,0.5315,OVER
2026-09-03T01:01:28,2026-2027,5,sociedad vs ath madrid,2026-09-13,sociedad,ath madrid,ht_1x2,Total,,0.4128,X
2026-09-03T01:01:28,2026-2027,5,sociedad vs ath madrid,2026-09-13,sociedad,ath madrid,ht_goles,Total,0.5,0.7091,OVER
2026-09-03T01:01:28,2026-2027,5,sociedad vs ath madrid,2026-09-13,sociedad,ath madrid,ht_goles,Total,1.5,0.35,UNDER
2026-09-03T01:01:28,2026-2027,5,sociedad vs ath madrid,2026-09-13,sociedad,ath madrid,ht_goles,Total,2.5,0.1282,UNDER
2026-09-03T01:01:28,2026-2027,5,sociedad vs ath madrid,2026-09-13,sociedad,ath madrid,ht_ft,Total,,0.2163,1/1
2026-09-03T01:01:28,2026-2027,5,sociedad vs ath madrid,2026-09-13,sociedad,ath madrid,corners,Total,7.5,0.7394,OVER
2026-09-03T01:01:28,2026-2027,5,sociedad vs ath madrid,2026-09-13,sociedad,ath madrid,corners,Total,8.5,0.6292,OVER
2026-09-03T01:01:28,2026-2027,5,sociedad vs ath madrid,2026-09-13,sociedad,ath madrid,corners,Total,9.5,0.5092,OVER
2026-09-03T01:01:28,2026-2027,5,sociedad vs ath madrid,2026-09-13,sociedad,ath madrid,corners,Total,10.5,0.3893,UNDER
2026-09-03T01:01:28,2026-2027,5,sociedad vs ath madrid,2026-09-13,sociedad,ath madrid,corners,Total,11.5,0.2827,UNDER
2026-09-03T01:01:28,2026-2027,5,sociedad vs ath madrid,2026-09-13,sociedad,ath madrid,corners,Local,3.5,0.7006,OVER
2026-09-03T01:01:28,2026-2027,5,sociedad vs ath madrid,2026-09-13,sociedad,ath madrid,corners,Local,4.5,0.5447,OVER
2026-09-03T01:01:28,2026-2027,5,sociedad vs ath madrid,2026-09-13,sociedad,ath madrid,corners,Local,5.5,0.4002,UNDER
2026-09-03T01:01:28,2026-2027,5,sociedad vs ath madrid,2026-09-13,sociedad,ath madrid,corners,Visitante,3.5,0.6366,OVER
2026-09-03T01:01:28,2026-2027,5,sociedad vs ath madrid,2026-09-13,sociedad,ath madrid,corners,Visitante,4.5,0.4733,UNDER
2026-09-03T01:01:28,2026-2027,5,sociedad vs ath madrid,2026-09-13,sociedad,ath madrid,corners,Visitante,5.5,0.3327,UNDER
2026-09-03T01:01:28,2026-2027,5,sociedad vs ath madrid,2026-09-13,sociedad,ath madrid,yellows,Total,2.5,0.8332,OVER
2026-09-03T01:01:28,2026-2027,5,sociedad vs ath madrid,2026-09-13,sociedad,ath madrid,yellows,Total,3.5,0.6772,OVER
2026-09-03T01:01:28,2026-2027,5,sociedad vs ath madrid,2026-09-13,sociedad,ath madrid,yellows,Total,4.5,0.5007,OVER
2026-09-03T01:01:28,2026-2027,5,sociedad vs ath madrid,2026-09-13,sociedad,ath madrid,yellows,Total,5.5,0.3369,UNDER
2026-09-03T01:01:28,2026-2027,5,sociedad vs ath madrid,2026-09-13,sociedad,ath madrid,yellows,Total,6.5,0.2073,UNDER
2026-09-03T01:01:28,2026-2027,5,sociedad vs ath madrid,2026-09-13,sociedad,ath madrid,yellows,Local,1.5,0.6714,OVER
2026-09-03T01:01:28,2026-2027,5,sociedad vs ath madrid,2026-09-13,sociedad,ath madrid,yellows,Local,2.5,0.3779,UNDER
2026-09-03T01:01:28,2026-2027,5,sociedad vs ath madrid,2026-09-13,sociedad,ath madrid,yellows,Visitante,1.5,0.7569,OVER
2026-09-03T01:01:28,2026-2027,5,sociedad vs ath madrid,2026-09-13,sociedad,ath madrid,yellows,Visitante,2.5,0.4798,UNDER
2026-09-03T01:01:28,2026-2027,5,sociedad vs ath madrid,2026-09-13,sociedad,ath madrid,fouls,Total,19.5,0.8907,OVER
2026-09-03T01:01:28,2026-2027,5,sociedad vs ath madrid,2026-09-13,sociedad,ath madrid,fouls,Total,21.5,0.7879,OVER
2026-09-03T01:01:28,2026-2027,5,sociedad vs ath madrid,2026-09-13,sociedad,ath madrid,fouls,Total,23.5,0.6393,OVER
2026-09-03T01:01:28,2026-2027,5,sociedad vs ath madrid,2026-09-13,sociedad,ath madrid,fouls,Total,25.5,0.4756,UNDER
2026-09-03T01:01:28,2026-2027,5,sociedad vs ath madrid,2026-09-13,sociedad,ath madrid,shots,Total,20.5,0.8614,OVER
2026-09-03T01:01:28,2026-2027,5,sociedad vs ath madrid,2026-09-13,sociedad,ath madrid,shots,Total,22.5,0.7666,OVER
2026-09-03T01:01:28,2026-2027,5,sociedad vs ath madrid,2026-09-13,sociedad,ath madrid,shots,Total,24.5,0.6367,OVER
2026-09-03T01:01:28,2026-2027,5,sociedad vs ath madrid,2026-09-13,sociedad,ath madrid,shots,Total,26.5,0.4875,UNDER
2026-09-03T01:01:28,2026-2027,5,sociedad vs ath madrid,2026-09-13,sociedad,ath madrid,shots,Local,9.5,0.7841,OVER
2026-09-03T01:01:28,2026-2027,5,sociedad vs ath madrid,2026-09-13,sociedad,ath madrid,shots,Local,11.5,0.6154,OVER
2026-09-03T01:01:28,2026-2027,5,sociedad vs ath madrid,2026-09-13,sociedad,ath madrid,shots,Local,13.5,0.439,UNDER
2026-09-03T01:01:28,2026-2027,5,sociedad vs ath madrid,2026-09-13,sociedad,ath madrid,shots,Visitante,9.5,0.8233,OVER
2026-09-03T01:01:28,2026-2027,5,sociedad vs ath madrid,2026-09-13,sociedad,ath madrid,shots,Visitante,11.5,0.6689,OVER
2026-09-03T01:01:28,2026-2027,5,sociedad vs ath madrid,2026-09-13,sociedad,ath madrid,shots,Visitante,13.5,0.4963,UNDER
2026-09-03T01:01:28,2026-2027,5,sociedad vs ath madrid,2026-09-13,sociedad,ath madrid,sot,Total,6.5,0.7974,OVER
2026-09-03T01:01:28,2026-2027,5,sociedad vs ath madrid,2026-09-13,sociedad,ath madrid,sot,Total,7.5,0.6831,OVER
2026-09-03T01:01:28,2026-2027,5,sociedad vs ath madrid,2026-09-13,sociedad,ath madrid,sot,Total,8.5,0.5529,OVER
2026-09-03T01:01:28,2026-2027,5,sociedad vs ath madrid,2026-09-13,sociedad,ath madrid,sot,Total,9.5,0.4233,UNDER
2026-09-03T01:01:28,2026-2027,5,sociedad vs ath madrid,2026-09-13,sociedad,ath madrid,booking_pts,Total,30.5,0.7447,OVER
2026-09-03T01:01:28,2026-2027,5,sociedad vs ath madrid,2026-09-13,sociedad,ath madrid,booking_pts,Total,40.5,0.5968,OVER
2026-09-03T01:01:28,2026-2027,5,sociedad vs ath madrid,2026-09-13,sociedad,ath madrid,booking_pts,Total,50.5,0.4478,UNDER
2026-09-03T01:01:28,2026-2027,5,real madrid vs vallecano,2026-09-13,real madrid,vallecano,1X2,Total,,0.6713,1
2026-09-03T01:01:28,2026-2027,5,real madrid vs vallecano,2026-09-13,real madrid,vallecano,Goles,Total,2.5,0.5821,OVER
2026-09-03T01:01:28,2026-2027,5,real madrid vs vallecano,2026-09-13,real madrid,vallecano,ht_1x2,Total,,0.4533,1
2026-09-03T01:01:28,2026-2027,5,real madrid vs vallecano,2026-09-13,real madrid,vallecano,ht_goles,Total,0.5,0.7369,OVER
2026-09-03T01:01:28,2026-2027,5,real madrid vs vallecano,2026-09-13,real madrid,vallecano,ht_goles,Total,1.5,0.3857,UNDER
2026-09-03T01:01:28,2026-2027,5,real madrid vs vallecano,2026-09-13,real madrid,vallecano,ht_goles,Total,2.5,0.1511,UNDER
2026-09-03T01:01:28,2026-2027,5,real madrid vs vallecano,2026-09-13,real madrid,vallecano,ht_ft,Total,,0.3954,1/1
2026-09-03T01:01:28,2026-2027,5,real madrid vs vallecano,2026-09-13,real madrid,vallecano,corners,Total,7.5,0.8234,OVER
2026-09-03T01:01:28,2026-2027,5,real madrid vs vallecano,2026-09-13,real madrid,vallecano,corners,Total,8.5,0.7325,OVER
2026-09-03T01:01:28,2026-2027,5,real madrid vs vallecano,2026-09-13,real madrid,vallecano,corners,Total,9.5,0.616,OVER
2026-09-03T01:01:28,2026-2027,5,real madrid vs vallecano,2026-09-13,real madrid,vallecano,corners,Total,10.5,0.4968,UNDER
2026-09-03T01:01:28,2026-2027,5,real madrid vs vallecano,2026-09-13,real madrid,vallecano,corners,Total,11.5,0.3834,UNDER
2026-09-03T01:01:28,2026-2027,5,real madrid vs vallecano,2026-09-13,real madrid,vallecano,corners,Local,3.5,0.8902,OVER
2026-09-03T01:01:28,2026-2027,5,real madrid vs vallecano,2026-09-13,real madrid,vallecano,corners,Local,4.5,0.7958,OVER
2026-09-03T01:01:28,2026-2027,5,real madrid vs vallecano,2026-09-13,real madrid,vallecano,corners,Local,5.5,0.6806,OVER
2026-09-03T01:01:28,2026-2027,5,real madrid vs vallecano,2026-09-13,real madrid,vallecano,corners,Visitante,3.5,0.472,UNDER
2026-09-03T01:01:28,2026-2027,5,real madrid vs vallecano,2026-09-13,real madrid,vallecano,corners,Visitante,4.5,0.3124,UNDER
2026-09-03T01:01:28,2026-2027,5,real madrid vs vallecano,2026-09-13,real madrid,vallecano,corners,Visitante,5.5,0.1963,UNDER
2026-09-03T01:01:28,2026-2027,5,real madrid vs vallecano,2026-09-13,real madrid,vallecano,yellows,Total,2.5,0.7725,OVER
2026-09-03T01:01:28,2026-2027,5,real madrid vs vallecano,2026-09-13,real madrid,vallecano,yellows,Total,3.5,0.5916,OVER
2026-09-03T01:01:28,2026-2027,5,real madrid vs vallecano,2026-09-13,real madrid,vallecano,yellows,Total,4.5,0.4076,UNDER
2026-09-03T01:01:28,2026-2027,5,real madrid vs vallecano,2026-09-13,real madrid,vallecano,yellows,Total,5.5,0.2538,UNDER
2026-09-03T01:01:28,2026-2027,5,real madrid vs vallecano,2026-09-13,real madrid,vallecano,yellows,Total,6.5,0.144,UNDER
2026-09-03T01:01:28,2026-2027,5,real madrid vs vallecano,2026-09-13,real madrid,vallecano,yellows,Local,1.5,0.5148,OVER
2026-09-03T01:01:28,2026-2027,5,real madrid vs vallecano,2026-09-13,real madrid,vallecano,yellows,Local,2.5,0.2332,UNDER
2026-09-03T01:01:28,2026-2027,5,real madrid vs vallecano,2026-09-13,real madrid,vallecano,yellows,Visitante,1.5,0.7529,OVER
2026-09-03T01:01:28,2026-2027,5,real madrid vs vallecano,2026-09-13,real madrid,vallecano,yellows,Visitante,2.5,0.4746,UNDER
2026-09-03T01:01:28,2026-2027,5,real madrid vs vallecano,2026-09-13,real madrid,vallecano,fouls,Total,19.5,0.806,OVER
2026-09-03T01:01:28,2026-2027,5,real madrid vs vallecano,2026-09-13,real madrid,vallecano,fouls,Total,21.5,0.6632,OVER
2026-09-03T01:01:28,2026-2027,5,real madrid vs vallecano,2026-09-13,real madrid,vallecano,fouls,Total,23.5,0.4916,UNDER
2026-09-03T01:01:28,2026-2027,5,real madrid vs vallecano,2026-09-13,real madrid,vallecano,fouls,Total,25.5,0.3293,UNDER
2026-09-03T01:01:28,2026-2027,5,real madrid vs vallecano,2026-09-13,real madrid,vallecano,shots,Total,20.5,0.9134,OVER
2026-09-03T01:01:28,2026-2027,5,real madrid vs vallecano,2026-09-13,real madrid,vallecano,shots,Total,22.5,0.8441,OVER
2026-09-03T01:01:28,2026-2027,5,real madrid vs vallecano,2026-09-13,real madrid,vallecano,shots,Total,24.5,0.7349,OVER
2026-09-03T01:01:28,2026-2027,5,real madrid vs vallecano,2026-09-13,real madrid,vallecano,shots,Total,26.5,0.5943,OVER
2026-09-03T01:01:28,2026-2027,5,real madrid vs vallecano,2026-09-13,real madrid,vallecano,shots,Local,9.5,0.9727,OVER
2026-09-03T01:01:28,2026-2027,5,real madrid vs vallecano,2026-09-13,real madrid,vallecano,shots,Local,11.5,0.9258,OVER
2026-09-03T01:01:28,2026-2027,5,real madrid vs vallecano,2026-09-13,real madrid,vallecano,shots,Local,13.5,0.8458,OVER
2026-09-03T01:01:28,2026-2027,5,real madrid vs vallecano,2026-09-13,real madrid,vallecano,shots,Visitante,9.5,0.4852,UNDER
2026-09-03T01:01:28,2026-2027,5,real madrid vs vallecano,2026-09-13,real madrid,vallecano,shots,Visitante,11.5,0.3,UNDER
2026-09-03T01:01:28,2026-2027,5,real madrid vs vallecano,2026-09-13,real madrid,vallecano,shots,Visitante,13.5,0.1675,UNDER
2026-09-03T01:01:28,2026-2027,5,real madrid vs vallecano,2026-09-13,real madrid,vallecano,sot,Total,6.5,0.8597,OVER
2026-09-03T01:01:28,2026-2027,5,real madrid vs vallecano,2026-09-13,real madrid,vallecano,sot,Total,7.5,0.7647,OVER
2026-09-03T01:01:28,2026-2027,5,real madrid vs vallecano,2026-09-13,real madrid,vallecano,sot,Total,8.5,0.6458,OVER
2026-09-03T01:01:28,2026-2027,5,real madrid vs vallecano,2026-09-13,real madrid,vallecano,sot,Total,9.5,0.5187,OVER
2026-09-03T01:01:28,2026-2027,5,real madrid vs vallecano,2026-09-13,real madrid,vallecano,booking_pts,Total,30.5,0.6757,OVER
2026-09-03T01:01:28,2026-2027,5,real madrid vs vallecano,2026-09-13,real madrid,vallecano,booking_pts,Total,40.5,0.5177,OVER
2026-09-03T01:01:28,2026-2027,5,real madrid vs vallecano,2026-09-13,real madrid,vallecano,booking_pts,Total,50.5,0.3705,UNDER
2026-09-03T01:01:28,2026-2027,5,santander vs alaves,2026-09-13,santander,alaves,1X2,Total,,0.4114,1
2026-09-03T01:01:28,2026-2027,5,santander vs alaves,2026-09-13,santander,alaves,Goles,Total,2.5,0.3864,UNDER
2026-09-03T01:01:28,2026-2027,5,santander vs alaves,2026-09-13,santander,alaves,ht_1x2,Total,,0.4684,X
2026-09-03T01:01:28,2026-2027,5,santander vs alaves,2026-09-13,santander,alaves,ht_goles,Total,0.5,0.6265,OVER
2026-09-03T01:01:28,2026-2027,5,santander vs alaves,2026-09-13,santander,alaves,ht_goles,Total,1.5,0.2586,UNDER
2026-09-03T01:01:28,2026-2027,5,santander vs alaves,2026-09-13,santander,alaves,ht_goles,Total,2.5,0.0775,UNDER
2026-09-03T01:01:28,2026-2027,5,santander vs alaves,2026-09-13,santander,alaves,ht_ft,Total,,0.2398,1/1
2026-09-03T01:01:28,2026-2027,5,santander vs alaves,2026-09-13,santander,alaves,corners,Total,7.5,0.9454,OVER
2026-09-03T01:01:28,2026-2027,5,santander vs alaves,2026-09-13,santander,alaves,corners,Total,8.5,0.9035,OVER
2026-09-03T01:01:28,2026-2027,5,santander vs alaves,2026-09-13,santander,alaves,corners,Total,9.5,0.8253,OVER
2026-09-03T01:01:28,2026-2027,5,santander vs alaves,2026-09-13,santander,alaves,corners,Total,10.5,0.7369,OVER
2026-09-03T01:01:28,2026-2027,5,santander vs alaves,2026-09-13,santander,alaves,corners,Total,11.5,0.6385,OVER
2026-09-03T01:01:28,2026-2027,5,santander vs alaves,2026-09-13,santander,alaves,corners,Local,3.5,0.8084,OVER
2026-09-03T01:01:28,2026-2027,5,santander vs alaves,2026-09-13,santander,alaves,corners,Local,4.5,0.6786,OVER
2026-09-03T01:01:28,2026-2027,5,santander vs alaves,2026-09-13,santander,alaves,corners,Local,5.5,0.5405,OVER
2026-09-03T01:01:28,2026-2027,5,santander vs alaves,2026-09-13,santander,alaves,corners,Visitante,3.5,0.9132,OVER
2026-09-03T01:01:28,2026-2027,5,santander vs alaves,2026-09-13,santander,alaves,corners,Visitante,4.5,0.8321,OVER
2026-09-03T01:01:28,2026-2027,5,santander vs alaves,2026-09-13,santander,alaves,corners,Visitante,5.5,0.7281,OVER
2026-09-03T01:01:28,2026-2027,5,santander vs alaves,2026-09-13,santander,alaves,yellows,Total,2.5,0.8318,OVER
2026-09-03T01:01:28,2026-2027,5,santander vs alaves,2026-09-13,santander,alaves,yellows,Total,3.5,0.6752,OVER
2026-09-03T01:01:28,2026-2027,5,santander vs alaves,2026-09-13,santander,alaves,yellows,Total,4.5,0.4983,UNDER
2026-09-03T01:01:28,2026-2027,5,santander vs alaves,2026-09-13,santander,alaves,yellows,Total,5.5,0.3347,UNDER
2026-09-03T01:01:28,2026-2027,5,santander vs alaves,2026-09-13,santander,alaves,yellows,Total,6.5,0.2055,UNDER
2026-09-03T01:01:28,2026-2027,5,santander vs alaves,2026-09-13,santander,alaves,yellows,Local,1.5,0.6946,OVER
2026-09-03T01:01:28,2026-2027,5,santander vs alaves,2026-09-13,santander,alaves,yellows,Local,2.5,0.4035,UNDER
2026-09-03T01:01:28,2026-2027,5,santander vs alaves,2026-09-13,santander,alaves,yellows,Visitante,1.5,0.7347,OVER
2026-09-03T01:01:28,2026-2027,5,santander vs alaves,2026-09-13,santander,alaves,yellows,Visitante,2.5,0.4514,UNDER
2026-09-03T01:01:28,2026-2027,5,santander vs alaves,2026-09-13,santander,alaves,fouls,Total,19.5,0.9911,OVER
2026-09-03T01:01:28,2026-2027,5,santander vs alaves,2026-09-13,santander,alaves,fouls,Total,21.5,0.9753,OVER
2026-09-03T01:01:28,2026-2027,5,santander vs alaves,2026-09-13,santander,alaves,fouls,Total,23.5,0.9379,OVER
2026-09-03T01:01:28,2026-2027,5,santander vs alaves,2026-09-13,santander,alaves,fouls,Total,25.5,0.8756,OVER
2026-09-03T01:01:28,2026-2027,5,santander vs alaves,2026-09-13,santander,alaves,shots,Total,20.5,0.7947,OVER
2026-09-03T01:01:28,2026-2027,5,santander vs alaves,2026-09-13,santander,alaves,shots,Total,22.5,0.6755,OVER
2026-09-03T01:01:28,2026-2027,5,santander vs alaves,2026-09-13,santander,alaves,shots,Total,24.5,0.5332,OVER
2026-09-03T01:01:28,2026-2027,5,santander vs alaves,2026-09-13,santander,alaves,shots,Total,26.5,0.3862,UNDER
2026-09-03T01:01:28,2026-2027,5,santander vs alaves,2026-09-13,santander,alaves,shots,Local,9.5,0.7656,OVER
2026-09-03T01:01:28,2026-2027,5,santander vs alaves,2026-09-13,santander,alaves,shots,Local,11.5,0.5914,OVER
2026-09-03T01:01:28,2026-2027,5,santander vs alaves,2026-09-13,santander,alaves,shots,Local,13.5,0.4145,UNDER
2026-09-03T01:01:28,2026-2027,5,santander vs alaves,2026-09-13,santander,alaves,shots,Visitante,9.5,0.7321,OVER
2026-09-03T01:01:28,2026-2027,5,santander vs alaves,2026-09-13,santander,alaves,shots,Visitante,11.5,0.55,OVER
2026-09-03T01:01:28,2026-2027,5,santander vs alaves,2026-09-13,santander,alaves,shots,Visitante,13.5,0.3739,UNDER
2026-09-03T01:01:28,2026-2027,5,santander vs alaves,2026-09-13,santander,alaves,sot,Total,6.5,0.7354,OVER
2026-09-03T01:01:28,2026-2027,5,santander vs alaves,2026-09-13,santander,alaves,sot,Total,7.5,0.6082,OVER
2026-09-03T01:01:28,2026-2027,5,santander vs alaves,2026-09-13,santander,alaves,sot,Total,8.5,0.4741,UNDER
2026-09-03T01:01:28,2026-2027,5,santander vs alaves,2026-09-13,santander,alaves,sot,Total,9.5,0.3482,UNDER
2026-09-03T01:01:28,2026-2027,5,santander vs alaves,2026-09-13,santander,alaves,booking_pts,Total,30.5,0.7423,OVER
2026-09-03T01:01:28,2026-2027,5,santander vs alaves,2026-09-13,santander,alaves,booking_pts,Total,40.5,0.5939,OVER
2026-09-03T01:01:28,2026-2027,5,santander vs alaves,2026-09-13,santander,alaves,booking_pts,Total,50.5,0.4449,UNDER
2026-09-03T09:45:40,2026-2027,1,club brugge vs aston villa,2026-09-08,club brugge,aston villa,1X2,Total,,0.4544,2
2026-09-03T09:45:40,2026-2027,1,club brugge vs aston villa,2026-09-08,club brugge,aston villa,Goles,Total,2.5,0.541,OVER
2026-09-03T09:45:40,2026-2027,1,club brugge vs aston villa,2026-09-08,club brugge,aston villa,ht_ft,Total,,0.269,2/2
2026-09-03T09:45:40,2026-2027,1,club brugge vs aston villa,2026-09-08,club brugge,aston villa,ht_1x2,Total,,0.4078,X
2026-09-03T09:45:40,2026-2027,1,club brugge vs aston villa,2026-09-08,club brugge,aston villa,ht_goles,Total,0.5,0.7139,OVER
2026-09-03T09:45:40,2026-2027,1,club brugge vs aston villa,2026-09-08,club brugge,aston villa,ht_goles,Total,1.5,0.3559,UNDER
2026-09-03T09:45:40,2026-2027,1,club brugge vs aston villa,2026-09-08,club brugge,aston villa,ht_goles,Total,2.5,0.1319,UNDER
2026-09-03T09:45:40,2026-2027,1,club brugge vs aston villa,2026-09-08,club brugge,aston villa,corners,Total,8.5,0.6053,OVER
2026-09-03T09:45:40,2026-2027,1,club brugge vs aston villa,2026-09-08,club brugge,aston villa,corners,Total,9.5,0.4855,UNDER
2026-09-03T09:45:40,2026-2027,1,club brugge vs aston villa,2026-09-08,club brugge,aston villa,corners,Total,10.5,0.3715,UNDER
2026-09-03T09:45:40,2026-2027,1,club brugge vs aston villa,2026-09-08,club brugge,aston villa,yellows,Total,3.5,0.5659,OVER
2026-09-03T09:45:40,2026-2027,1,club brugge vs aston villa,2026-09-08,club brugge,aston villa,yellows,Total,4.5,0.3824,UNDER
2026-09-03T09:45:40,2026-2027,1,club brugge vs aston villa,2026-09-08,club brugge,aston villa,yellows,Total,5.5,0.2335,UNDER
2026-09-03T09:45:40,2026-2027,1,club brugge vs aston villa,2026-09-08,club brugge,aston villa,fouls,Total,21.5,0.6804,OVER
2026-09-03T09:45:40,2026-2027,1,club brugge vs aston villa,2026-09-08,club brugge,aston villa,fouls,Total,23.5,0.5506,OVER
2026-09-03T09:45:40,2026-2027,1,club brugge vs aston villa,2026-09-08,club brugge,aston villa,shots,Total,22.5,0.5953,OVER
2026-09-03T09:45:40,2026-2027,1,club brugge vs aston villa,2026-09-08,club brugge,aston villa,shots,Total,24.5,0.457,UNDER
2026-09-03T09:45:40,2026-2027,1,club brugge vs aston villa,2026-09-08,club brugge,aston villa,sot,Total,7.5,0.6132,OVER
2026-09-03T09:45:40,2026-2027,1,club brugge vs aston villa,2026-09-08,club brugge,aston villa,sot,Total,8.5,0.4869,UNDER
2026-09-03T09:45:40,2026-2027,1,aek athens vs lask,2026-09-08,aek athens,lask,1X2,Total,,0.6957,1
2026-09-03T09:45:40,2026-2027,1,aek athens vs lask,2026-09-08,aek athens,lask,Goles,Total,2.5,0.6129,OVER
2026-09-03T09:45:40,2026-2027,1,aek athens vs lask,2026-09-08,aek athens,lask,ht_ft,Total,,0.4652,1/1
2026-09-03T09:45:40,2026-2027,1,aek athens vs lask,2026-09-08,aek athens,lask,ht_1x2,Total,,0.5128,1
2026-09-03T09:45:40,2026-2027,1,aek athens vs lask,2026-09-08,aek athens,lask,ht_goles,Total,0.5,0.7532,OVER
2026-09-03T09:45:40,2026-2027,1,aek athens vs lask,2026-09-08,aek athens,lask,ht_goles,Total,1.5,0.4079,UNDER
2026-09-03T09:45:40,2026-2027,1,aek athens vs lask,2026-09-08,aek athens,lask,ht_goles,Total,2.5,0.1663,UNDER
2026-09-03T09:45:40,2026-2027,1,aek athens vs lask,2026-09-08,aek athens,lask,corners,Total,8.5,0.6517,OVER
2026-09-03T09:45:40,2026-2027,1,aek athens vs lask,2026-09-08,aek athens,lask,corners,Total,9.5,0.5351,OVER
2026-09-03T09:45:40,2026-2027,1,aek athens vs lask,2026-09-08,aek athens,lask,corners,Total,10.5,0.42,UNDER
2026-09-03T09:45:40,2026-2027,1,aek athens vs lask,2026-09-08,aek athens,lask,yellows,Total,3.5,0.5659,OVER
2026-09-03T09:45:40,2026-2027,1,aek athens vs lask,2026-09-08,aek athens,lask,yellows,Total,4.5,0.3824,UNDER
2026-09-03T09:45:40,2026-2027,1,aek athens vs lask,2026-09-08,aek athens,lask,yellows,Total,5.5,0.2335,UNDER
2026-09-03T09:45:40,2026-2027,1,aek athens vs lask,2026-09-08,aek athens,lask,fouls,Total,21.5,0.6804,OVER
2026-09-03T09:45:40,2026-2027,1,aek athens vs lask,2026-09-08,aek athens,lask,fouls,Total,23.5,0.5506,OVER
2026-09-03T09:45:40,2026-2027,1,aek athens vs lask,2026-09-08,aek athens,lask,shots,Total,22.5,0.6606,OVER
2026-09-03T09:45:40,2026-2027,1,aek athens vs lask,2026-09-08,aek athens,lask,shots,Total,24.5,0.5263,OVER
2026-09-03T09:45:40,2026-2027,1,aek athens vs lask,2026-09-08,aek athens,lask,sot,Total,7.5,0.6669,OVER
2026-09-03T09:45:40,2026-2027,1,aek athens vs lask,2026-09-08,aek athens,lask,sot,Total,8.5,0.545,OVER
2026-09-03T09:45:40,2026-2027,1,real madrid vs inter,2026-09-08,real madrid,inter,1X2,Total,,0.5139,1
2026-09-03T09:45:40,2026-2027,1,real madrid vs inter,2026-09-08,real madrid,inter,Goles,Total,2.5,0.5507,OVER
2026-09-03T09:45:40,2026-2027,1,real madrid vs inter,2026-09-08,real madrid,inter,ht_ft,Total,,0.317,1/1
2026-09-03T09:45:40,2026-2027,1,real madrid vs inter,2026-09-08,real madrid,inter,ht_1x2,Total,,0.3991,X
2026-09-03T09:45:40,2026-2027,1,real madrid vs inter,2026-09-08,real madrid,inter,ht_goles,Total,0.5,0.72,OVER
2026-09-03T09:45:40,2026-2027,1,real madrid vs inter,2026-09-08,real madrid,inter,ht_goles,Total,1.5,0.3636,UNDER
2026-09-03T09:45:40,2026-2027,1,real madrid vs inter,2026-09-08,real madrid,inter,ht_goles,Total,2.5,0.1367,UNDER
2026-09-03T09:45:40,2026-2027,1,real madrid vs inter,2026-09-08,real madrid,inter,corners,Total,8.5,0.6146,OVER
2026-09-03T09:45:40,2026-2027,1,real madrid vs inter,2026-09-08,real madrid,inter,corners,Total,9.5,0.4953,UNDER
2026-09-03T09:45:40,2026-2027,1,real madrid vs inter,2026-09-08,real madrid,inter,corners,Total,10.5,0.381,UNDER
2026-09-03T09:45:40,2026-2027,1,real madrid vs inter,2026-09-08,real madrid,inter,yellows,Total,3.5,0.5659,OVER
2026-09-03T09:45:40,2026-2027,1,real madrid vs inter,2026-09-08,real madrid,inter,yellows,Total,4.5,0.3824,UNDER
2026-09-03T09:45:40,2026-2027,1,real madrid vs inter,2026-09-08,real madrid,inter,yellows,Total,5.5,0.2335,UNDER
2026-09-03T09:45:40,2026-2027,1,real madrid vs inter,2026-09-08,real madrid,inter,fouls,Total,21.5,0.6804,OVER
2026-09-03T09:45:40,2026-2027,1,real madrid vs inter,2026-09-08,real madrid,inter,fouls,Total,23.5,0.5506,OVER
2026-09-03T09:45:40,2026-2027,1,real madrid vs inter,2026-09-08,real madrid,inter,shots,Total,22.5,0.6087,OVER
2026-09-03T09:45:40,2026-2027,1,real madrid vs inter,2026-09-08,real madrid,inter,shots,Total,24.5,0.4708,UNDER
2026-09-03T09:45:40,2026-2027,1,real madrid vs inter,2026-09-08,real madrid,inter,sot,Total,7.5,0.6199,OVER
2026-09-03T09:45:40,2026-2027,1,real madrid vs inter,2026-09-08,real madrid,inter,sot,Total,8.5,0.4941,UNDER
2026-09-03T09:45:40,2026-2027,1,b. dortmund vs villarreal,2026-09-08,b. dortmund,villarreal,1X2,Total,,0.5757,1
2026-09-03T09:45:40,2026-2027,1,b. dortmund vs villarreal,2026-09-08,b. dortmund,villarreal,Goles,Total,2.5,0.5661,OVER
2026-09-03T09:45:40,2026-2027,1,b. dortmund vs villarreal,2026-09-08,b. dortmund,villarreal,ht_ft,Total,,0.3642,1/1
2026-09-03T09:45:40,2026-2027,1,b. dortmund vs villarreal,2026-09-08,b. dortmund,villarreal,ht_1x2,Total,,0.4262,1
2026-09-03T09:45:40,2026-2027,1,b. dortmund vs villarreal,2026-09-08,b. dortmund,villarreal,ht_goles,Total,0.5,0.7284,OVER
2026-09-03T09:45:40,2026-2027,1,b. dortmund vs villarreal,2026-09-08,b. dortmund,villarreal,ht_goles,Total,1.5,0.3744,UNDER
2026-09-03T09:45:40,2026-2027,1,b. dortmund vs villarreal,2026-09-08,b. dortmund,villarreal,ht_goles,Total,2.5,0.1437,UNDER
2026-09-03T09:45:40,2026-2027,1,b. dortmund vs villarreal,2026-09-08,b. dortmund,villarreal,corners,Total,8.5,0.6241,OVER
2026-09-03T09:45:40,2026-2027,1,b. dortmund vs villarreal,2026-09-08,b. dortmund,villarreal,corners,Total,9.5,0.5053,OVER
2026-09-03T09:45:40,2026-2027,1,b. dortmund vs villarreal,2026-09-08,b. dortmund,villarreal,corners,Total,10.5,0.3907,UNDER
2026-09-03T09:45:40,2026-2027,1,b. dortmund vs villarreal,2026-09-08,b. dortmund,villarreal,yellows,Total,3.5,0.5659,OVER
2026-09-03T09:45:40,2026-2027,1,b. dortmund vs villarreal,2026-09-08,b. dortmund,villarreal,yellows,Total,4.5,0.3824,UNDER
2026-09-03T09:45:40,2026-2027,1,b. dortmund vs villarreal,2026-09-08,b. dortmund,villarreal,yellows,Total,5.5,0.2335,UNDER
2026-09-03T09:45:40,2026-2027,1,b. dortmund vs villarreal,2026-09-08,b. dortmund,villarreal,fouls,Total,21.5,0.6804,OVER
2026-09-03T09:45:40,2026-2027,1,b. dortmund vs villarreal,2026-09-08,b. dortmund,villarreal,fouls,Total,23.5,0.5506,OVER
2026-09-03T09:45:40,2026-2027,1,b. dortmund vs villarreal,2026-09-08,b. dortmund,villarreal,shots,Total,22.5,0.6219,OVER
2026-09-03T09:45:40,2026-2027,1,b. dortmund vs villarreal,2026-09-08,b. dortmund,villarreal,shots,Total,24.5,0.4848,UNDER
2026-09-03T09:45:40,2026-2027,1,b. dortmund vs villarreal,2026-09-08,b. dortmund,villarreal,sot,Total,7.5,0.6315,OVER
2026-09-03T09:45:40,2026-2027,1,b. dortmund vs villarreal,2026-09-08,b. dortmund,villarreal,sot,Total,8.5,0.5064,OVER
2026-09-03T09:45:40,2026-2027,1,porto vs man city,2026-09-08,porto,man city,1X2,Total,,0.5003,2
2026-09-03T09:45:40,2026-2027,1,porto vs man city,2026-09-08,porto,man city,Goles,Total,2.5,0.548,OVER
2026-09-03T09:45:40,2026-2027,1,porto vs man city,2026-09-08,porto,man city,ht_ft,Total,,0.3018,2/2
2026-09-03T09:45:40,2026-2027,1,porto vs man city,2026-09-08,porto,man city,ht_1x2,Total,,0.4027,X
2026-09-03T09:45:40,2026-2027,1,porto vs man city,2026-09-08,porto,man city,ht_goles,Total,0.5,0.7175,OVER
2026-09-03T09:45:40,2026-2027,1,porto vs man city,2026-09-08,porto,man city,ht_goles,Total,1.5,0.3604,UNDER
2026-09-03T09:45:40,2026-2027,1,porto vs man city,2026-09-08,porto,man city,ht_goles,Total,2.5,0.1347,UNDER
2026-09-03T09:45:40,2026-2027,1,porto vs man city,2026-09-08,porto,man city,corners,Total,8.5,0.6083,OVER
2026-09-03T09:45:40,2026-2027,1,porto vs man city,2026-09-08,porto,man city,corners,Total,9.5,0.4886,UNDER
2026-09-03T09:45:40,2026-2027,1,porto vs man city,2026-09-08,porto,man city,corners,Total,10.5,0.3745,UNDER
2026-09-03T09:45:40,2026-2027,1,porto vs man city,2026-09-08,porto,man city,yellows,Total,3.5,0.5659,OVER
2026-09-03T09:45:40,2026-2027,1,porto vs man city,2026-09-08,porto,man city,yellows,Total,4.5,0.3824,UNDER
2026-09-03T09:45:40,2026-2027,1,porto vs man city,2026-09-08,porto,man city,yellows,Total,5.5,0.2335,UNDER
2026-09-03T09:45:40,2026-2027,1,porto vs man city,2026-09-08,porto,man city,fouls,Total,21.5,0.6804,OVER
2026-09-03T09:45:40,2026-2027,1,porto vs man city,2026-09-08,porto,man city,fouls,Total,23.5,0.5506,OVER
2026-09-03T09:45:40,2026-2027,1,porto vs man city,2026-09-08,porto,man city,shots,Total,22.5,0.5994,OVER
2026-09-03T09:45:40,2026-2027,1,porto vs man city,2026-09-08,porto,man city,shots,Total,24.5,0.4613,UNDER
2026-09-03T09:45:40,2026-2027,1,porto vs man city,2026-09-08,porto,man city,sot,Total,7.5,0.6187,OVER
2026-09-03T09:45:40,2026-2027,1,porto vs man city,2026-09-08,porto,man city,sot,Total,8.5,0.4928,UNDER
2026-09-03T09:45:40,2026-2027,1,lille vs real betis,2026-09-08,lille,real betis,1X2,Total,,0.4801,1
2026-09-03T09:45:40,2026-2027,1,lille vs real betis,2026-09-08,lille,real betis,Goles,Total,2.5,0.5446,OVER
2026-09-03T09:45:40,2026-2027,1,lille vs real betis,2026-09-08,lille,real betis,ht_ft,Total,,0.2923,1/1
2026-09-03T09:45:40,2026-2027,1,lille vs real betis,2026-09-08,lille,real betis,ht_1x2,Total,,0.4039,X
2026-09-03T09:45:40,2026-2027,1,lille vs real betis,2026-09-08,lille,real betis,ht_goles,Total,0.5,0.7166,OVER
2026-09-03T09:45:40,2026-2027,1,lille vs real betis,2026-09-08,lille,real betis,ht_goles,Total,1.5,0.3593,UNDER
2026-09-03T09:45:40,2026-2027,1,lille vs real betis,2026-09-08,lille,real betis,ht_goles,Total,2.5,0.134,UNDER
2026-09-03T09:45:40,2026-2027,1,lille vs real betis,2026-09-08,lille,real betis,corners,Total,8.5,0.6107,OVER
2026-09-03T09:45:40,2026-2027,1,lille vs real betis,2026-09-08,lille,real betis,corners,Total,9.5,0.4912,UNDER
2026-09-03T09:45:40,2026-2027,1,lille vs real betis,2026-09-08,lille,real betis,corners,Total,10.5,0.377,UNDER
2026-09-03T09:45:40,2026-2027,1,lille vs real betis,2026-09-08,lille,real betis,yellows,Total,3.5,0.5659,OVER
2026-09-03T09:45:40,2026-2027,1,lille vs real betis,2026-09-08,lille,real betis,yellows,Total,4.5,0.3824,UNDER
2026-09-03T09:45:40,2026-2027,1,lille vs real betis,2026-09-08,lille,real betis,yellows,Total,5.5,0.2335,UNDER
2026-09-03T09:45:40,2026-2027,1,lille vs real betis,2026-09-08,lille,real betis,fouls,Total,21.5,0.6804,OVER
2026-09-03T09:45:40,2026-2027,1,lille vs real betis,2026-09-08,lille,real betis,fouls,Total,23.5,0.5506,OVER
2026-09-03T09:45:40,2026-2027,1,lille vs real betis,2026-09-08,lille,real betis,shots,Total,22.5,0.6031,OVER
2026-09-03T09:45:40,2026-2027,1,lille vs real betis,2026-09-08,lille,real betis,shots,Total,24.5,0.4651,UNDER
2026-09-03T09:45:40,2026-2027,1,lille vs real betis,2026-09-08,lille,real betis,sot,Total,7.5,0.6153,OVER
2026-09-03T09:45:40,2026-2027,1,lille vs real betis,2026-09-08,lille,real betis,sot,Total,8.5,0.4892,UNDER
2026-09-03T09:45:40,2026-2027,1,barcelona vs feyenoord,2026-09-09,barcelona,feyenoord,1X2,Total,,0.861,1
2026-09-03T09:45:40,2026-2027,1,barcelona vs feyenoord,2026-09-09,barcelona,feyenoord,Goles,Total,2.5,0.7302,OVER
2026-09-03T09:45:40,2026-2027,1,barcelona vs feyenoord,2026-09-09,barcelona,feyenoord,ht_ft,Total,,0.6403,1/1
2026-09-03T09:45:40,2026-2027,1,barcelona vs feyenoord,2026-09-09,barcelona,feyenoord,ht_1x2,Total,,0.6639,1
2026-09-03T09:45:40,2026-2027,1,barcelona vs feyenoord,2026-09-09,barcelona,feyenoord,ht_goles,Total,0.5,0.8137,OVER
2026-09-03T09:45:40,2026-2027,1,barcelona vs feyenoord,2026-09-09,barcelona,feyenoord,ht_goles,Total,1.5,0.5006,OVER
2026-09-03T09:45:40,2026-2027,1,barcelona vs feyenoord,2026-09-09,barcelona,feyenoord,ht_goles,Total,2.5,0.2376,UNDER
2026-09-03T09:45:40,2026-2027,1,barcelona vs feyenoord,2026-09-09,barcelona,feyenoord,corners,Total,8.5,0.7222,OVER
2026-09-03T09:45:40,2026-2027,1,barcelona vs feyenoord,2026-09-09,barcelona,feyenoord,corners,Total,9.5,0.6141,OVER
2026-09-03T09:45:40,2026-2027,1,barcelona vs feyenoord,2026-09-09,barcelona,feyenoord,corners,Total,10.5,0.5009,OVER
2026-09-03T09:45:40,2026-2027,1,barcelona vs feyenoord,2026-09-09,barcelona,feyenoord,yellows,Total,3.5,0.5659,OVER
2026-09-03T09:45:40,2026-2027,1,barcelona vs feyenoord,2026-09-09,barcelona,feyenoord,yellows,Total,4.5,0.3824,UNDER
2026-09-03T09:45:40,2026-2027,1,barcelona vs feyenoord,2026-09-09,barcelona,feyenoord,yellows,Total,5.5,0.2335,UNDER
2026-09-03T09:45:40,2026-2027,1,barcelona vs feyenoord,2026-09-09,barcelona,feyenoord,fouls,Total,21.5,0.6804,OVER
2026-09-03T09:45:40,2026-2027,1,barcelona vs feyenoord,2026-09-09,barcelona,feyenoord,fouls,Total,23.5,0.5506,OVER
2026-09-03T09:45:40,2026-2027,1,barcelona vs feyenoord,2026-09-09,barcelona,feyenoord,shots,Total,22.5,0.7561,OVER
2026-09-03T09:45:40,2026-2027,1,barcelona vs feyenoord,2026-09-09,barcelona,feyenoord,shots,Total,24.5,0.6359,OVER
2026-09-03T09:45:40,2026-2027,1,barcelona vs feyenoord,2026-09-09,barcelona,feyenoord,sot,Total,7.5,0.7573,OVER
2026-09-03T09:45:40,2026-2027,1,barcelona vs feyenoord,2026-09-09,barcelona,feyenoord,sot,Total,8.5,0.6492,OVER
2026-09-03T09:45:40,2026-2027,1,stuttgart vs viking,2026-09-09,stuttgart,viking,1X2,Total,,0.6246,1
2026-09-03T09:45:40,2026-2027,1,stuttgart vs viking,2026-09-09,stuttgart,viking,Goles,Total,2.5,0.5823,OVER
2026-09-03T09:45:40,2026-2027,1,stuttgart vs viking,2026-09-09,stuttgart,viking,ht_ft,Total,,0.4036,1/1
2026-09-03T09:45:40,2026-2027,1,stuttgart vs viking,2026-09-09,stuttgart,viking,ht_1x2,Total,,0.4601,1
2026-09-03T09:45:40,2026-2027,1,stuttgart vs viking,2026-09-09,stuttgart,viking,ht_goles,Total,0.5,0.7371,OVER
2026-09-03T09:45:40,2026-2027,1,stuttgart vs viking,2026-09-09,stuttgart,viking,ht_goles,Total,1.5,0.3858,UNDER
2026-09-03T09:45:40,2026-2027,1,stuttgart vs viking,2026-09-09,stuttgart,viking,ht_goles,Total,2.5,0.1512,UNDER
2026-09-03T09:45:40,2026-2027,1,stuttgart vs viking,2026-09-09,stuttgart,viking,corners,Total,8.5,0.6337,OVER
2026-09-03T09:45:40,2026-2027,1,stuttgart vs viking,2026-09-09,stuttgart,viking,corners,Total,9.5,0.5156,OVER
2026-09-03T09:45:40,2026-2027,1,stuttgart vs viking,2026-09-09,stuttgart,viking,corners,Total,10.5,0.4008,UNDER
2026-09-03T09:45:40,2026-2027,1,stuttgart vs viking,2026-09-09,stuttgart,viking,yellows,Total,3.5,0.5659,OVER
2026-09-03T09:45:40,2026-2027,1,stuttgart vs viking,2026-09-09,stuttgart,viking,yellows,Total,4.5,0.3824,UNDER
2026-09-03T09:45:40,2026-2027,1,stuttgart vs viking,2026-09-09,stuttgart,viking,yellows,Total,5.5,0.2335,UNDER
2026-09-03T09:45:40,2026-2027,1,stuttgart vs viking,2026-09-09,stuttgart,viking,fouls,Total,21.5,0.6804,OVER
2026-09-03T09:45:40,2026-2027,1,stuttgart vs viking,2026-09-09,stuttgart,viking,fouls,Total,23.5,0.5506,OVER
2026-09-03T09:45:40,2026-2027,1,stuttgart vs viking,2026-09-09,stuttgart,viking,shots,Total,22.5,0.6355,OVER
2026-09-03T09:45:40,2026-2027,1,stuttgart vs viking,2026-09-09,stuttgart,viking,shots,Total,24.5,0.4991,UNDER
2026-09-03T09:45:40,2026-2027,1,stuttgart vs viking,2026-09-09,stuttgart,viking,sot,Total,7.5,0.6437,OVER
2026-09-03T09:45:40,2026-2027,1,stuttgart vs viking,2026-09-09,stuttgart,viking,sot,Total,8.5,0.5196,OVER
2026-09-03T09:45:40,2026-2027,1,paris vs s. bratislava,2026-09-09,paris,s. bratislava,1X2,Total,,0.9723,1
2026-09-03T09:45:40,2026-2027,1,paris vs s. bratislava,2026-09-09,paris,s. bratislava,Goles,Total,2.5,0.8958,OVER
2026-09-03T09:45:40,2026-2027,1,paris vs s. bratislava,2026-09-09,paris,s. bratislava,ht_ft,Total,,0.8353,1/1
2026-09-03T09:45:40,2026-2027,1,paris vs s. bratislava,2026-09-09,paris,s. bratislava,ht_1x2,Total,,0.8402,1
2026-09-03T09:45:40,2026-2027,1,paris vs s. bratislava,2026-09-09,paris,s. bratislava,ht_goles,Total,0.5,0.9038,OVER
2026-09-03T09:45:40,2026-2027,1,paris vs s. bratislava,2026-09-09,paris,s. bratislava,ht_goles,Total,1.5,0.6785,OVER
2026-09-03T09:45:40,2026-2027,1,paris vs s. bratislava,2026-09-09,paris,s. bratislava,ht_goles,Total,2.5,0.4148,UNDER
2026-09-03T09:45:40,2026-2027,1,paris vs s. bratislava,2026-09-09,paris,s. bratislava,corners,Total,8.5,0.84,OVER
2026-09-03T09:45:40,2026-2027,1,paris vs s. bratislava,2026-09-09,paris,s. bratislava,corners,Total,9.5,0.7581,OVER
2026-09-03T09:45:40,2026-2027,1,paris vs s. bratislava,2026-09-09,paris,s. bratislava,corners,Total,10.5,0.6616,OVER
2026-09-03T09:45:40,2026-2027,1,paris vs s. bratislava,2026-09-09,paris,s. bratislava,yellows,Total,3.5,0.5659,OVER
2026-09-03T09:45:40,2026-2027,1,paris vs s. bratislava,2026-09-09,paris,s. bratislava,yellows,Total,4.5,0.3824,UNDER
2026-09-03T09:45:40,2026-2027,1,paris vs s. bratislava,2026-09-09,paris,s. bratislava,yellows,Total,5.5,0.2335,UNDER
2026-09-03T09:45:40,2026-2027,1,paris vs s. bratislava,2026-09-09,paris,s. bratislava,fouls,Total,21.5,0.6804,OVER
2026-09-03T09:45:40,2026-2027,1,paris vs s. bratislava,2026-09-09,paris,s. bratislava,fouls,Total,23.5,0.5506,OVER
2026-09-03T09:45:40,2026-2027,1,paris vs s. bratislava,2026-09-09,paris,s. bratislava,shots,Total,22.5,0.8971,OVER
2026-09-03T09:45:40,2026-2027,1,paris vs s. bratislava,2026-09-09,paris,s. bratislava,shots,Total,24.5,0.8219,OVER
2026-09-03T09:45:40,2026-2027,1,paris vs s. bratislava,2026-09-09,paris,s. bratislava,sot,Total,7.5,0.8935,OVER
2026-09-03T09:45:40,2026-2027,1,paris vs s. bratislava,2026-09-09,paris,s. bratislava,sot,Total,8.5,0.826,OVER
2026-09-03T09:45:40,2026-2027,1,liverpool vs atleti,2026-09-09,liverpool,atleti,1X2,Total,,0.5552,1
2026-09-03T09:45:40,2026-2027,1,liverpool vs atleti,2026-09-09,liverpool,atleti,Goles,Total,2.5,0.5604,OVER
2026-09-03T09:45:40,2026-2027,1,liverpool vs atleti,2026-09-09,liverpool,atleti,ht_ft,Total,,0.3482,1/1
2026-09-03T09:45:40,2026-2027,1,liverpool vs atleti,2026-09-09,liverpool,atleti,ht_1x2,Total,,0.4124,1
2026-09-03T09:45:40,2026-2027,1,liverpool vs atleti,2026-09-09,liverpool,atleti,ht_goles,Total,0.5,0.7253,OVER
2026-09-03T09:45:40,2026-2027,1,liverpool vs atleti,2026-09-09,liverpool,atleti,ht_goles,Total,1.5,0.3704,UNDER
2026-09-03T09:45:40,2026-2027,1,liverpool vs atleti,2026-09-09,liverpool,atleti,ht_goles,Total,2.5,0.1411,UNDER
2026-09-03T09:45:40,2026-2027,1,liverpool vs atleti,2026-09-09,liverpool,atleti,corners,Total,8.5,0.6206,OVER
2026-09-03T09:45:40,2026-2027,1,liverpool vs atleti,2026-09-09,liverpool,atleti,corners,Total,9.5,0.5017,OVER
2026-09-03T09:45:40,2026-2027,1,liverpool vs atleti,2026-09-09,liverpool,atleti,corners,Total,10.5,0.3871,UNDER
2026-09-03T09:45:40,2026-2027,1,liverpool vs atleti,2026-09-09,liverpool,atleti,yellows,Total,3.5,0.5659,OVER
2026-09-03T09:45:40,2026-2027,1,liverpool vs atleti,2026-09-09,liverpool,atleti,yellows,Total,4.5,0.3824,UNDER
2026-09-03T09:45:40,2026-2027,1,liverpool vs atleti,2026-09-09,liverpool,atleti,yellows,Total,5.5,0.2335,UNDER
2026-09-03T09:45:40,2026-2027,1,liverpool vs atleti,2026-09-09,liverpool,atleti,fouls,Total,21.5,0.6804,OVER
2026-09-03T09:45:40,2026-2027,1,liverpool vs atleti,2026-09-09,liverpool,atleti,fouls,Total,23.5,0.5506,OVER
2026-09-03T09:45:40,2026-2027,1,liverpool vs atleti,2026-09-09,liverpool,atleti,shots,Total,22.5,0.6171,OVER
2026-09-03T09:45:40,2026-2027,1,liverpool vs atleti,2026-09-09,liverpool,atleti,shots,Total,24.5,0.4796,UNDER
2026-09-03T09:45:40,2026-2027,1,liverpool vs atleti,2026-09-09,liverpool,atleti,sot,Total,7.5,0.6272,OVER
2026-09-03T09:45:40,2026-2027,1,liverpool vs atleti,2026-09-09,liverpool,atleti,sot,Total,8.5,0.5018,OVER
2026-09-03T09:45:40,2026-2027,1,sporting cp vs galatasaray,2026-09-09,sporting cp,galatasaray,1X2,Total,,0.6676,1
2026-09-03T09:45:40,2026-2027,1,sporting cp vs galatasaray,2026-09-09,sporting cp,galatasaray,Goles,Total,2.5,0.5997,OVER
2026-09-03T09:45:40,2026-2027,1,sporting cp vs galatasaray,2026-09-09,sporting cp,galatasaray,ht_ft,Total,,0.4402,1/1
2026-09-03T09:45:40,2026-2027,1,sporting cp vs galatasaray,2026-09-09,sporting cp,galatasaray,ht_1x2,Total,,0.4914,1
2026-09-03T09:45:40,2026-2027,1,sporting cp vs galatasaray,2026-09-09,sporting cp,galatasaray,ht_goles,Total,0.5,0.7463,OVER
2026-09-03T09:45:40,2026-2027,1,sporting cp vs galatasaray,2026-09-09,sporting cp,galatasaray,ht_goles,Total,1.5,0.3983,UNDER
2026-09-03T09:45:40,2026-2027,1,sporting cp vs galatasaray,2026-09-09,sporting cp,galatasaray,ht_goles,Total,2.5,0.1597,UNDER
2026-09-03T09:45:40,2026-2027,1,sporting cp vs galatasaray,2026-09-09,sporting cp,galatasaray,corners,Total,8.5,0.644,OVER
2026-09-03T09:45:40,2026-2027,1,sporting cp vs galatasaray,2026-09-09,sporting cp,galatasaray,corners,Total,9.5,0.5267,OVER
2026-09-03T09:45:40,2026-2027,1,sporting cp vs galatasaray,2026-09-09,sporting cp,galatasaray,corners,Total,10.5,0.4117,UNDER
2026-09-03T09:45:40,2026-2027,1,sporting cp vs galatasaray,2026-09-09,sporting cp,galatasaray,yellows,Total,3.5,0.5659,OVER
2026-09-03T09:45:40,2026-2027,1,sporting cp vs galatasaray,2026-09-09,sporting cp,galatasaray,yellows,Total,4.5,0.3824,UNDER
2026-09-03T09:45:40,2026-2027,1,sporting cp vs galatasaray,2026-09-09,sporting cp,galatasaray,yellows,Total,5.5,0.2335,UNDER
2026-09-03T09:45:40,2026-2027,1,sporting cp vs galatasaray,2026-09-09,sporting cp,galatasaray,fouls,Total,21.5,0.6804,OVER
2026-09-03T09:45:40,2026-2027,1,sporting cp vs galatasaray,2026-09-09,sporting cp,galatasaray,fouls,Total,23.5,0.5506,OVER
2026-09-03T09:45:40,2026-2027,1,sporting cp vs galatasaray,2026-09-09,sporting cp,galatasaray,shots,Total,22.5,0.6498,OVER
2026-09-03T09:45:40,2026-2027,1,sporting cp vs galatasaray,2026-09-09,sporting cp,galatasaray,shots,Total,24.5,0.5146,OVER
2026-09-03T09:45:40,2026-2027,1,sporting cp vs galatasaray,2026-09-09,sporting cp,galatasaray,sot,Total,7.5,0.6569,OVER
2026-09-03T09:45:40,2026-2027,1,sporting cp vs galatasaray,2026-09-09,sporting cp,galatasaray,sot,Total,8.5,0.534,OVER
2026-09-03T09:45:40,2026-2027,1,napoli vs arsenal,2026-09-09,napoli,arsenal,1X2,Total,,0.6406,2
2026-09-03T09:45:40,2026-2027,1,napoli vs arsenal,2026-09-09,napoli,arsenal,Goles,Total,2.5,0.5884,OVER
2026-09-03T09:45:40,2026-2027,1,napoli vs arsenal,2026-09-09,napoli,arsenal,ht_ft,Total,,0.4113,2/2
2026-09-03T09:45:40,2026-2027,1,napoli vs arsenal,2026-09-09,napoli,arsenal,ht_1x2,Total,,0.4642,2
2026-09-03T09:45:40,2026-2027,1,napoli vs arsenal,2026-09-09,napoli,arsenal,ht_goles,Total,0.5,0.7382,OVER
2026-09-03T09:45:40,2026-2027,1,napoli vs arsenal,2026-09-09,napoli,arsenal,ht_goles,Total,1.5,0.3874,UNDER
2026-09-03T09:45:40,2026-2027,1,napoli vs arsenal,2026-09-09,napoli,arsenal,ht_goles,Total,2.5,0.1523,UNDER
2026-09-03T09:45:40,2026-2027,1,napoli vs arsenal,2026-09-09,napoli,arsenal,corners,Total,8.5,0.6277,OVER
2026-09-03T09:45:40,2026-2027,1,napoli vs arsenal,2026-09-09,napoli,arsenal,corners,Total,9.5,0.5092,OVER
2026-09-03T09:45:40,2026-2027,1,napoli vs arsenal,2026-09-09,napoli,arsenal,corners,Total,10.5,0.3945,UNDER
2026-09-03T09:45:40,2026-2027,1,napoli vs arsenal,2026-09-09,napoli,arsenal,yellows,Total,3.5,0.5659,OVER
2026-09-03T09:45:40,2026-2027,1,napoli vs arsenal,2026-09-09,napoli,arsenal,yellows,Total,4.5,0.3824,UNDER
2026-09-03T09:45:40,2026-2027,1,napoli vs arsenal,2026-09-09,napoli,arsenal,yellows,Total,5.5,0.2335,UNDER
2026-09-03T09:45:40,2026-2027,1,napoli vs arsenal,2026-09-09,napoli,arsenal,fouls,Total,21.5,0.6804,OVER
2026-09-03T09:45:40,2026-2027,1,napoli vs arsenal,2026-09-09,napoli,arsenal,fouls,Total,23.5,0.5506,OVER
2026-09-03T09:45:40,2026-2027,1,napoli vs arsenal,2026-09-09,napoli,arsenal,shots,Total,22.5,0.6266,OVER
2026-09-03T09:45:40,2026-2027,1,napoli vs arsenal,2026-09-09,napoli,arsenal,shots,Total,24.5,0.4896,UNDER
2026-09-03T09:45:40,2026-2027,1,napoli vs arsenal,2026-09-09,napoli,arsenal,sot,Total,7.5,0.65,OVER
2026-09-03T09:45:40,2026-2027,1,napoli vs arsenal,2026-09-09,napoli,arsenal,sot,Total,8.5,0.5264,OVER
2026-09-03T09:45:40,2026-2027,1,psv vs shakhtar,2026-09-10,psv,shakhtar,1X2,Total,,0.6802,1
2026-09-03T09:45:40,2026-2027,1,psv vs shakhtar,2026-09-10,psv,shakhtar,Goles,Total,2.5,0.6054,OVER
2026-09-03T09:45:40,2026-2027,1,psv vs shakhtar,2026-09-10,psv,shakhtar,ht_ft,Total,,0.4513,1/1
2026-09-03T09:45:40,2026-2027,1,psv vs shakhtar,2026-09-10,psv,shakhtar,ht_1x2,Total,,0.5009,1
2026-09-03T09:45:40,2026-2027,1,psv vs shakhtar,2026-09-10,psv,shakhtar,ht_goles,Total,0.5,0.7493,OVER
2026-09-03T09:45:40,2026-2027,1,psv vs shakhtar,2026-09-10,psv,shakhtar,ht_goles,Total,1.5,0.4025,UNDER
2026-09-03T09:45:40,2026-2027,1,psv vs shakhtar,2026-09-10,psv,shakhtar,ht_goles,Total,2.5,0.1625,UNDER
2026-09-03T09:45:40,2026-2027,1,psv vs shakhtar,2026-09-10,psv,shakhtar,corners,Total,8.5,0.6474,OVER
2026-09-03T09:45:40,2026-2027,1,psv vs shakhtar,2026-09-10,psv,shakhtar,corners,Total,9.5,0.5304,OVER
2026-09-03T09:45:40,2026-2027,1,psv vs shakhtar,2026-09-10,psv,shakhtar,corners,Total,10.5,0.4153,UNDER
2026-09-03T09:45:40,2026-2027,1,psv vs shakhtar,2026-09-10,psv,shakhtar,yellows,Total,3.5,0.5659,OVER
2026-09-03T09:45:40,2026-2027,1,psv vs shakhtar,2026-09-10,psv,shakhtar,yellows,Total,4.5,0.3824,UNDER
2026-09-03T09:45:40,2026-2027,1,psv vs shakhtar,2026-09-10,psv,shakhtar,yellows,Total,5.5,0.2335,UNDER
2026-09-03T09:45:40,2026-2027,1,psv vs shakhtar,2026-09-10,psv,shakhtar,fouls,Total,21.5,0.6804,OVER
2026-09-03T09:45:40,2026-2027,1,psv vs shakhtar,2026-09-10,psv,shakhtar,fouls,Total,23.5,0.5506,OVER
2026-09-03T09:45:40,2026-2027,1,psv vs shakhtar,2026-09-10,psv,shakhtar,shots,Total,22.5,0.6545,OVER
2026-09-03T09:45:40,2026-2027,1,psv vs shakhtar,2026-09-10,psv,shakhtar,shots,Total,24.5,0.5197,OVER
2026-09-03T09:45:40,2026-2027,1,psv vs shakhtar,2026-09-10,psv,shakhtar,sot,Total,7.5,0.6613,OVER
2026-09-03T09:45:40,2026-2027,1,psv vs shakhtar,2026-09-10,psv,shakhtar,sot,Total,8.5,0.5388,OVER
2026-09-03T09:45:40,2026-2027,1,fenerbahçe vs roma,2026-09-10,fenerbahçe,roma,1X2,Total,,0.4696,2
2026-09-03T09:45:40,2026-2027,1,fenerbahçe vs roma,2026-09-10,fenerbahçe,roma,Goles,Total,2.5,0.543,OVER
2026-09-03T09:45:40,2026-2027,1,fenerbahçe vs roma,2026-09-10,fenerbahçe,roma,ht_ft,Total,,0.2797,2/2
2026-09-03T09:45:40,2026-2027,1,fenerbahçe vs roma,2026-09-10,fenerbahçe,roma,ht_1x2,Total,,0.4064,X
2026-09-03T09:45:40,2026-2027,1,fenerbahçe vs roma,2026-09-10,fenerbahçe,roma,ht_goles,Total,0.5,0.7149,OVER
2026-09-03T09:45:40,2026-2027,1,fenerbahçe vs roma,2026-09-10,fenerbahçe,roma,ht_goles,Total,1.5,0.3571,UNDER
2026-09-03T09:45:40,2026-2027,1,fenerbahçe vs roma,2026-09-10,fenerbahçe,roma,ht_goles,Total,2.5,0.1326,UNDER
2026-09-03T09:45:40,2026-2027,1,fenerbahçe vs roma,2026-09-10,fenerbahçe,roma,corners,Total,8.5,0.6061,OVER
2026-09-03T09:45:40,2026-2027,1,fenerbahçe vs roma,2026-09-10,fenerbahçe,roma,corners,Total,9.5,0.4863,UNDER
2026-09-03T09:45:40,2026-2027,1,fenerbahçe vs roma,2026-09-10,fenerbahçe,roma,corners,Total,10.5,0.3723,UNDER
2026-09-03T09:45:40,2026-2027,1,fenerbahçe vs roma,2026-09-10,fenerbahçe,roma,yellows,Total,3.5,0.5659,OVER
2026-09-03T09:45:40,2026-2027,1,fenerbahçe vs roma,2026-09-10,fenerbahçe,roma,yellows,Total,4.5,0.3824,UNDER
2026-09-03T09:45:40,2026-2027,1,fenerbahçe vs roma,2026-09-10,fenerbahçe,roma,yellows,Total,5.5,0.2335,UNDER
2026-09-03T09:45:40,2026-2027,1,fenerbahçe vs roma,2026-09-10,fenerbahçe,roma,fouls,Total,21.5,0.6804,OVER
2026-09-03T09:45:40,2026-2027,1,fenerbahçe vs roma,2026-09-10,fenerbahçe,roma,fouls,Total,23.5,0.5506,OVER
2026-09-03T09:45:40,2026-2027,1,fenerbahçe vs roma,2026-09-10,fenerbahçe,roma,shots,Total,22.5,0.5964,OVER
2026-09-03T09:45:40,2026-2027,1,fenerbahçe vs roma,2026-09-10,fenerbahçe,roma,shots,Total,24.5,0.4582,UNDER
2026-09-03T09:45:40,2026-2027,1,fenerbahçe vs roma,2026-09-10,fenerbahçe,roma,sot,Total,7.5,0.6147,OVER
2026-09-03T09:45:40,2026-2027,1,fenerbahçe vs roma,2026-09-10,fenerbahçe,roma,sot,Total,8.5,0.4886,UNDER
2026-09-03T09:45:40,2026-2027,1,bayern münchen vs bodø/glimt,2026-09-10,bayern münchen,bodø/glimt,1X2,Total,,0.8071,1
2026-09-03T09:45:40,2026-2027,1,bayern münchen vs bodø/glimt,2026-09-10,bayern münchen,bodø/glimt,Goles,Total,2.5,0.6825,OVER
2026-09-03T09:45:40,2026-2027,1,bayern münchen vs bodø/glimt,2026-09-10,bayern münchen,bodø/glimt,ht_ft,Total,,0.5761,1/1
2026-09-03T09:45:40,2026-2027,1,bayern münchen vs bodø/glimt,2026-09-10,bayern münchen,bodø/glimt,ht_1x2,Total,,0.608,1
2026-09-03T09:45:40,2026-2027,1,bayern münchen vs bodø/glimt,2026-09-10,bayern münchen,bodø/glimt,ht_goles,Total,0.5,0.7892,OVER
2026-09-03T09:45:40,2026-2027,1,bayern münchen vs bodø/glimt,2026-09-10,bayern münchen,bodø/glimt,ht_goles,Total,1.5,0.461,UNDER
2026-09-03T09:45:40,2026-2027,1,bayern münchen vs bodø/glimt,2026-09-10,bayern münchen,bodø/glimt,ht_goles,Total,2.5,0.2056,UNDER
2026-09-03T09:45:40,2026-2027,1,bayern münchen vs bodø/glimt,2026-09-10,bayern münchen,bodø/glimt,corners,Total,8.5,0.693,OVER
2026-09-03T09:45:40,2026-2027,1,bayern münchen vs bodø/glimt,2026-09-10,bayern münchen,bodø/glimt,corners,Total,9.5,0.5808,OVER
2026-09-03T09:45:40,2026-2027,1,bayern münchen vs bodø/glimt,2026-09-10,bayern münchen,bodø/glimt,corners,Total,10.5,0.4662,UNDER
2026-09-03T09:45:40,2026-2027,1,bayern münchen vs bodø/glimt,2026-09-10,bayern münchen,bodø/glimt,yellows,Total,3.5,0.5659,OVER
2026-09-03T09:45:40,2026-2027,1,bayern münchen vs bodø/glimt,2026-09-10,bayern münchen,bodø/glimt,yellows,Total,4.5,0.3824,UNDER
2026-09-03T09:45:40,2026-2027,1,bayern münchen vs bodø/glimt,2026-09-10,bayern münchen,bodø/glimt,yellows,Total,5.5,0.2335,UNDER
2026-09-03T09:45:40,2026-2027,1,bayern münchen vs bodø/glimt,2026-09-10,bayern münchen,bodø/glimt,fouls,Total,21.5,0.6804,OVER
2026-09-03T09:45:40,2026-2027,1,bayern münchen vs bodø/glimt,2026-09-10,bayern münchen,bodø/glimt,fouls,Total,23.5,0.5506,OVER
2026-09-03T09:45:40,2026-2027,1,bayern münchen vs bodø/glimt,2026-09-10,bayern münchen,bodø/glimt,shots,Total,22.5,0.7172,OVER
2026-09-03T09:45:40,2026-2027,1,bayern münchen vs bodø/glimt,2026-09-10,bayern münchen,bodø/glimt,shots,Total,24.5,0.5899,OVER
2026-09-03T09:45:40,2026-2027,1,bayern münchen vs bodø/glimt,2026-09-10,bayern münchen,bodø/glimt,sot,Total,7.5,0.7202,OVER
2026-09-03T09:45:40,2026-2027,1,bayern münchen vs bodø/glimt,2026-09-10,bayern münchen,bodø/glimt,sot,Total,8.5,0.6054,OVER
2026-09-03T09:45:40,2026-2027,1,man utd vs sabah,2026-09-10,man utd,sabah,1X2,Total,,0.9706,1
2026-09-03T09:45:40,2026-2027,1,man utd vs sabah,2026-09-10,man utd,sabah,Goles,Total,2.5,0.8919,OVER
2026-09-03T09:45:40,2026-2027,1,man utd vs sabah,2026-09-10,man utd,sabah,ht_ft,Total,,0.8307,1/1
2026-09-03T09:45:40,2026-2027,1,man utd vs sabah,2026-09-10,man utd,sabah,ht_1x2,Total,,0.8359,1
2026-09-03T09:45:40,2026-2027,1,man utd vs sabah,2026-09-10,man utd,sabah,ht_goles,Total,0.5,0.9014,OVER
2026-09-03T09:45:40,2026-2027,1,man utd vs sabah,2026-09-10,man utd,sabah,ht_goles,Total,1.5,0.6729,OVER
2026-09-03T09:45:40,2026-2027,1,man utd vs sabah,2026-09-10,man utd,sabah,ht_goles,Total,2.5,0.4083,UNDER
2026-09-03T09:45:40,2026-2027,1,man utd vs sabah,2026-09-10,man utd,sabah,corners,Total,8.5,0.8366,OVER
2026-09-03T09:45:40,2026-2027,1,man utd vs sabah,2026-09-10,man utd,sabah,corners,Total,9.5,0.7537,OVER
2026-09-03T09:45:40,2026-2027,1,man utd vs sabah,2026-09-10,man utd,sabah,corners,Total,10.5,0.6564,OVER
2026-09-03T09:45:40,2026-2027,1,man utd vs sabah,2026-09-10,man utd,sabah,yellows,Total,3.5,0.5659,OVER
2026-09-03T09:45:40,2026-2027,1,man utd vs sabah,2026-09-10,man utd,sabah,yellows,Total,4.5,0.3824,UNDER
2026-09-03T09:45:40,2026-2027,1,man utd vs sabah,2026-09-10,man utd,sabah,yellows,Total,5.5,0.2335,UNDER
2026-09-03T09:45:40,2026-2027,1,man utd vs sabah,2026-09-10,man utd,sabah,fouls,Total,21.5,0.6804,OVER
2026-09-03T09:45:40,2026-2027,1,man utd vs sabah,2026-09-10,man utd,sabah,fouls,Total,23.5,0.5506,OVER
2026-09-03T09:45:40,2026-2027,1,man utd vs sabah,2026-09-10,man utd,sabah,shots,Total,22.5,0.8935,OVER
2026-09-03T09:45:40,2026-2027,1,man utd vs sabah,2026-09-10,man utd,sabah,shots,Total,24.5,0.8167,OVER
2026-09-03T09:45:40,2026-2027,1,man utd vs sabah,2026-09-10,man utd,sabah,sot,Total,7.5,0.8901,OVER
2026-09-03T09:45:40,2026-2027,1,man utd vs sabah,2026-09-10,man utd,sabah,sot,Total,8.5,0.8211,OVER
2026-09-03T09:45:40,2026-2027,1,como vs leipzig,2026-09-10,como,leipzig,1X2,Total,,0.4664,1
2026-09-03T09:45:40,2026-2027,1,como vs leipzig,2026-09-10,como,leipzig,Goles,Total,2.5,0.5425,OVER
2026-09-03T09:45:40,2026-2027,1,como vs leipzig,2026-09-10,como,leipzig,ht_ft,Total,,0.2825,1/1
2026-09-03T09:45:40,2026-2027,1,como vs leipzig,2026-09-10,como,leipzig,ht_1x2,Total,,0.4056,X
2026-09-03T09:45:40,2026-2027,1,como vs leipzig,2026-09-10,como,leipzig,ht_goles,Total,0.5,0.7155,OVER
2026-09-03T09:45:40,2026-2027,1,como vs leipzig,2026-09-10,como,leipzig,ht_goles,Total,1.5,0.3578,UNDER
2026-09-03T09:45:40,2026-2027,1,como vs leipzig,2026-09-10,como,leipzig,ht_goles,Total,2.5,0.1331,UNDER
2026-09-03T09:45:40,2026-2027,1,como vs leipzig,2026-09-10,como,leipzig,corners,Total,8.5,0.6094,OVER
2026-09-03T09:45:40,2026-2027,1,como vs leipzig,2026-09-10,como,leipzig,corners,Total,9.5,0.4898,UNDER
2026-09-03T09:45:40,2026-2027,1,como vs leipzig,2026-09-10,como,leipzig,corners,Total,10.5,0.3757,UNDER
2026-09-03T09:45:40,2026-2027,1,como vs leipzig,2026-09-10,como,leipzig,yellows,Total,3.5,0.5659,OVER
2026-09-03T09:45:40,2026-2027,1,como vs leipzig,2026-09-10,como,leipzig,yellows,Total,4.5,0.3824,UNDER
2026-09-03T09:45:40,2026-2027,1,como vs leipzig,2026-09-10,como,leipzig,yellows,Total,5.5,0.2335,UNDER
2026-09-03T09:45:40,2026-2027,1,como vs leipzig,2026-09-10,como,leipzig,fouls,Total,21.5,0.6804,OVER
2026-09-03T09:45:40,2026-2027,1,como vs leipzig,2026-09-10,como,leipzig,fouls,Total,23.5,0.5506,OVER
2026-09-03T09:45:40,2026-2027,1,como vs leipzig,2026-09-10,como,leipzig,shots,Total,22.5,0.6012,OVER
2026-09-03T09:45:40,2026-2027,1,como vs leipzig,2026-09-10,como,leipzig,shots,Total,24.5,0.4631,UNDER
2026-09-03T09:45:40,2026-2027,1,como vs leipzig,2026-09-10,como,leipzig,sot,Total,7.5,0.6138,OVER
2026-09-03T09:45:40,2026-2027,1,como vs leipzig,2026-09-10,como,leipzig,sot,Total,8.5,0.4876,UNDER
